query_idx,query,search_query,answerable,chunk_id,rrf_rank,rrf_score,rerank_rank,rerank_score,relevant,content
1,What are the main costs that should be included in the holiday budget?,What are the main costs that should be included in the holiday budget?,True,2,1,0.03278688524590164,1,0.8166554570198059,True,"Planning the budget will be important because this holiday combines an international flight, several nights in Orlando, expensive theme park visits, a cruise, excursions, and a major birthday celebration. We should establish the approximate total budget before making too many optional bookings. The main costs will be flights, Orlando accommodation, transport, theme park tickets, cruise fares, food and drinks, excursions, travel insurance, birthday expenses, shopping, and general spending money.

Flights from the UK to Orlando will probably be one of the largest initial expenses. We should compare different airlines and flight times rather than looking only at the cheapest ticket. A cheaper flight that arrives at an inconvenient time could result in needing an additional hotel night or expensive transport. We should also consider baggage allowances because we will need luggage for both the Orlando part of the trip and the cruise. If the airline charges separately for checked bags, that should be included when comparing prices."
1,What are the main costs that should be included in the holiday budget?,What are the main costs that should be included in the holiday budget?,True,27,2,0.03225806451612903,2,0.5911810994148254,True,"The budget should be agreed before we start booking optional activities. The main expenses will include flights, Orlando accommodation, theme park tickets, transport, the cruise itself, food and drinks outside what is included in the cruise fare, excursions, shopping, travel insurance, and spending money. Mum's birthday celebration should have its own budget so that we can decide how much to spend on dinner, cake, decorations, and a present. Everyone should understand which costs are shared and which costs are personal. We should also keep some emergency money available in case transport costs more than expected or plans have to change.

The trip should be enjoyable for everyone, so the itinerary should not be completely packed. We should have a mixture of planned activities and free time. The most important things are spending time together, celebrating Mum's birthday, experiencing Orlando, enjoying the cruise, and making good memories as a family. Before the trip, we should hold a final planning meeting where everyone can review the itinerary, confirm their bookings, discuss what they want to do at each destination, and raise any concerns. A shared digital document or group chat could be used to keep everyone updated. The final itinerary should include all confirmed bookings as well as alternative options in case weather, transport problems, or other circumstances cause plans to change."
1,What are the main costs that should be included in the holiday budget?,What are the main costs that should be included in the holiday budget?,True,4,3,0.031746031746031744,5,0.4227673411369324,False,"Transport needs to be planned for the entire holiday. The first journey will be from the airport to the Orlando hotel. We then need transport to Disney, Universal, restaurants, shopping areas, and eventually the cruise port. A rental car could provide flexibility but would introduce costs for the rental itself, fuel, parking, and insurance. Ride-sharing could be simpler for individual journeys, but multiple long journeys could become expensive. We should compare the estimated total cost of each option.

The cruise price should be broken down carefully. Some food and entertainment will probably be included, while speciality restaurants, premium drinks, certain activities, internet packages, excursions, and other services may cost extra. We should identify which optional costs are likely to apply to our family. A daily spending allowance for the cruise could help prevent unexpected expenses.

Excursions in Mexico and the Bahamas should have their own budget. Before booking, we should compare cruise excursions with independent tours and consider what is included in each price. An excursion advertised at a low price might exclude transportation, food, equipment, or entrance fees. We should calculate the full cost for the entire family before deciding."
1,What are the main costs that should be included in the holiday budget?,What are the main costs that should be included in the holiday budget?,True,3,4,0.030536130536130537,4,0.44536125659942627,False,"Accommodation in Orlando should be chosen based on location, price, facilities, and transport options. Staying closer to the theme parks could reduce travel time but may cost more. A hotel with a swimming pool and breakfast could be useful because it would give everyone somewhere to relax between activities. We should also check parking charges if we decide to rent a car. Resort fees and other additional hotel charges should be included in the final calculation rather than looking only at the advertised nightly rate.

Theme park tickets are another major expense. We need to decide which parks we are actually going to visit before buying tickets. Buying access to more parks than we can realistically visit would waste money. We should compare single-day tickets with multi-day or combination tickets and check whether there are any restrictions on dates. If we want to use express or fast-access options at Universal or similar services at Disney, these costs need to be added to the budget."
1,What are the main costs that should be included in the holiday budget?,What are the main costs that should be included in the holiday budget?,True,5,5,0.015625,3,0.4510127604007721,False,"Mum's birthday should have a separate budget. We could allocate money for a special dinner, birthday cake, decorations, flowers, a present, and potentially a professional photograph. We should decide whether the family will contribute equally or whether some expenses will be shared differently. It would be useful to agree on this before the trip so there are no misunderstandings.

Travel insurance should be purchased for the entire trip rather than only the cruise. The policy should be checked carefully to understand what it covers, including medical expenses, cancellation, delays, lost luggage, and cruise-related issues. Everyone should have access to their insurance details and emergency contact information.

Before leaving the UK, everyone should check their passport. Passports need to meet the relevant entry requirements for the countries visited, and everyone should make sure their personal details match the bookings. We should also check any visa or travel authorisation requirements that apply to British or other passport holders in the group. Copies of important documents should be stored securely online as well as being available offline."
1,What are the main costs that should be included in the holiday budget?,What are the main costs that should be included in the holiday budget?,True,8,6,0.015625,,,False,"The cruise is the central part of the birthday holiday and will provide the main setting for the family celebration. After spending several days in Orlando, we will travel to the cruise port and board the ship. Before leaving Orlando, everyone should make sure they have their cruise documents, passports, medication if required, luggage, and any other important items. We should check the cruise company's boarding instructions carefully because there will be a specific arrival window and security process.

Once on board, everyone should take some time to explore the ship. The ship will probably have several restaurants, swimming pools, lounges, entertainment venues, shops, fitness facilities, and other activities. It would be useful to identify the main areas on the first day so that everyone knows where things are. We should also check the daily activity schedule because there may be events that require advance booking. Some activities will probably be included in the cruise fare, while others may have an additional cost."
1,What are the main costs that should be included in the holiday budget?,What are the main costs that should be included in the holiday budget?,True,9,7,0.015384615384615385,,,False,"Food will be one of the major parts of the cruise experience. There may be a main dining room, buffet, casual restaurants, speciality restaurants, cafes, and room service. We should check which options are included and which cost extra. Since this is a family birthday trip, it would be nice to have at least one special dinner where everyone sits together. We could choose one of the speciality restaurants if the cost is reasonable, or use the main dining room if we want a more traditional cruise experience.

Mum's 60th birthday should receive particular attention. We want to make the day feel different from the other days of the cruise. The first step is finding out whether the cruise company offers birthday packages. These could potentially include a cake, decorations, a special message, flowers, or a celebration arranged by the dining staff. We should contact the cruise company before travelling rather than assuming these services can be organised on the day.

A birthday dinner would probably be the main event. We could arrange for everyone to sit together, order a special meal, and have a birthday cake brought out at the end. It may also be possible to arrange decorations at the table or in Mum's cabin. Another idea is to organise a small surprise where the rest of the family knows the plan but Mum does not. We should be careful not to create an unnecessarily complicated surprise because the cruise schedule may change."
1,What are the main costs that should be included in the holiday budget?,What are the main costs that should be included in the holiday budget?,True,15,8,0.015151515151515152,,,False,"Shopping could also be included in the Bahamas itinerary. Depending on the port, there may be markets and shops selling souvenirs, clothing, jewellery, food, and other items. We should decide in advance whether shopping is a major priority or simply something we will do if there is time. It would be sensible to leave enough room in the budget for souvenirs because family members may want to buy gifts.

We should compare cruise-organised excursions with independent excursions before making a decision. Cruise excursions are often more expensive, but they may provide more structured transport and reassurance about returning to the ship. Independent excursions can provide greater flexibility, but the responsibility for getting back to the ship falls on us. The decision should therefore consider not only price but also the length of the excursion, distance from the port, cancellation policies, and the needs of the family.

Safety and comfort should be considered for every excursion. Everyone should carry the essentials but avoid taking unnecessary valuables ashore. We should have a meeting point near the port in case members of the group become separated. Everyone should also know the ship's name and departure time. It would be useful for everyone to have a copy or screenshot of the day's schedule."
1,What are the main costs that should be included in the holiday budget?,What are the main costs that should be included in the holiday budget?,True,24,9,0.014925373134328358,,,False,"The Orlando portion of the holiday will probably last around three or four days. We want to visit some of the biggest attractions without making the schedule so busy that everyone becomes exhausted before the cruise starts. Walt Disney World is one of the main priorities because Mum has always wanted to experience the Disney parks as part of a family trip. We also want to visit Universal Orlando, particularly because some members of the family are interested in the rides and attractions. We should leave at least one evening relatively free so that everyone can have dinner together and relax. Shopping may also be included, particularly if there are outlet malls close to our hotel. We need to decide whether renting a car is worthwhile or whether using taxis and ride-sharing services will be easier for a group of people."
1,What are the main costs that should be included in the holiday budget?,What are the main costs that should be included in the holiday budget?,True,18,10,0.014705882352941176,,,False,"We plan to spend approximately three or four days in Orlando before boarding the cruise. The exact number of days will depend on flight prices, the cruise departure time, and how much time we want to spend at the theme parks. The main purpose of the Orlando section is to experience some of the city's famous attractions while still allowing everyone enough time to recover from the international flight. We do not want the first day to be overloaded with activities because everyone may be tired after travelling from the UK.

On arrival in Orlando, the first priority will be getting from the airport to the hotel. We need to compare the cost and convenience of a rental car, hotel shuttle, taxi, and ride-sharing services. If we rent a car, we need to consider parking costs at the hotel and theme parks as well as fuel and insurance. If we do not rent a car, we should check how easy it will be to get to the different attractions from our hotel. Ideally, the hotel should be reasonably central for the activities we plan to do and should have good transport options."
2,What expenses should we consider when planning the overall trip budget?,What expenses should we consider when planning the overall trip budget?,True,27,1,0.03252247488101534,2,0.7077487111091614,True,"The budget should be agreed before we start booking optional activities. The main expenses will include flights, Orlando accommodation, theme park tickets, transport, the cruise itself, food and drinks outside what is included in the cruise fare, excursions, shopping, travel insurance, and spending money. Mum's birthday celebration should have its own budget so that we can decide how much to spend on dinner, cake, decorations, and a present. Everyone should understand which costs are shared and which costs are personal. We should also keep some emergency money available in case transport costs more than expected or plans have to change.

The trip should be enjoyable for everyone, so the itinerary should not be completely packed. We should have a mixture of planned activities and free time. The most important things are spending time together, celebrating Mum's birthday, experiencing Orlando, enjoying the cruise, and making good memories as a family. Before the trip, we should hold a final planning meeting where everyone can review the itinerary, confirm their bookings, discuss what they want to do at each destination, and raise any concerns. A shared digital document or group chat could be used to keep everyone updated. The final itinerary should include all confirmed bookings as well as alternative options in case weather, transport problems, or other circumstances cause plans to change."
2,What expenses should we consider when planning the overall trip budget?,What expenses should we consider when planning the overall trip budget?,True,2,2,0.03252247488101534,1,0.7728226184844971,True,"Planning the budget will be important because this holiday combines an international flight, several nights in Orlando, expensive theme park visits, a cruise, excursions, and a major birthday celebration. We should establish the approximate total budget before making too many optional bookings. The main costs will be flights, Orlando accommodation, transport, theme park tickets, cruise fares, food and drinks, excursions, travel insurance, birthday expenses, shopping, and general spending money.

Flights from the UK to Orlando will probably be one of the largest initial expenses. We should compare different airlines and flight times rather than looking only at the cheapest ticket. A cheaper flight that arrives at an inconvenient time could result in needing an additional hotel night or expensive transport. We should also consider baggage allowances because we will need luggage for both the Orlando part of the trip and the cruise. If the airline charges separately for checked bags, that should be included when comparing prices."
2,What expenses should we consider when planning the overall trip budget?,What expenses should we consider when planning the overall trip budget?,True,4,3,0.031746031746031744,5,0.4213380813598633,False,"Transport needs to be planned for the entire holiday. The first journey will be from the airport to the Orlando hotel. We then need transport to Disney, Universal, restaurants, shopping areas, and eventually the cruise port. A rental car could provide flexibility but would introduce costs for the rental itself, fuel, parking, and insurance. Ride-sharing could be simpler for individual journeys, but multiple long journeys could become expensive. We should compare the estimated total cost of each option.

The cruise price should be broken down carefully. Some food and entertainment will probably be included, while speciality restaurants, premium drinks, certain activities, internet packages, excursions, and other services may cost extra. We should identify which optional costs are likely to apply to our family. A daily spending allowance for the cruise could help prevent unexpected expenses.

Excursions in Mexico and the Bahamas should have their own budget. Before booking, we should compare cruise excursions with independent tours and consider what is included in each price. An excursion advertised at a low price might exclude transportation, food, equipment, or entrance fees. We should calculate the full cost for the entire family before deciding."
2,What expenses should we consider when planning the overall trip budget?,What expenses should we consider when planning the overall trip budget?,True,5,4,0.031009615384615385,3,0.6122406721115112,False,"Mum's birthday should have a separate budget. We could allocate money for a special dinner, birthday cake, decorations, flowers, a present, and potentially a professional photograph. We should decide whether the family will contribute equally or whether some expenses will be shared differently. It would be useful to agree on this before the trip so there are no misunderstandings.

Travel insurance should be purchased for the entire trip rather than only the cruise. The policy should be checked carefully to understand what it covers, including medical expenses, cancellation, delays, lost luggage, and cruise-related issues. Everyone should have access to their insurance details and emergency contact information.

Before leaving the UK, everyone should check their passport. Passports need to meet the relevant entry requirements for the countries visited, and everyone should make sure their personal details match the bookings. We should also check any visa or travel authorisation requirements that apply to British or other passport holders in the group. Copies of important documents should be stored securely online as well as being available offline."
2,What expenses should we consider when planning the overall trip budget?,What expenses should we consider when planning the overall trip budget?,True,15,5,0.030536130536130537,,,False,"Shopping could also be included in the Bahamas itinerary. Depending on the port, there may be markets and shops selling souvenirs, clothing, jewellery, food, and other items. We should decide in advance whether shopping is a major priority or simply something we will do if there is time. It would be sensible to leave enough room in the budget for souvenirs because family members may want to buy gifts.

We should compare cruise-organised excursions with independent excursions before making a decision. Cruise excursions are often more expensive, but they may provide more structured transport and reassurance about returning to the ship. Independent excursions can provide greater flexibility, but the responsibility for getting back to the ship falls on us. The decision should therefore consider not only price but also the length of the excursion, distance from the port, cancellation policies, and the needs of the family.

Safety and comfort should be considered for every excursion. Everyone should carry the essentials but avoid taking unnecessary valuables ashore. We should have a meeting point near the port in case members of the group become separated. Everyone should also know the ship's name and departure time. It would be useful for everyone to have a copy or screenshot of the day's schedule."
2,What expenses should we consider when planning the overall trip budget?,What expenses should we consider when planning the overall trip budget?,True,6,6,0.029631255487269532,,,False,"A shared packing checklist should be created several weeks before departure. Important items will include passports, travel documents, phones, chargers, medication, comfortable shoes, swimwear, sun protection, appropriate clothing for the cruise, formal or smart clothing if required for dinner, and any birthday decorations that we decide to bring from home. We should avoid packing too much because there will be opportunities to shop in Orlando and potentially at the cruise destinations.

The final two weeks before the trip should be used for confirmation rather than major planning. Flights, hotels, cruise bookings, excursions, restaurant reservations, theme park tickets, and transport should all be checked. We should confirm the times and locations of any excursions and make sure everyone knows when they need to be ready.

A final family meeting could take place shortly before departure. During the meeting, we can review the full itinerary, confirm who is responsible for each booking, discuss the birthday surprise, and make sure everyone understands the plan. We should also agree on what to do if someone gets separated from the group or if a planned activity is cancelled."
2,What expenses should we consider when planning the overall trip budget?,What expenses should we consider when planning the overall trip budget?,True,3,7,0.015625,4,0.5434696674346924,False,"Accommodation in Orlando should be chosen based on location, price, facilities, and transport options. Staying closer to the theme parks could reduce travel time but may cost more. A hotel with a swimming pool and breakfast could be useful because it would give everyone somewhere to relax between activities. We should also check parking charges if we decide to rent a car. Resort fees and other additional hotel charges should be included in the final calculation rather than looking only at the advertised nightly rate.

Theme park tickets are another major expense. We need to decide which parks we are actually going to visit before buying tickets. Buying access to more parks than we can realistically visit would waste money. We should compare single-day tickets with multi-day or combination tickets and check whether there are any restrictions on dates. If we want to use express or fast-access options at Universal or similar services at Disney, these costs need to be added to the budget."
2,What expenses should we consider when planning the overall trip budget?,What expenses should we consider when planning the overall trip budget?,True,16,8,0.015151515151515152,,,False,"Weather could significantly affect both destinations. If heavy rain or storms are expected, outdoor excursions may need to be cancelled or replaced. We should avoid paying for non-refundable activities too far in advance unless the cancellation terms are reasonable. If a beach day is cancelled, the family can spend more time on the ship or choose a shorter indoor activity near the port.

For each port, we should create a simple plan containing the arrival time, all-aboard time, main activity, meeting point, transport arrangements, expected cost, and backup activity. This will make it easier for everyone to understand what is happening without requiring one person to organise everything on the day.

The overall aim is for the Mexico and Bahamas stops to complement the cruise rather than becoming stressful. Mexico can provide more opportunities for culture, food, and sightseeing, while the Bahamas can focus more on beaches and relaxation. Both destinations should give us plenty of opportunities to take photographs and create memories for Mum's birthday trip."
2,What expenses should we consider when planning the overall trip budget?,What expenses should we consider when planning the overall trip budget?,True,7,9,0.014925373134328358,,,False,"The final itinerary should contain a day-by-day schedule with flights, accommodation, Orlando activities, transport, cruise information, port stops, excursions, birthday plans, and important contact information. However, it should not be so rigid that there is no room for spontaneous activities. The trip is ultimately a family celebration, so there should be plenty of time to relax, take photographs, enjoy meals together, and celebrate Mum's 60th birthday."
2,What expenses should we consider when planning the overall trip budget?,What expenses should we consider when planning the overall trip budget?,True,21,10,0.014705882352941176,,,False,"We should not schedule every minute of the Universal day. Theme parks can become tiring, especially when the weather is hot. The group should take breaks for food and drinks and make sure everyone is comfortable. Mum's birthday is the reason for the trip, so we should make sure the theme park schedule is enjoyable for her rather than focusing entirely on the biggest rides. If some people want to spend several hours on more intense rides, other members of the family could have a more relaxed activity planned at the same time.

Shopping is another possible Orlando activity. There are several large outlet shopping centres where the group could spend a few hours looking for clothes, shoes, gifts, and other items. Shopping should probably be scheduled for an afternoon or evening rather than replacing one of the major attractions. We should also remember that anything bought in Orlando will need to fit into our luggage for the remainder of the trip, particularly because we will have to transport our bags to the cruise.

Food will be an important part of the Orlando experience. We should try a mixture of American restaurants and local or international food rather than eating at the theme parks for every meal. One evening could be used for a nicer family dinner to begin the birthday celebrations. We should research restaurants in advance if we want a particular location or type of food because popular restaurants can become busy."
3,How should we compare the cost of different flights from the UK to Orlando?,How should we compare the cost of different flights from the UK to Orlando?,True,2,1,0.03278688524590164,1,0.8553809523582458,True,"Planning the budget will be important because this holiday combines an international flight, several nights in Orlando, expensive theme park visits, a cruise, excursions, and a major birthday celebration. We should establish the approximate total budget before making too many optional bookings. The main costs will be flights, Orlando accommodation, transport, theme park tickets, cruise fares, food and drinks, excursions, travel insurance, birthday expenses, shopping, and general spending money.

Flights from the UK to Orlando will probably be one of the largest initial expenses. We should compare different airlines and flight times rather than looking only at the cheapest ticket. A cheaper flight that arrives at an inconvenient time could result in needing an additional hotel night or expensive transport. We should also consider baggage allowances because we will need luggage for both the Orlando part of the trip and the cruise. If the airline charges separately for checked bags, that should be included when comparing prices."
3,How should we compare the cost of different flights from the UK to Orlando?,How should we compare the cost of different flights from the UK to Orlando?,True,4,2,0.031754032258064516,4,0.233409583568573,False,"Transport needs to be planned for the entire holiday. The first journey will be from the airport to the Orlando hotel. We then need transport to Disney, Universal, restaurants, shopping areas, and eventually the cruise port. A rental car could provide flexibility but would introduce costs for the rental itself, fuel, parking, and insurance. Ride-sharing could be simpler for individual journeys, but multiple long journeys could become expensive. We should compare the estimated total cost of each option.

The cruise price should be broken down carefully. Some food and entertainment will probably be included, while speciality restaurants, premium drinks, certain activities, internet packages, excursions, and other services may cost extra. We should identify which optional costs are likely to apply to our family. A daily spending allowance for the cruise could help prevent unexpected expenses.

Excursions in Mexico and the Bahamas should have their own budget. Before booking, we should compare cruise excursions with independent tours and consider what is included in each price. An excursion advertised at a low price might exclude transportation, food, equipment, or entrance fees. We should calculate the full cost for the entire family before deciding."
3,How should we compare the cost of different flights from the UK to Orlando?,How should we compare the cost of different flights from the UK to Orlando?,True,18,3,0.031754032258064516,2,0.5948578715324402,False,"We plan to spend approximately three or four days in Orlando before boarding the cruise. The exact number of days will depend on flight prices, the cruise departure time, and how much time we want to spend at the theme parks. The main purpose of the Orlando section is to experience some of the city's famous attractions while still allowing everyone enough time to recover from the international flight. We do not want the first day to be overloaded with activities because everyone may be tired after travelling from the UK.

On arrival in Orlando, the first priority will be getting from the airport to the hotel. We need to compare the cost and convenience of a rental car, hotel shuttle, taxi, and ride-sharing services. If we rent a car, we need to consider parking costs at the hotel and theme parks as well as fuel and insurance. If we do not rent a car, we should check how easy it will be to get to the different attractions from our hotel. Ideally, the hotel should be reasonably central for the activities we plan to do and should have good transport options."
3,How should we compare the cost of different flights from the UK to Orlando?,How should we compare the cost of different flights from the UK to Orlando?,True,3,4,0.030798389007344232,3,0.2479969561100006,False,"Accommodation in Orlando should be chosen based on location, price, facilities, and transport options. Staying closer to the theme parks could reduce travel time but may cost more. A hotel with a swimming pool and breakfast could be useful because it would give everyone somewhere to relax between activities. We should also check parking charges if we decide to rent a car. Resort fees and other additional hotel charges should be included in the final calculation rather than looking only at the advertised nightly rate.

Theme park tickets are another major expense. We need to decide which parks we are actually going to visit before buying tickets. Buying access to more parks than we can realistically visit would waste money. We should compare single-day tickets with multi-day or combination tickets and check whether there are any restrictions on dates. If we want to use express or fast-access options at Universal or similar services at Disney, these costs need to be added to the budget."
3,How should we compare the cost of different flights from the UK to Orlando?,How should we compare the cost of different flights from the UK to Orlando?,True,23,5,0.030798389007344232,5,0.23338337242603302,False,"The main plan is to celebrate Mum’s 60th birthday with a special family holiday combining a few days in Orlando with a Caribbean cruise. The idea is to make the entire trip feel like one large birthday celebration rather than treating the cruise and Orlando as two completely separate holidays. We will fly from the UK to Orlando, spend several days exploring the city and visiting some of the major tourist attractions, and then travel to the cruise port to board the ship. After boarding, we will spend several days enjoying the facilities on the cruise ship and visiting different destinations in Mexico and the Bahamas. Once the cruise is finished, we will return to Orlando or travel directly to the airport depending on the cruise schedule and our flight arrangements."
3,How should we compare the cost of different flights from the UK to Orlando?,How should we compare the cost of different flights from the UK to Orlando?,True,27,6,0.03076923076923077,,,False,"The budget should be agreed before we start booking optional activities. The main expenses will include flights, Orlando accommodation, theme park tickets, transport, the cruise itself, food and drinks outside what is included in the cruise fare, excursions, shopping, travel insurance, and spending money. Mum's birthday celebration should have its own budget so that we can decide how much to spend on dinner, cake, decorations, and a present. Everyone should understand which costs are shared and which costs are personal. We should also keep some emergency money available in case transport costs more than expected or plans have to change.

The trip should be enjoyable for everyone, so the itinerary should not be completely packed. We should have a mixture of planned activities and free time. The most important things are spending time together, celebrating Mum's birthday, experiencing Orlando, enjoying the cruise, and making good memories as a family. Before the trip, we should hold a final planning meeting where everyone can review the itinerary, confirm their bookings, discuss what they want to do at each destination, and raise any concerns. A shared digital document or group chat could be used to keep everyone updated. The final itinerary should include all confirmed bookings as well as alternative options in case weather, transport problems, or other circumstances cause plans to change."
3,How should we compare the cost of different flights from the UK to Orlando?,How should we compare the cost of different flights from the UK to Orlando?,True,22,7,0.02919863597612958,,,False,"At the end of the Orlando stay, we need to travel to the cruise port. The exact port and departure time will determine when we need to leave the hotel. We should build in plenty of extra time because traffic around Orlando and the cruise port could cause delays. If we have rented a car, we need to arrange its return before boarding the ship. If we use a transfer service, the booking should be confirmed a few days beforehand. We should also make sure that all luggage is labelled correctly and that everyone has their cruise documents easily accessible.

The Orlando itinerary should therefore balance major attractions with rest. A possible structure would be arrival and relaxation on the first day, Disney on the second day, Universal on the third day, and shopping or a relaxed activity before travelling to the cruise port. However, this should remain flexible depending on flight times, ticket prices, weather, and how everyone feels. The goal is to arrive at the cruise feeling excited rather than exhausted."
3,How should we compare the cost of different flights from the UK to Orlando?,How should we compare the cost of different flights from the UK to Orlando?,True,24,8,0.015151515151515152,,,False,"The Orlando portion of the holiday will probably last around three or four days. We want to visit some of the biggest attractions without making the schedule so busy that everyone becomes exhausted before the cruise starts. Walt Disney World is one of the main priorities because Mum has always wanted to experience the Disney parks as part of a family trip. We also want to visit Universal Orlando, particularly because some members of the family are interested in the rides and attractions. We should leave at least one evening relatively free so that everyone can have dinner together and relax. Shopping may also be included, particularly if there are outlet malls close to our hotel. We need to decide whether renting a car is worthwhile or whether using taxis and ride-sharing services will be easier for a group of people."
3,How should we compare the cost of different flights from the UK to Orlando?,How should we compare the cost of different flights from the UK to Orlando?,True,26,9,0.015151515151515152,,,False,"The cruise will stop at destinations in Mexico and the Bahamas. We want to have a different type of experience at each destination instead of simply visiting the same type of beach every time. In Mexico, we are interested in local culture, food, sightseeing, and possibly a guided excursion. In the Bahamas, the preference is for a more relaxed beach-focused day, although people may also want to snorkel, swim, shop, or explore the local area. We need to check the exact port times before booking anything because cruise ships have strict departure times. If we book an independent excursion, we need to make sure there is plenty of time to return to the ship.

There are a large number of practical details that need to be organised before the holiday. Flights need to be booked, accommodation in Orlando needs to be confirmed, and transport from the airport to the hotel and then from Orlando to the cruise port needs to be arranged. We also need to confirm the cruise booking, check passport requirements, purchase appropriate travel insurance, and make sure everyone has access to the booking information. It would be useful to create a shared itinerary containing flights, hotel information, cruise details, excursions, restaurant bookings, and important telephone numbers."
3,How should we compare the cost of different flights from the UK to Orlando?,How should we compare the cost of different flights from the UK to Orlando?,True,5,10,0.014705882352941176,,,False,"Mum's birthday should have a separate budget. We could allocate money for a special dinner, birthday cake, decorations, flowers, a present, and potentially a professional photograph. We should decide whether the family will contribute equally or whether some expenses will be shared differently. It would be useful to agree on this before the trip so there are no misunderstandings.

Travel insurance should be purchased for the entire trip rather than only the cruise. The policy should be checked carefully to understand what it covers, including medical expenses, cancellation, delays, lost luggage, and cruise-related issues. Everyone should have access to their insurance details and emergency contact information.

Before leaving the UK, everyone should check their passport. Passports need to meet the relevant entry requirements for the countries visited, and everyone should make sure their personal details match the bookings. We should also check any visa or travel authorisation requirements that apply to British or other passport holders in the group. Copies of important documents should be stored securely online as well as being available offline."
4,What additional hotel costs should be included besides the nightly rate?,What additional hotel costs should be included besides the nightly rate?,True,3,1,0.03278688524590164,1,0.775894045829773,True,"Accommodation in Orlando should be chosen based on location, price, facilities, and transport options. Staying closer to the theme parks could reduce travel time but may cost more. A hotel with a swimming pool and breakfast could be useful because it would give everyone somewhere to relax between activities. We should also check parking charges if we decide to rent a car. Resort fees and other additional hotel charges should be included in the final calculation rather than looking only at the advertised nightly rate.

Theme park tickets are another major expense. We need to decide which parks we are actually going to visit before buying tickets. Buying access to more parks than we can realistically visit would waste money. We should compare single-day tickets with multi-day or combination tickets and check whether there are any restrictions on dates. If we want to use express or fast-access options at Universal or similar services at Disney, these costs need to be added to the budget."
4,What additional hotel costs should be included besides the nightly rate?,What additional hotel costs should be included besides the nightly rate?,True,4,2,0.03200204813108039,4,0.13983067870140076,False,"Transport needs to be planned for the entire holiday. The first journey will be from the airport to the Orlando hotel. We then need transport to Disney, Universal, restaurants, shopping areas, and eventually the cruise port. A rental car could provide flexibility but would introduce costs for the rental itself, fuel, parking, and insurance. Ride-sharing could be simpler for individual journeys, but multiple long journeys could become expensive. We should compare the estimated total cost of each option.

The cruise price should be broken down carefully. Some food and entertainment will probably be included, while speciality restaurants, premium drinks, certain activities, internet packages, excursions, and other services may cost extra. We should identify which optional costs are likely to apply to our family. A daily spending allowance for the cruise could help prevent unexpected expenses.

Excursions in Mexico and the Bahamas should have their own budget. Before booking, we should compare cruise excursions with independent tours and consider what is included in each price. An excursion advertised at a low price might exclude transportation, food, equipment, or entrance fees. We should calculate the full cost for the entire family before deciding."
4,What additional hotel costs should be included besides the nightly rate?,What additional hotel costs should be included besides the nightly rate?,True,2,3,0.03200204813108039,2,0.2900001108646393,False,"Planning the budget will be important because this holiday combines an international flight, several nights in Orlando, expensive theme park visits, a cruise, excursions, and a major birthday celebration. We should establish the approximate total budget before making too many optional bookings. The main costs will be flights, Orlando accommodation, transport, theme park tickets, cruise fares, food and drinks, excursions, travel insurance, birthday expenses, shopping, and general spending money.

Flights from the UK to Orlando will probably be one of the largest initial expenses. We should compare different airlines and flight times rather than looking only at the cheapest ticket. A cheaper flight that arrives at an inconvenient time could result in needing an additional hotel night or expensive transport. We should also consider baggage allowances because we will need luggage for both the Orlando part of the trip and the cruise. If the airline charges separately for checked bags, that should be included when comparing prices."
4,What additional hotel costs should be included besides the nightly rate?,What additional hotel costs should be included besides the nightly rate?,True,27,4,0.031009615384615385,3,0.22867321968078613,False,"The budget should be agreed before we start booking optional activities. The main expenses will include flights, Orlando accommodation, theme park tickets, transport, the cruise itself, food and drinks outside what is included in the cruise fare, excursions, shopping, travel insurance, and spending money. Mum's birthday celebration should have its own budget so that we can decide how much to spend on dinner, cake, decorations, and a present. Everyone should understand which costs are shared and which costs are personal. We should also keep some emergency money available in case transport costs more than expected or plans have to change.

The trip should be enjoyable for everyone, so the itinerary should not be completely packed. We should have a mixture of planned activities and free time. The most important things are spending time together, celebrating Mum's birthday, experiencing Orlando, enjoying the cruise, and making good memories as a family. Before the trip, we should hold a final planning meeting where everyone can review the itinerary, confirm their bookings, discuss what they want to do at each destination, and raise any concerns. A shared digital document or group chat could be used to keep everyone updated. The final itinerary should include all confirmed bookings as well as alternative options in case weather, transport problems, or other circumstances cause plans to change."
4,What additional hotel costs should be included besides the nightly rate?,What additional hotel costs should be included besides the nightly rate?,True,8,5,0.015625,,,False,"The cruise is the central part of the birthday holiday and will provide the main setting for the family celebration. After spending several days in Orlando, we will travel to the cruise port and board the ship. Before leaving Orlando, everyone should make sure they have their cruise documents, passports, medication if required, luggage, and any other important items. We should check the cruise company's boarding instructions carefully because there will be a specific arrival window and security process.

Once on board, everyone should take some time to explore the ship. The ship will probably have several restaurants, swimming pools, lounges, entertainment venues, shops, fitness facilities, and other activities. It would be useful to identify the main areas on the first day so that everyone knows where things are. We should also check the daily activity schedule because there may be events that require advance booking. Some activities will probably be included in the cruise fare, while others may have an additional cost."
4,What additional hotel costs should be included besides the nightly rate?,What additional hotel costs should be included besides the nightly rate?,True,18,6,0.015151515151515152,,,False,"We plan to spend approximately three or four days in Orlando before boarding the cruise. The exact number of days will depend on flight prices, the cruise departure time, and how much time we want to spend at the theme parks. The main purpose of the Orlando section is to experience some of the city's famous attractions while still allowing everyone enough time to recover from the international flight. We do not want the first day to be overloaded with activities because everyone may be tired after travelling from the UK.

On arrival in Orlando, the first priority will be getting from the airport to the hotel. We need to compare the cost and convenience of a rental car, hotel shuttle, taxi, and ride-sharing services. If we rent a car, we need to consider parking costs at the hotel and theme parks as well as fuel and insurance. If we do not rent a car, we should check how easy it will be to get to the different attractions from our hotel. Ideally, the hotel should be reasonably central for the activities we plan to do and should have good transport options."
4,What additional hotel costs should be included besides the nightly rate?,What additional hotel costs should be included besides the nightly rate?,True,9,7,0.014925373134328358,5,0.11429952085018158,False,"Food will be one of the major parts of the cruise experience. There may be a main dining room, buffet, casual restaurants, speciality restaurants, cafes, and room service. We should check which options are included and which cost extra. Since this is a family birthday trip, it would be nice to have at least one special dinner where everyone sits together. We could choose one of the speciality restaurants if the cost is reasonable, or use the main dining room if we want a more traditional cruise experience.

Mum's 60th birthday should receive particular attention. We want to make the day feel different from the other days of the cruise. The first step is finding out whether the cruise company offers birthday packages. These could potentially include a cake, decorations, a special message, flowers, or a celebration arranged by the dining staff. We should contact the cruise company before travelling rather than assuming these services can be organised on the day.

A birthday dinner would probably be the main event. We could arrange for everyone to sit together, order a special meal, and have a birthday cake brought out at the end. It may also be possible to arrange decorations at the table or in Mum's cabin. Another idea is to organise a small surprise where the rest of the family knows the plan but Mum does not. We should be careful not to create an unnecessarily complicated surprise because the cruise schedule may change."
4,What additional hotel costs should be included besides the nightly rate?,What additional hotel costs should be included besides the nightly rate?,True,24,8,0.014705882352941176,,,False,"The Orlando portion of the holiday will probably last around three or four days. We want to visit some of the biggest attractions without making the schedule so busy that everyone becomes exhausted before the cruise starts. Walt Disney World is one of the main priorities because Mum has always wanted to experience the Disney parks as part of a family trip. We also want to visit Universal Orlando, particularly because some members of the family are interested in the rides and attractions. We should leave at least one evening relatively free so that everyone can have dinner together and relax. Shopping may also be included, particularly if there are outlet malls close to our hotel. We need to decide whether renting a car is worthwhile or whether using taxis and ride-sharing services will be easier for a group of people."
4,What additional hotel costs should be included besides the nightly rate?,What additional hotel costs should be included besides the nightly rate?,True,6,9,0.014492753623188406,,,False,"A shared packing checklist should be created several weeks before departure. Important items will include passports, travel documents, phones, chargers, medication, comfortable shoes, swimwear, sun protection, appropriate clothing for the cruise, formal or smart clothing if required for dinner, and any birthday decorations that we decide to bring from home. We should avoid packing too much because there will be opportunities to shop in Orlando and potentially at the cruise destinations.

The final two weeks before the trip should be used for confirmation rather than major planning. Flights, hotels, cruise bookings, excursions, restaurant reservations, theme park tickets, and transport should all be checked. We should confirm the times and locations of any excursions and make sure everyone knows when they need to be ready.

A final family meeting could take place shortly before departure. During the meeting, we can review the full itinerary, confirm who is responsible for each booking, discuss the birthday surprise, and make sure everyone understands the plan. We should also agree on what to do if someone gets separated from the group or if a planned activity is cancelled."
4,What additional hotel costs should be included besides the nightly rate?,What additional hotel costs should be included besides the nightly rate?,True,19,10,0.014285714285714285,,,False,"The first evening should be relatively relaxed. After checking into the hotel, we could have dinner somewhere nearby and spend some time walking around the area or simply relaxing at the hotel. If everyone has enough energy, we could visit a shopping or entertainment area, but this should remain optional. We should avoid staying up too late because the next few days are likely to involve long periods at the theme parks. The first evening would also be a good opportunity to make sure everyone has their tickets, reservations, and transport arrangements ready.

One of the main priorities is visiting Walt Disney World. We need to decide which park we want to visit because there are several different Disney parks and it may not be realistic to visit all of them in one day. Magic Kingdom would provide the most traditional Disney experience, with the castle, classic attractions, and many of the characters and experiences people associate with Disney. EPCOT could be another option for the group because it combines rides with different international areas, restaurants, and cultural experiences. Hollywood Studios and Animal Kingdom are also possibilities, but trying to visit too many parks could make the day exhausting."
5,What extra costs might be charged on the cruise?,What extra costs might be charged on the cruise?,True,4,1,0.03278688524590164,1,0.5820878148078918,True,"Transport needs to be planned for the entire holiday. The first journey will be from the airport to the Orlando hotel. We then need transport to Disney, Universal, restaurants, shopping areas, and eventually the cruise port. A rental car could provide flexibility but would introduce costs for the rental itself, fuel, parking, and insurance. Ride-sharing could be simpler for individual journeys, but multiple long journeys could become expensive. We should compare the estimated total cost of each option.

The cruise price should be broken down carefully. Some food and entertainment will probably be included, while speciality restaurants, premium drinks, certain activities, internet packages, excursions, and other services may cost extra. We should identify which optional costs are likely to apply to our family. A daily spending allowance for the cruise could help prevent unexpected expenses.

Excursions in Mexico and the Bahamas should have their own budget. Before booking, we should compare cruise excursions with independent tours and consider what is included in each price. An excursion advertised at a low price might exclude transportation, food, equipment, or entrance fees. We should calculate the full cost for the entire family before deciding."
5,What extra costs might be charged on the cruise?,What extra costs might be charged on the cruise?,True,27,2,0.031754032258064516,3,0.2922371029853821,True,"The budget should be agreed before we start booking optional activities. The main expenses will include flights, Orlando accommodation, theme park tickets, transport, the cruise itself, food and drinks outside what is included in the cruise fare, excursions, shopping, travel insurance, and spending money. Mum's birthday celebration should have its own budget so that we can decide how much to spend on dinner, cake, decorations, and a present. Everyone should understand which costs are shared and which costs are personal. We should also keep some emergency money available in case transport costs more than expected or plans have to change.

The trip should be enjoyable for everyone, so the itinerary should not be completely packed. We should have a mixture of planned activities and free time. The most important things are spending time together, celebrating Mum's birthday, experiencing Orlando, enjoying the cruise, and making good memories as a family. Before the trip, we should hold a final planning meeting where everyone can review the itinerary, confirm their bookings, discuss what they want to do at each destination, and raise any concerns. A shared digital document or group chat could be used to keep everyone updated. The final itinerary should include all confirmed bookings as well as alternative options in case weather, transport problems, or other circumstances cause plans to change."
5,What extra costs might be charged on the cruise?,What extra costs might be charged on the cruise?,True,2,3,0.031746031746031744,4,0.286469042301178,False,"Planning the budget will be important because this holiday combines an international flight, several nights in Orlando, expensive theme park visits, a cruise, excursions, and a major birthday celebration. We should establish the approximate total budget before making too many optional bookings. The main costs will be flights, Orlando accommodation, transport, theme park tickets, cruise fares, food and drinks, excursions, travel insurance, birthday expenses, shopping, and general spending money.

Flights from the UK to Orlando will probably be one of the largest initial expenses. We should compare different airlines and flight times rather than looking only at the cheapest ticket. A cheaper flight that arrives at an inconvenient time could result in needing an additional hotel night or expensive transport. We should also consider baggage allowances because we will need luggage for both the Orlando part of the trip and the cruise. If the airline charges separately for checked bags, that should be included when comparing prices."
5,What extra costs might be charged on the cruise?,What extra costs might be charged on the cruise?,True,9,4,0.030834914611005692,2,0.4183410108089447,True,"Food will be one of the major parts of the cruise experience. There may be a main dining room, buffet, casual restaurants, speciality restaurants, cafes, and room service. We should check which options are included and which cost extra. Since this is a family birthday trip, it would be nice to have at least one special dinner where everyone sits together. We could choose one of the speciality restaurants if the cost is reasonable, or use the main dining room if we want a more traditional cruise experience.

Mum's 60th birthday should receive particular attention. We want to make the day feel different from the other days of the cruise. The first step is finding out whether the cruise company offers birthday packages. These could potentially include a cake, decorations, a special message, flowers, or a celebration arranged by the dining staff. We should contact the cruise company before travelling rather than assuming these services can be organised on the day.

A birthday dinner would probably be the main event. We could arrange for everyone to sit together, order a special meal, and have a birthday cake brought out at the end. It may also be possible to arrange decorations at the table or in Mum's cabin. Another idea is to organise a small surprise where the rest of the family knows the plan but Mum does not. We should be careful not to create an unnecessarily complicated surprise because the cruise schedule may change."
5,What extra costs might be charged on the cruise?,What extra costs might be charged on the cruise?,True,11,5,0.02964426877470356,,,False,"The cruise stops in Mexico and the Bahamas will provide opportunities to leave the ship and explore the destinations. We need to keep track of the times when the ship is scheduled to arrive and depart. The ship will not wait for passengers who are late returning from an independent excursion, so we should always allow a substantial amount of extra time. For organised cruise excursions, the cruise company should provide instructions about when and where to meet.

We should also keep an eye on the weather. Weather could affect swimming, outdoor activities, and excursions. If the weather is poor, there should still be plenty to do on the ship, including restaurants, shows, indoor activities, and family games. The itinerary should therefore avoid relying too heavily on one particular activity.

The final evening of the cruise could be another opportunity for a family dinner and reflection on the trip. We could look through photographs taken during the holiday and choose some of the best ones to share with the family. Before leaving the ship, everyone should check their cabins carefully and make sure passports, phones, wallets, and other valuables are packed. Luggage arrangements should also be checked because cruise ships often require bags to be left outside the cabin before disembarkation."
5,What extra costs might be charged on the cruise?,What extra costs might be charged on the cruise?,True,5,6,0.015625,5,0.18198931217193604,False,"Mum's birthday should have a separate budget. We could allocate money for a special dinner, birthday cake, decorations, flowers, a present, and potentially a professional photograph. We should decide whether the family will contribute equally or whether some expenses will be shared differently. It would be useful to agree on this before the trip so there are no misunderstandings.

Travel insurance should be purchased for the entire trip rather than only the cruise. The policy should be checked carefully to understand what it covers, including medical expenses, cancellation, delays, lost luggage, and cruise-related issues. Everyone should have access to their insurance details and emergency contact information.

Before leaving the UK, everyone should check their passport. Passports need to meet the relevant entry requirements for the countries visited, and everyone should make sure their personal details match the bookings. We should also check any visa or travel authorisation requirements that apply to British or other passport holders in the group. Copies of important documents should be stored securely online as well as being available offline."
5,What extra costs might be charged on the cruise?,What extra costs might be charged on the cruise?,True,15,7,0.015384615384615385,,,False,"Shopping could also be included in the Bahamas itinerary. Depending on the port, there may be markets and shops selling souvenirs, clothing, jewellery, food, and other items. We should decide in advance whether shopping is a major priority or simply something we will do if there is time. It would be sensible to leave enough room in the budget for souvenirs because family members may want to buy gifts.

We should compare cruise-organised excursions with independent excursions before making a decision. Cruise excursions are often more expensive, but they may provide more structured transport and reassurance about returning to the ship. Independent excursions can provide greater flexibility, but the responsibility for getting back to the ship falls on us. The decision should therefore consider not only price but also the length of the excursion, distance from the port, cancellation policies, and the needs of the family.

Safety and comfort should be considered for every excursion. Everyone should carry the essentials but avoid taking unnecessary valuables ashore. We should have a meeting point near the port in case members of the group become separated. Everyone should also know the ship's name and departure time. It would be useful for everyone to have a copy or screenshot of the day's schedule."
5,What extra costs might be charged on the cruise?,What extra costs might be charged on the cruise?,True,3,8,0.015384615384615385,,,False,"Accommodation in Orlando should be chosen based on location, price, facilities, and transport options. Staying closer to the theme parks could reduce travel time but may cost more. A hotel with a swimming pool and breakfast could be useful because it would give everyone somewhere to relax between activities. We should also check parking charges if we decide to rent a car. Resort fees and other additional hotel charges should be included in the final calculation rather than looking only at the advertised nightly rate.

Theme park tickets are another major expense. We need to decide which parks we are actually going to visit before buying tickets. Buying access to more parks than we can realistically visit would waste money. We should compare single-day tickets with multi-day or combination tickets and check whether there are any restrictions on dates. If we want to use express or fast-access options at Universal or similar services at Disney, these costs need to be added to the budget."
5,What extra costs might be charged on the cruise?,What extra costs might be charged on the cruise?,True,18,9,0.015151515151515152,,,False,"We plan to spend approximately three or four days in Orlando before boarding the cruise. The exact number of days will depend on flight prices, the cruise departure time, and how much time we want to spend at the theme parks. The main purpose of the Orlando section is to experience some of the city's famous attractions while still allowing everyone enough time to recover from the international flight. We do not want the first day to be overloaded with activities because everyone may be tired after travelling from the UK.

On arrival in Orlando, the first priority will be getting from the airport to the hotel. We need to compare the cost and convenience of a rental car, hotel shuttle, taxi, and ride-sharing services. If we rent a car, we need to consider parking costs at the hotel and theme parks as well as fuel and insurance. If we do not rent a car, we should check how easy it will be to get to the different attractions from our hotel. Ideally, the hotel should be reasonably central for the activities we plan to do and should have good transport options."
5,What extra costs might be charged on the cruise?,What extra costs might be charged on the cruise?,True,26,10,0.014925373134328358,,,False,"The cruise will stop at destinations in Mexico and the Bahamas. We want to have a different type of experience at each destination instead of simply visiting the same type of beach every time. In Mexico, we are interested in local culture, food, sightseeing, and possibly a guided excursion. In the Bahamas, the preference is for a more relaxed beach-focused day, although people may also want to snorkel, swim, shop, or explore the local area. We need to check the exact port times before booking anything because cruise ships have strict departure times. If we book an independent excursion, we need to make sure there is plenty of time to return to the ship.

There are a large number of practical details that need to be organised before the holiday. Flights need to be booked, accommodation in Orlando needs to be confirmed, and transport from the airport to the hotel and then from Orlando to the cruise port needs to be arranged. We also need to confirm the cruise booking, check passport requirements, purchase appropriate travel insurance, and make sure everyone has access to the booking information. It would be useful to create a shared itinerary containing flights, hotel information, cruise details, excursions, restaurant bookings, and important telephone numbers."
6,What should we consider when choosing flights to Orlando?,What should we consider when choosing flights to Orlando?,True,2,1,0.03278688524590164,1,0.8698143362998962,True,"Planning the budget will be important because this holiday combines an international flight, several nights in Orlando, expensive theme park visits, a cruise, excursions, and a major birthday celebration. We should establish the approximate total budget before making too many optional bookings. The main costs will be flights, Orlando accommodation, transport, theme park tickets, cruise fares, food and drinks, excursions, travel insurance, birthday expenses, shopping, and general spending money.

Flights from the UK to Orlando will probably be one of the largest initial expenses. We should compare different airlines and flight times rather than looking only at the cheapest ticket. A cheaper flight that arrives at an inconvenient time could result in needing an additional hotel night or expensive transport. We should also consider baggage allowances because we will need luggage for both the Orlando part of the trip and the cruise. If the airline charges separately for checked bags, that should be included when comparing prices."
6,What should we consider when choosing flights to Orlando?,What should we consider when choosing flights to Orlando?,True,18,2,0.03200204813108039,2,0.5985239744186401,False,"We plan to spend approximately three or four days in Orlando before boarding the cruise. The exact number of days will depend on flight prices, the cruise departure time, and how much time we want to spend at the theme parks. The main purpose of the Orlando section is to experience some of the city's famous attractions while still allowing everyone enough time to recover from the international flight. We do not want the first day to be overloaded with activities because everyone may be tired after travelling from the UK.

On arrival in Orlando, the first priority will be getting from the airport to the hotel. We need to compare the cost and convenience of a rental car, hotel shuttle, taxi, and ride-sharing services. If we rent a car, we need to consider parking costs at the hotel and theme parks as well as fuel and insurance. If we do not rent a car, we should check how easy it will be to get to the different attractions from our hotel. Ideally, the hotel should be reasonably central for the activities we plan to do and should have good transport options."
6,What should we consider when choosing flights to Orlando?,What should we consider when choosing flights to Orlando?,True,22,3,0.03128054740957967,,,False,"At the end of the Orlando stay, we need to travel to the cruise port. The exact port and departure time will determine when we need to leave the hotel. We should build in plenty of extra time because traffic around Orlando and the cruise port could cause delays. If we have rented a car, we need to arrange its return before boarding the ship. If we use a transfer service, the booking should be confirmed a few days beforehand. We should also make sure that all luggage is labelled correctly and that everyone has their cruise documents easily accessible.

The Orlando itinerary should therefore balance major attractions with rest. A possible structure would be arrival and relaxation on the first day, Disney on the second day, Universal on the third day, and shopping or a relaxed activity before travelling to the cruise port. However, this should remain flexible depending on flight times, ticket prices, weather, and how everyone feels. The goal is to arrive at the cruise feeling excited rather than exhausted."
6,What should we consider when choosing flights to Orlando?,What should we consider when choosing flights to Orlando?,True,26,4,0.03055037313432836,,,False,"The cruise will stop at destinations in Mexico and the Bahamas. We want to have a different type of experience at each destination instead of simply visiting the same type of beach every time. In Mexico, we are interested in local culture, food, sightseeing, and possibly a guided excursion. In the Bahamas, the preference is for a more relaxed beach-focused day, although people may also want to snorkel, swim, shop, or explore the local area. We need to check the exact port times before booking anything because cruise ships have strict departure times. If we book an independent excursion, we need to make sure there is plenty of time to return to the ship.

There are a large number of practical details that need to be organised before the holiday. Flights need to be booked, accommodation in Orlando needs to be confirmed, and transport from the airport to the hotel and then from Orlando to the cruise port needs to be arranged. We also need to confirm the cruise booking, check passport requirements, purchase appropriate travel insurance, and make sure everyone has access to the booking information. It would be useful to create a shared itinerary containing flights, hotel information, cruise details, excursions, restaurant bookings, and important telephone numbers."
6,What should we consider when choosing flights to Orlando?,What should we consider when choosing flights to Orlando?,True,23,5,0.029877369007803793,,,False,"The main plan is to celebrate Mum’s 60th birthday with a special family holiday combining a few days in Orlando with a Caribbean cruise. The idea is to make the entire trip feel like one large birthday celebration rather than treating the cruise and Orlando as two completely separate holidays. We will fly from the UK to Orlando, spend several days exploring the city and visiting some of the major tourist attractions, and then travel to the cruise port to board the ship. After boarding, we will spend several days enjoying the facilities on the cruise ship and visiting different destinations in Mexico and the Bahamas. Once the cruise is finished, we will return to Orlando or travel directly to the airport depending on the cruise schedule and our flight arrangements."
6,What should we consider when choosing flights to Orlando?,What should we consider when choosing flights to Orlando?,True,7,6,0.02967032967032967,4,0.5444871187210083,False,"The final itinerary should contain a day-by-day schedule with flights, accommodation, Orlando activities, transport, cruise information, port stops, excursions, birthday plans, and important contact information. However, it should not be so rigid that there is no room for spontaneous activities. The trip is ultimately a family celebration, so there should be plenty of time to relax, take photographs, enjoy meals together, and celebrate Mum's 60th birthday."
6,What should we consider when choosing flights to Orlando?,What should we consider when choosing flights to Orlando?,True,27,7,0.029211087420042643,3,0.5717911124229431,False,"The budget should be agreed before we start booking optional activities. The main expenses will include flights, Orlando accommodation, theme park tickets, transport, the cruise itself, food and drinks outside what is included in the cruise fare, excursions, shopping, travel insurance, and spending money. Mum's birthday celebration should have its own budget so that we can decide how much to spend on dinner, cake, decorations, and a present. Everyone should understand which costs are shared and which costs are personal. We should also keep some emergency money available in case transport costs more than expected or plans have to change.

The trip should be enjoyable for everyone, so the itinerary should not be completely packed. We should have a mixture of planned activities and free time. The most important things are spending time together, celebrating Mum's birthday, experiencing Orlando, enjoying the cruise, and making good memories as a family. Before the trip, we should hold a final planning meeting where everyone can review the itinerary, confirm their bookings, discuss what they want to do at each destination, and raise any concerns. A shared digital document or group chat could be used to keep everyone updated. The final itinerary should include all confirmed bookings as well as alternative options in case weather, transport problems, or other circumstances cause plans to change."
6,What should we consider when choosing flights to Orlando?,What should we consider when choosing flights to Orlando?,True,20,8,0.02919863597612958,,,False,"If we visit Disney, we should decide in advance which attractions are priorities. It would be useful to make a short list of must-do rides and experiences rather than attempting to see everything. We should also plan where we want to eat because popular restaurants can require reservations. The group should arrange a meeting point in case people become separated, particularly because theme parks are large and busy. Everyone should carry their phone, but it would still be sensible to establish a clear meeting location and time.

The second major theme park day could be spent at Universal Orlando. Universal is particularly appealing to family members who enjoy rides and film-related attractions. We should look at the different areas of the park and decide whether we need a single-park or multi-park ticket. If the Harry Potter attractions are a priority, we need to consider whether a ticket allowing access to the relevant areas is necessary. We should also check whether an express pass is worthwhile based on expected crowds and the rides we want to experience."
6,What should we consider when choosing flights to Orlando?,What should we consider when choosing flights to Orlando?,True,14,9,0.015873015873015872,,,False,"Food is another priority in Mexico. We would like to try authentic Mexican food rather than spending the entire day eating at tourist restaurants. We could research a few well-reviewed restaurants near the port and identify some dishes that the family would like to try. We should take into account dietary requirements and make sure that everyone knows what ingredients are likely to be included in unfamiliar dishes.

The family should also decide whether they want to spend part of the Mexico day at the beach. A beach could provide an opportunity to relax after several busy days in Orlando and on the ship. However, if we choose a beach excursion, we need to consider transport, changing facilities, food, sun protection, and how long it takes to get back to the ship. We should avoid booking a beach that is so far from the port that there is a significant risk of missing departure.

The Bahamas stop should probably be more relaxed. One of the main ideas is to spend time at a beautiful beach, swim, and enjoy the warm weather. Some people may want to snorkel or participate in another water activity. Others may simply want to sit on the beach, have lunch, and take photographs. We should not make everyone participate in the same activity, particularly if some family members are not comfortable with swimming or water sports."
6,What should we consider when choosing flights to Orlando?,What should we consider when choosing flights to Orlando?,True,3,10,0.015625,5,0.3887346088886261,False,"Accommodation in Orlando should be chosen based on location, price, facilities, and transport options. Staying closer to the theme parks could reduce travel time but may cost more. A hotel with a swimming pool and breakfast could be useful because it would give everyone somewhere to relax between activities. We should also check parking charges if we decide to rent a car. Resort fees and other additional hotel charges should be included in the final calculation rather than looking only at the advertised nightly rate.

Theme park tickets are another major expense. We need to decide which parks we are actually going to visit before buying tickets. Buying access to more parks than we can realistically visit would waste money. We should compare single-day tickets with multi-day or combination tickets and check whether there are any restrictions on dates. If we want to use express or fast-access options at Universal or similar services at Disney, these costs need to be added to the budget."
7,Why should baggage allowances be considered when comparing flights?,Why should baggage allowances be considered when comparing flights?,True,15,1,0.032018442622950824,4,0.08495486527681351,False,"Shopping could also be included in the Bahamas itinerary. Depending on the port, there may be markets and shops selling souvenirs, clothing, jewellery, food, and other items. We should decide in advance whether shopping is a major priority or simply something we will do if there is time. It would be sensible to leave enough room in the budget for souvenirs because family members may want to buy gifts.

We should compare cruise-organised excursions with independent excursions before making a decision. Cruise excursions are often more expensive, but they may provide more structured transport and reassurance about returning to the ship. Independent excursions can provide greater flexibility, but the responsibility for getting back to the ship falls on us. The decision should therefore consider not only price but also the length of the excursion, distance from the port, cancellation policies, and the needs of the family.

Safety and comfort should be considered for every excursion. Everyone should carry the essentials but avoid taking unnecessary valuables ashore. We should have a meeting point near the port in case members of the group become separated. Everyone should also know the ship's name and departure time. It would be useful for everyone to have a copy or screenshot of the day's schedule."
7,Why should baggage allowances be considered when comparing flights?,Why should baggage allowances be considered when comparing flights?,True,2,2,0.032018442622950824,1,0.7978881001472473,True,"Planning the budget will be important because this holiday combines an international flight, several nights in Orlando, expensive theme park visits, a cruise, excursions, and a major birthday celebration. We should establish the approximate total budget before making too many optional bookings. The main costs will be flights, Orlando accommodation, transport, theme park tickets, cruise fares, food and drinks, excursions, travel insurance, birthday expenses, shopping, and general spending money.

Flights from the UK to Orlando will probably be one of the largest initial expenses. We should compare different airlines and flight times rather than looking only at the cheapest ticket. A cheaper flight that arrives at an inconvenient time could result in needing an additional hotel night or expensive transport. We should also consider baggage allowances because we will need luggage for both the Orlando part of the trip and the cruise. If the airline charges separately for checked bags, that should be included when comparing prices."
7,Why should baggage allowances be considered when comparing flights?,Why should baggage allowances be considered when comparing flights?,True,27,3,0.02967032967032967,,,False,"The budget should be agreed before we start booking optional activities. The main expenses will include flights, Orlando accommodation, theme park tickets, transport, the cruise itself, food and drinks outside what is included in the cruise fare, excursions, shopping, travel insurance, and spending money. Mum's birthday celebration should have its own budget so that we can decide how much to spend on dinner, cake, decorations, and a present. Everyone should understand which costs are shared and which costs are personal. We should also keep some emergency money available in case transport costs more than expected or plans have to change.

The trip should be enjoyable for everyone, so the itinerary should not be completely packed. We should have a mixture of planned activities and free time. The most important things are spending time together, celebrating Mum's birthday, experiencing Orlando, enjoying the cruise, and making good memories as a family. Before the trip, we should hold a final planning meeting where everyone can review the itinerary, confirm their bookings, discuss what they want to do at each destination, and raise any concerns. A shared digital document or group chat could be used to keep everyone updated. The final itinerary should include all confirmed bookings as well as alternative options in case weather, transport problems, or other circumstances cause plans to change."
7,Why should baggage allowances be considered when comparing flights?,Why should baggage allowances be considered when comparing flights?,True,5,4,0.016129032258064516,,,False,"Mum's birthday should have a separate budget. We could allocate money for a special dinner, birthday cake, decorations, flowers, a present, and potentially a professional photograph. We should decide whether the family will contribute equally or whether some expenses will be shared differently. It would be useful to agree on this before the trip so there are no misunderstandings.

Travel insurance should be purchased for the entire trip rather than only the cruise. The policy should be checked carefully to understand what it covers, including medical expenses, cancellation, delays, lost luggage, and cruise-related issues. Everyone should have access to their insurance details and emergency contact information.

Before leaving the UK, everyone should check their passport. Passports need to meet the relevant entry requirements for the countries visited, and everyone should make sure their personal details match the bookings. We should also check any visa or travel authorisation requirements that apply to British or other passport holders in the group. Copies of important documents should be stored securely online as well as being available offline."
7,Why should baggage allowances be considered when comparing flights?,Why should baggage allowances be considered when comparing flights?,True,18,5,0.016129032258064516,3,0.08885999023914337,False,"We plan to spend approximately three or four days in Orlando before boarding the cruise. The exact number of days will depend on flight prices, the cruise departure time, and how much time we want to spend at the theme parks. The main purpose of the Orlando section is to experience some of the city's famous attractions while still allowing everyone enough time to recover from the international flight. We do not want the first day to be overloaded with activities because everyone may be tired after travelling from the UK.

On arrival in Orlando, the first priority will be getting from the airport to the hotel. We need to compare the cost and convenience of a rental car, hotel shuttle, taxi, and ride-sharing services. If we rent a car, we need to consider parking costs at the hotel and theme parks as well as fuel and insurance. If we do not rent a car, we should check how easy it will be to get to the different attractions from our hotel. Ideally, the hotel should be reasonably central for the activities we plan to do and should have good transport options."
7,Why should baggage allowances be considered when comparing flights?,Why should baggage allowances be considered when comparing flights?,True,3,6,0.015873015873015872,5,0.08226148784160614,False,"Accommodation in Orlando should be chosen based on location, price, facilities, and transport options. Staying closer to the theme parks could reduce travel time but may cost more. A hotel with a swimming pool and breakfast could be useful because it would give everyone somewhere to relax between activities. We should also check parking charges if we decide to rent a car. Resort fees and other additional hotel charges should be included in the final calculation rather than looking only at the advertised nightly rate.

Theme park tickets are another major expense. We need to decide which parks we are actually going to visit before buying tickets. Buying access to more parks than we can realistically visit would waste money. We should compare single-day tickets with multi-day or combination tickets and check whether there are any restrictions on dates. If we want to use express or fast-access options at Universal or similar services at Disney, these costs need to be added to the budget."
7,Why should baggage allowances be considered when comparing flights?,Why should baggage allowances be considered when comparing flights?,True,4,7,0.015873015873015872,2,0.13245868682861328,False,"Transport needs to be planned for the entire holiday. The first journey will be from the airport to the Orlando hotel. We then need transport to Disney, Universal, restaurants, shopping areas, and eventually the cruise port. A rental car could provide flexibility but would introduce costs for the rental itself, fuel, parking, and insurance. Ride-sharing could be simpler for individual journeys, but multiple long journeys could become expensive. We should compare the estimated total cost of each option.

The cruise price should be broken down carefully. Some food and entertainment will probably be included, while speciality restaurants, premium drinks, certain activities, internet packages, excursions, and other services may cost extra. We should identify which optional costs are likely to apply to our family. A daily spending allowance for the cruise could help prevent unexpected expenses.

Excursions in Mexico and the Bahamas should have their own budget. Before booking, we should compare cruise excursions with independent tours and consider what is included in each price. An excursion advertised at a low price might exclude transportation, food, equipment, or entrance fees. We should calculate the full cost for the entire family before deciding."
7,Why should baggage allowances be considered when comparing flights?,Why should baggage allowances be considered when comparing flights?,True,10,8,0.015384615384615385,,,False,"Photography should also be an important part of the celebration. We should take family photographs throughout the cruise rather than relying entirely on one birthday photo. The ship is likely to have several scenic locations that would make good backgrounds, particularly in the evening. We could also arrange one more formal family photograph on the birthday itself. If the cruise company offers professional photography, we can consider whether the packages represent good value.

There should also be time for everyone to enjoy the cruise independently. Some family members may want to spend time around the swimming pool, while others might prefer the gym, live entertainment, bars, games, or other activities. It would be unrealistic to expect everyone to do everything together for the entire trip. We should identify a few activities that everyone wants to experience together and allow people to choose their own activities at other times.

The evenings could be used for entertainment. The ship may have live music, comedy, theatre shows, dancing, quizzes, and other performances. We should look at the daily schedule each morning and decide whether there are any shows that the whole family wants to attend. Some shows may require reservations, so these should be booked early. If Mum enjoys dancing or live music, one evening could be dedicated to going to one of the ship's entertainment venues together."
7,Why should baggage allowances be considered when comparing flights?,Why should baggage allowances be considered when comparing flights?,True,20,9,0.015151515151515152,,,False,"If we visit Disney, we should decide in advance which attractions are priorities. It would be useful to make a short list of must-do rides and experiences rather than attempting to see everything. We should also plan where we want to eat because popular restaurants can require reservations. The group should arrange a meeting point in case people become separated, particularly because theme parks are large and busy. Everyone should carry their phone, but it would still be sensible to establish a clear meeting location and time.

The second major theme park day could be spent at Universal Orlando. Universal is particularly appealing to family members who enjoy rides and film-related attractions. We should look at the different areas of the park and decide whether we need a single-park or multi-park ticket. If the Harry Potter attractions are a priority, we need to consider whether a ticket allowing access to the relevant areas is necessary. We should also check whether an express pass is worthwhile based on expected crowds and the rides we want to experience."
7,Why should baggage allowances be considered when comparing flights?,Why should baggage allowances be considered when comparing flights?,True,26,10,0.014925373134328358,,,False,"The cruise will stop at destinations in Mexico and the Bahamas. We want to have a different type of experience at each destination instead of simply visiting the same type of beach every time. In Mexico, we are interested in local culture, food, sightseeing, and possibly a guided excursion. In the Bahamas, the preference is for a more relaxed beach-focused day, although people may also want to snorkel, swim, shop, or explore the local area. We need to check the exact port times before booking anything because cruise ships have strict departure times. If we book an independent excursion, we need to make sure there is plenty of time to return to the ship.

There are a large number of practical details that need to be organised before the holiday. Flights need to be booked, accommodation in Orlando needs to be confirmed, and transport from the airport to the hotel and then from Orlando to the cruise port needs to be arranged. We also need to confirm the cruise booking, check passport requirements, purchase appropriate travel insurance, and make sure everyone has access to the booking information. It would be useful to create a shared itinerary containing flights, hotel information, cruise details, excursions, restaurant bookings, and important telephone numbers."
8,What factors should we consider when choosing an Orlando hotel?,What factors should we consider when choosing an Orlando hotel?,True,2,1,0.03225806451612903,2,0.7227819561958313,False,"Planning the budget will be important because this holiday combines an international flight, several nights in Orlando, expensive theme park visits, a cruise, excursions, and a major birthday celebration. We should establish the approximate total budget before making too many optional bookings. The main costs will be flights, Orlando accommodation, transport, theme park tickets, cruise fares, food and drinks, excursions, travel insurance, birthday expenses, shopping, and general spending money.

Flights from the UK to Orlando will probably be one of the largest initial expenses. We should compare different airlines and flight times rather than looking only at the cheapest ticket. A cheaper flight that arrives at an inconvenient time could result in needing an additional hotel night or expensive transport. We should also consider baggage allowances because we will need luggage for both the Orlando part of the trip and the cruise. If the airline charges separately for checked bags, that should be included when comparing prices."
8,What factors should we consider when choosing an Orlando hotel?,What factors should we consider when choosing an Orlando hotel?,True,18,2,0.032018442622950824,3,0.7201916575431824,True,"We plan to spend approximately three or four days in Orlando before boarding the cruise. The exact number of days will depend on flight prices, the cruise departure time, and how much time we want to spend at the theme parks. The main purpose of the Orlando section is to experience some of the city's famous attractions while still allowing everyone enough time to recover from the international flight. We do not want the first day to be overloaded with activities because everyone may be tired after travelling from the UK.

On arrival in Orlando, the first priority will be getting from the airport to the hotel. We need to compare the cost and convenience of a rental car, hotel shuttle, taxi, and ride-sharing services. If we rent a car, we need to consider parking costs at the hotel and theme parks as well as fuel and insurance. If we do not rent a car, we should check how easy it will be to get to the different attractions from our hotel. Ideally, the hotel should be reasonably central for the activities we plan to do and should have good transport options."
8,What factors should we consider when choosing an Orlando hotel?,What factors should we consider when choosing an Orlando hotel?,True,3,3,0.03131881575727918,1,0.8559597730636597,True,"Accommodation in Orlando should be chosen based on location, price, facilities, and transport options. Staying closer to the theme parks could reduce travel time but may cost more. A hotel with a swimming pool and breakfast could be useful because it would give everyone somewhere to relax between activities. We should also check parking charges if we decide to rent a car. Resort fees and other additional hotel charges should be included in the final calculation rather than looking only at the advertised nightly rate.

Theme park tickets are another major expense. We need to decide which parks we are actually going to visit before buying tickets. Buying access to more parks than we can realistically visit would waste money. We should compare single-day tickets with multi-day or combination tickets and check whether there are any restrictions on dates. If we want to use express or fast-access options at Universal or similar services at Disney, these costs need to be added to the budget."
8,What factors should we consider when choosing an Orlando hotel?,What factors should we consider when choosing an Orlando hotel?,True,22,4,0.031024531024531024,,,False,"At the end of the Orlando stay, we need to travel to the cruise port. The exact port and departure time will determine when we need to leave the hotel. We should build in plenty of extra time because traffic around Orlando and the cruise port could cause delays. If we have rented a car, we need to arrange its return before boarding the ship. If we use a transfer service, the booking should be confirmed a few days beforehand. We should also make sure that all luggage is labelled correctly and that everyone has their cruise documents easily accessible.

The Orlando itinerary should therefore balance major attractions with rest. A possible structure would be arrival and relaxation on the first day, Disney on the second day, Universal on the third day, and shopping or a relaxed activity before travelling to the cruise port. However, this should remain flexible depending on flight times, ticket prices, weather, and how everyone feels. The goal is to arrive at the cruise feeling excited rather than exhausted."
8,What factors should we consider when choosing an Orlando hotel?,What factors should we consider when choosing an Orlando hotel?,True,26,5,0.030309988518943745,,,False,"The cruise will stop at destinations in Mexico and the Bahamas. We want to have a different type of experience at each destination instead of simply visiting the same type of beach every time. In Mexico, we are interested in local culture, food, sightseeing, and possibly a guided excursion. In the Bahamas, the preference is for a more relaxed beach-focused day, although people may also want to snorkel, swim, shop, or explore the local area. We need to check the exact port times before booking anything because cruise ships have strict departure times. If we book an independent excursion, we need to make sure there is plenty of time to return to the ship.

There are a large number of practical details that need to be organised before the holiday. Flights need to be booked, accommodation in Orlando needs to be confirmed, and transport from the airport to the hotel and then from Orlando to the cruise port needs to be arranged. We also need to confirm the cruise booking, check passport requirements, purchase appropriate travel insurance, and make sure everyone has access to the booking information. It would be useful to create a shared itinerary containing flights, hotel information, cruise details, excursions, restaurant bookings, and important telephone numbers."
8,What factors should we consider when choosing an Orlando hotel?,What factors should we consider when choosing an Orlando hotel?,True,24,6,0.02919863597612958,5,0.41264909505844116,False,"The Orlando portion of the holiday will probably last around three or four days. We want to visit some of the biggest attractions without making the schedule so busy that everyone becomes exhausted before the cruise starts. Walt Disney World is one of the main priorities because Mum has always wanted to experience the Disney parks as part of a family trip. We also want to visit Universal Orlando, particularly because some members of the family are interested in the rides and attractions. We should leave at least one evening relatively free so that everyone can have dinner together and relax. Shopping may also be included, particularly if there are outlet malls close to our hotel. We need to decide whether renting a car is worthwhile or whether using taxis and ride-sharing services will be easier for a group of people."
8,What factors should we consider when choosing an Orlando hotel?,What factors should we consider when choosing an Orlando hotel?,True,4,7,0.015873015873015872,4,0.525978147983551,False,"Transport needs to be planned for the entire holiday. The first journey will be from the airport to the Orlando hotel. We then need transport to Disney, Universal, restaurants, shopping areas, and eventually the cruise port. A rental car could provide flexibility but would introduce costs for the rental itself, fuel, parking, and insurance. Ride-sharing could be simpler for individual journeys, but multiple long journeys could become expensive. We should compare the estimated total cost of each option.

The cruise price should be broken down carefully. Some food and entertainment will probably be included, while speciality restaurants, premium drinks, certain activities, internet packages, excursions, and other services may cost extra. We should identify which optional costs are likely to apply to our family. A daily spending allowance for the cruise could help prevent unexpected expenses.

Excursions in Mexico and the Bahamas should have their own budget. Before booking, we should compare cruise excursions with independent tours and consider what is included in each price. An excursion advertised at a low price might exclude transportation, food, equipment, or entrance fees. We should calculate the full cost for the entire family before deciding."
8,What factors should we consider when choosing an Orlando hotel?,What factors should we consider when choosing an Orlando hotel?,True,14,8,0.015625,,,False,"Food is another priority in Mexico. We would like to try authentic Mexican food rather than spending the entire day eating at tourist restaurants. We could research a few well-reviewed restaurants near the port and identify some dishes that the family would like to try. We should take into account dietary requirements and make sure that everyone knows what ingredients are likely to be included in unfamiliar dishes.

The family should also decide whether they want to spend part of the Mexico day at the beach. A beach could provide an opportunity to relax after several busy days in Orlando and on the ship. However, if we choose a beach excursion, we need to consider transport, changing facilities, food, sun protection, and how long it takes to get back to the ship. We should avoid booking a beach that is so far from the port that there is a significant risk of missing departure.

The Bahamas stop should probably be more relaxed. One of the main ideas is to spend time at a beautiful beach, swim, and enjoy the warm weather. Some people may want to snorkel or participate in another water activity. Others may simply want to sit on the beach, have lunch, and take photographs. We should not make everyone participate in the same activity, particularly if some family members are not comfortable with swimming or water sports."
8,What factors should we consider when choosing an Orlando hotel?,What factors should we consider when choosing an Orlando hotel?,True,21,9,0.015384615384615385,,,False,"We should not schedule every minute of the Universal day. Theme parks can become tiring, especially when the weather is hot. The group should take breaks for food and drinks and make sure everyone is comfortable. Mum's birthday is the reason for the trip, so we should make sure the theme park schedule is enjoyable for her rather than focusing entirely on the biggest rides. If some people want to spend several hours on more intense rides, other members of the family could have a more relaxed activity planned at the same time.

Shopping is another possible Orlando activity. There are several large outlet shopping centres where the group could spend a few hours looking for clothes, shoes, gifts, and other items. Shopping should probably be scheduled for an afternoon or evening rather than replacing one of the major attractions. We should also remember that anything bought in Orlando will need to fit into our luggage for the remainder of the trip, particularly because we will have to transport our bags to the cruise.

Food will be an important part of the Orlando experience. We should try a mixture of American restaurants and local or international food rather than eating at the theme parks for every meal. One evening could be used for a nicer family dinner to begin the birthday celebrations. We should research restaurants in advance if we want a particular location or type of food because popular restaurants can become busy."
8,What factors should we consider when choosing an Orlando hotel?,What factors should we consider when choosing an Orlando hotel?,True,7,10,0.015151515151515152,,,False,"The final itinerary should contain a day-by-day schedule with flights, accommodation, Orlando activities, transport, cruise information, port stops, excursions, birthday plans, and important contact information. However, it should not be so rigid that there is no room for spontaneous activities. The trip is ultimately a family celebration, so there should be plenty of time to relax, take photographs, enjoy meals together, and celebrate Mum's 60th birthday."
9,Why might staying closer to the theme parks be beneficial?,Why might staying closer to the theme parks be beneficial?,True,3,1,0.03278688524590164,1,0.863311231136322,True,"Accommodation in Orlando should be chosen based on location, price, facilities, and transport options. Staying closer to the theme parks could reduce travel time but may cost more. A hotel with a swimming pool and breakfast could be useful because it would give everyone somewhere to relax between activities. We should also check parking charges if we decide to rent a car. Resort fees and other additional hotel charges should be included in the final calculation rather than looking only at the advertised nightly rate.

Theme park tickets are another major expense. We need to decide which parks we are actually going to visit before buying tickets. Buying access to more parks than we can realistically visit would waste money. We should compare single-day tickets with multi-day or combination tickets and check whether there are any restrictions on dates. If we want to use express or fast-access options at Universal or similar services at Disney, these costs need to be added to the budget."
9,Why might staying closer to the theme parks be beneficial?,Why might staying closer to the theme parks be beneficial?,True,20,2,0.031754032258064516,,,False,"If we visit Disney, we should decide in advance which attractions are priorities. It would be useful to make a short list of must-do rides and experiences rather than attempting to see everything. We should also plan where we want to eat because popular restaurants can require reservations. The group should arrange a meeting point in case people become separated, particularly because theme parks are large and busy. Everyone should carry their phone, but it would still be sensible to establish a clear meeting location and time.

The second major theme park day could be spent at Universal Orlando. Universal is particularly appealing to family members who enjoy rides and film-related attractions. We should look at the different areas of the park and decide whether we need a single-park or multi-park ticket. If the Harry Potter attractions are a priority, we need to consider whether a ticket allowing access to the relevant areas is necessary. We should also check whether an express pass is worthwhile based on expected crowds and the rides we want to experience."
9,Why might staying closer to the theme parks be beneficial?,Why might staying closer to the theme parks be beneficial?,True,19,3,0.031754032258064516,2,0.5065187811851501,False,"The first evening should be relatively relaxed. After checking into the hotel, we could have dinner somewhere nearby and spend some time walking around the area or simply relaxing at the hotel. If everyone has enough energy, we could visit a shopping or entertainment area, but this should remain optional. We should avoid staying up too late because the next few days are likely to involve long periods at the theme parks. The first evening would also be a good opportunity to make sure everyone has their tickets, reservations, and transport arrangements ready.

One of the main priorities is visiting Walt Disney World. We need to decide which park we want to visit because there are several different Disney parks and it may not be realistic to visit all of them in one day. Magic Kingdom would provide the most traditional Disney experience, with the castle, classic attractions, and many of the characters and experiences people associate with Disney. EPCOT could be another option for the group because it combines rides with different international areas, restaurants, and cultural experiences. Hollywood Studios and Animal Kingdom are also possibilities, but trying to visit too many parks could make the day exhausting."
9,Why might staying closer to the theme parks be beneficial?,Why might staying closer to the theme parks be beneficial?,True,21,4,0.031746031746031744,,,False,"We should not schedule every minute of the Universal day. Theme parks can become tiring, especially when the weather is hot. The group should take breaks for food and drinks and make sure everyone is comfortable. Mum's birthday is the reason for the trip, so we should make sure the theme park schedule is enjoyable for her rather than focusing entirely on the biggest rides. If some people want to spend several hours on more intense rides, other members of the family could have a more relaxed activity planned at the same time.

Shopping is another possible Orlando activity. There are several large outlet shopping centres where the group could spend a few hours looking for clothes, shoes, gifts, and other items. Shopping should probably be scheduled for an afternoon or evening rather than replacing one of the major attractions. We should also remember that anything bought in Orlando will need to fit into our luggage for the remainder of the trip, particularly because we will have to transport our bags to the cruise.

Food will be an important part of the Orlando experience. We should try a mixture of American restaurants and local or international food rather than eating at the theme parks for every meal. One evening could be used for a nicer family dinner to begin the birthday celebrations. We should research restaurants in advance if we want a particular location or type of food because popular restaurants can become busy."
9,Why might staying closer to the theme parks be beneficial?,Why might staying closer to the theme parks be beneficial?,True,2,5,0.030303030303030304,,,False,"Planning the budget will be important because this holiday combines an international flight, several nights in Orlando, expensive theme park visits, a cruise, excursions, and a major birthday celebration. We should establish the approximate total budget before making too many optional bookings. The main costs will be flights, Orlando accommodation, transport, theme park tickets, cruise fares, food and drinks, excursions, travel insurance, birthday expenses, shopping, and general spending money.

Flights from the UK to Orlando will probably be one of the largest initial expenses. We should compare different airlines and flight times rather than looking only at the cheapest ticket. A cheaper flight that arrives at an inconvenient time could result in needing an additional hotel night or expensive transport. We should also consider baggage allowances because we will need luggage for both the Orlando part of the trip and the cruise. If the airline charges separately for checked bags, that should be included when comparing prices."
9,Why might staying closer to the theme parks be beneficial?,Why might staying closer to the theme parks be beneficial?,True,18,6,0.030090497737556562,3,0.23033101856708527,False,"We plan to spend approximately three or four days in Orlando before boarding the cruise. The exact number of days will depend on flight prices, the cruise departure time, and how much time we want to spend at the theme parks. The main purpose of the Orlando section is to experience some of the city's famous attractions while still allowing everyone enough time to recover from the international flight. We do not want the first day to be overloaded with activities because everyone may be tired after travelling from the UK.

On arrival in Orlando, the first priority will be getting from the airport to the hotel. We need to compare the cost and convenience of a rental car, hotel shuttle, taxi, and ride-sharing services. If we rent a car, we need to consider parking costs at the hotel and theme parks as well as fuel and insurance. If we do not rent a car, we should check how easy it will be to get to the different attractions from our hotel. Ideally, the hotel should be reasonably central for the activities we plan to do and should have good transport options."
9,Why might staying closer to the theme parks be beneficial?,Why might staying closer to the theme parks be beneficial?,True,27,7,0.02877846790890269,,,False,"The budget should be agreed before we start booking optional activities. The main expenses will include flights, Orlando accommodation, theme park tickets, transport, the cruise itself, food and drinks outside what is included in the cruise fare, excursions, shopping, travel insurance, and spending money. Mum's birthday celebration should have its own budget so that we can decide how much to spend on dinner, cake, decorations, and a present. Everyone should understand which costs are shared and which costs are personal. We should also keep some emergency money available in case transport costs more than expected or plans have to change.

The trip should be enjoyable for everyone, so the itinerary should not be completely packed. We should have a mixture of planned activities and free time. The most important things are spending time together, celebrating Mum's birthday, experiencing Orlando, enjoying the cruise, and making good memories as a family. Before the trip, we should hold a final planning meeting where everyone can review the itinerary, confirm their bookings, discuss what they want to do at each destination, and raise any concerns. A shared digital document or group chat could be used to keep everyone updated. The final itinerary should include all confirmed bookings as well as alternative options in case weather, transport problems, or other circumstances cause plans to change."
9,Why might staying closer to the theme parks be beneficial?,Why might staying closer to the theme parks be beneficial?,True,24,8,0.015384615384615385,5,0.18830938637256622,False,"The Orlando portion of the holiday will probably last around three or four days. We want to visit some of the biggest attractions without making the schedule so busy that everyone becomes exhausted before the cruise starts. Walt Disney World is one of the main priorities because Mum has always wanted to experience the Disney parks as part of a family trip. We also want to visit Universal Orlando, particularly because some members of the family are interested in the rides and attractions. We should leave at least one evening relatively free so that everyone can have dinner together and relax. Shopping may also be included, particularly if there are outlet malls close to our hotel. We need to decide whether renting a car is worthwhile or whether using taxis and ride-sharing services will be easier for a group of people."
9,Why might staying closer to the theme parks be beneficial?,Why might staying closer to the theme parks be beneficial?,True,14,9,0.014925373134328358,,,False,"Food is another priority in Mexico. We would like to try authentic Mexican food rather than spending the entire day eating at tourist restaurants. We could research a few well-reviewed restaurants near the port and identify some dishes that the family would like to try. We should take into account dietary requirements and make sure that everyone knows what ingredients are likely to be included in unfamiliar dishes.

The family should also decide whether they want to spend part of the Mexico day at the beach. A beach could provide an opportunity to relax after several busy days in Orlando and on the ship. However, if we choose a beach excursion, we need to consider transport, changing facilities, food, sun protection, and how long it takes to get back to the ship. We should avoid booking a beach that is so far from the port that there is a significant risk of missing departure.

The Bahamas stop should probably be more relaxed. One of the main ideas is to spend time at a beautiful beach, swim, and enjoy the warm weather. Some people may want to snorkel or participate in another water activity. Others may simply want to sit on the beach, have lunch, and take photographs. We should not make everyone participate in the same activity, particularly if some family members are not comfortable with swimming or water sports."
9,Why might staying closer to the theme parks be beneficial?,Why might staying closer to the theme parks be beneficial?,True,4,10,0.014925373134328358,4,0.1975686252117157,False,"Transport needs to be planned for the entire holiday. The first journey will be from the airport to the Orlando hotel. We then need transport to Disney, Universal, restaurants, shopping areas, and eventually the cruise port. A rental car could provide flexibility but would introduce costs for the rental itself, fuel, parking, and insurance. Ride-sharing could be simpler for individual journeys, but multiple long journeys could become expensive. We should compare the estimated total cost of each option.

The cruise price should be broken down carefully. Some food and entertainment will probably be included, while speciality restaurants, premium drinks, certain activities, internet packages, excursions, and other services may cost extra. We should identify which optional costs are likely to apply to our family. A daily spending allowance for the cruise could help prevent unexpected expenses.

Excursions in Mexico and the Bahamas should have their own budget. Before booking, we should compare cruise excursions with independent tours and consider what is included in each price. An excursion advertised at a low price might exclude transportation, food, equipment, or entrance fees. We should calculate the full cost for the entire family before deciding."
10,What hotel facilities would be useful for the family?,What hotel facilities would be useful for the family?,True,3,1,0.03252247488101534,1,0.3994373381137848,True,"Accommodation in Orlando should be chosen based on location, price, facilities, and transport options. Staying closer to the theme parks could reduce travel time but may cost more. A hotel with a swimming pool and breakfast could be useful because it would give everyone somewhere to relax between activities. We should also check parking charges if we decide to rent a car. Resort fees and other additional hotel charges should be included in the final calculation rather than looking only at the advertised nightly rate.

Theme park tickets are another major expense. We need to decide which parks we are actually going to visit before buying tickets. Buying access to more parks than we can realistically visit would waste money. We should compare single-day tickets with multi-day or combination tickets and check whether there are any restrictions on dates. If we want to use express or fast-access options at Universal or similar services at Disney, these costs need to be added to the budget."
10,What hotel facilities would be useful for the family?,What hotel facilities would be useful for the family?,True,8,2,0.0315136476426799,2,0.29942309856414795,False,"The cruise is the central part of the birthday holiday and will provide the main setting for the family celebration. After spending several days in Orlando, we will travel to the cruise port and board the ship. Before leaving Orlando, everyone should make sure they have their cruise documents, passports, medication if required, luggage, and any other important items. We should check the cruise company's boarding instructions carefully because there will be a specific arrival window and security process.

Once on board, everyone should take some time to explore the ship. The ship will probably have several restaurants, swimming pools, lounges, entertainment venues, shops, fitness facilities, and other activities. It would be useful to identify the main areas on the first day so that everyone knows where things are. We should also check the daily activity schedule because there may be events that require advance booking. Some activities will probably be included in the cruise fare, while others may have an additional cost."
10,What hotel facilities would be useful for the family?,What hotel facilities would be useful for the family?,True,10,3,0.03125,,,False,"Photography should also be an important part of the celebration. We should take family photographs throughout the cruise rather than relying entirely on one birthday photo. The ship is likely to have several scenic locations that would make good backgrounds, particularly in the evening. We could also arrange one more formal family photograph on the birthday itself. If the cruise company offers professional photography, we can consider whether the packages represent good value.

There should also be time for everyone to enjoy the cruise independently. Some family members may want to spend time around the swimming pool, while others might prefer the gym, live entertainment, bars, games, or other activities. It would be unrealistic to expect everyone to do everything together for the entire trip. We should identify a few activities that everyone wants to experience together and allow people to choose their own activities at other times.

The evenings could be used for entertainment. The ship may have live music, comedy, theatre shows, dancing, quizzes, and other performances. We should look at the daily schedule each morning and decide whether there are any shows that the whole family wants to attend. Some shows may require reservations, so these should be booked early. If Mum enjoys dancing or live music, one evening could be dedicated to going to one of the ship's entertainment venues together."
10,What hotel facilities would be useful for the family?,What hotel facilities would be useful for the family?,True,14,4,0.030090497737556562,5,0.1693512499332428,False,"Food is another priority in Mexico. We would like to try authentic Mexican food rather than spending the entire day eating at tourist restaurants. We could research a few well-reviewed restaurants near the port and identify some dishes that the family would like to try. We should take into account dietary requirements and make sure that everyone knows what ingredients are likely to be included in unfamiliar dishes.

The family should also decide whether they want to spend part of the Mexico day at the beach. A beach could provide an opportunity to relax after several busy days in Orlando and on the ship. However, if we choose a beach excursion, we need to consider transport, changing facilities, food, sun protection, and how long it takes to get back to the ship. We should avoid booking a beach that is so far from the port that there is a significant risk of missing departure.

The Bahamas stop should probably be more relaxed. One of the main ideas is to spend time at a beautiful beach, swim, and enjoy the warm weather. Some people may want to snorkel or participate in another water activity. Others may simply want to sit on the beach, have lunch, and take photographs. We should not make everyone participate in the same activity, particularly if some family members are not comfortable with swimming or water sports."
10,What hotel facilities would be useful for the family?,What hotel facilities would be useful for the family?,True,15,5,0.029437229437229435,,,False,"Shopping could also be included in the Bahamas itinerary. Depending on the port, there may be markets and shops selling souvenirs, clothing, jewellery, food, and other items. We should decide in advance whether shopping is a major priority or simply something we will do if there is time. It would be sensible to leave enough room in the budget for souvenirs because family members may want to buy gifts.

We should compare cruise-organised excursions with independent excursions before making a decision. Cruise excursions are often more expensive, but they may provide more structured transport and reassurance about returning to the ship. Independent excursions can provide greater flexibility, but the responsibility for getting back to the ship falls on us. The decision should therefore consider not only price but also the length of the excursion, distance from the port, cancellation policies, and the needs of the family.

Safety and comfort should be considered for every excursion. Everyone should carry the essentials but avoid taking unnecessary valuables ashore. We should have a meeting point near the port in case members of the group become separated. Everyone should also know the ship's name and departure time. It would be useful for everyone to have a copy or screenshot of the day's schedule."
10,What hotel facilities would be useful for the family?,What hotel facilities would be useful for the family?,True,20,6,0.01639344262295082,4,0.1863025724887848,False,"If we visit Disney, we should decide in advance which attractions are priorities. It would be useful to make a short list of must-do rides and experiences rather than attempting to see everything. We should also plan where we want to eat because popular restaurants can require reservations. The group should arrange a meeting point in case people become separated, particularly because theme parks are large and busy. Everyone should carry their phone, but it would still be sensible to establish a clear meeting location and time.

The second major theme park day could be spent at Universal Orlando. Universal is particularly appealing to family members who enjoy rides and film-related attractions. We should look at the different areas of the park and decide whether we need a single-park or multi-park ticket. If the Harry Potter attractions are a priority, we need to consider whether a ticket allowing access to the relevant areas is necessary. We should also check whether an express pass is worthwhile based on expected crowds and the rides we want to experience."
10,What hotel facilities would be useful for the family?,What hotel facilities would be useful for the family?,True,21,7,0.015873015873015872,,,False,"We should not schedule every minute of the Universal day. Theme parks can become tiring, especially when the weather is hot. The group should take breaks for food and drinks and make sure everyone is comfortable. Mum's birthday is the reason for the trip, so we should make sure the theme park schedule is enjoyable for her rather than focusing entirely on the biggest rides. If some people want to spend several hours on more intense rides, other members of the family could have a more relaxed activity planned at the same time.

Shopping is another possible Orlando activity. There are several large outlet shopping centres where the group could spend a few hours looking for clothes, shoes, gifts, and other items. Shopping should probably be scheduled for an afternoon or evening rather than replacing one of the major attractions. We should also remember that anything bought in Orlando will need to fit into our luggage for the remainder of the trip, particularly because we will have to transport our bags to the cruise.

Food will be an important part of the Orlando experience. We should try a mixture of American restaurants and local or international food rather than eating at the theme parks for every meal. One evening could be used for a nicer family dinner to begin the birthday celebrations. We should research restaurants in advance if we want a particular location or type of food because popular restaurants can become busy."
10,What hotel facilities would be useful for the family?,What hotel facilities would be useful for the family?,True,25,8,0.015873015873015872,3,0.24630707502365112,False,"The cruise will be the centrepiece of the holiday. We want to spend plenty of time enjoying the ship rather than treating it simply as transportation between destinations. There should be several restaurants, swimming pools, entertainment venues, bars, live shows, and organised activities available. Some family members may want to spend time by the pool, while others may prefer to attend shows, use the gym, explore the ship, or participate in organised activities. We should look at the cruise schedule before travelling and identify activities that need to be booked in advance. It would also be useful to identify restaurants or experiences that have additional charges so that we can decide what is worth paying for.

Mum's 60th birthday needs to be the main focus of the trip. We want to arrange at least one proper birthday celebration, ideally on the cruise because the ship will provide a memorable setting. A special dinner with the whole family would be one possibility, followed by a birthday cake and drinks. We could also arrange decorations in the cabin or dining area and organise a surprise if the cruise company offers a birthday package. Another possibility would be to arrange a special excursion on or around her birthday, depending on where the ship is located that day. We should find out the exact birthday date in relation to the cruise itinerary before making any reservations."
10,What hotel facilities would be useful for the family?,What hotel facilities would be useful for the family?,True,5,9,0.015151515151515152,,,False,"Mum's birthday should have a separate budget. We could allocate money for a special dinner, birthday cake, decorations, flowers, a present, and potentially a professional photograph. We should decide whether the family will contribute equally or whether some expenses will be shared differently. It would be useful to agree on this before the trip so there are no misunderstandings.

Travel insurance should be purchased for the entire trip rather than only the cruise. The policy should be checked carefully to understand what it covers, including medical expenses, cancellation, delays, lost luggage, and cruise-related issues. Everyone should have access to their insurance details and emergency contact information.

Before leaving the UK, everyone should check their passport. Passports need to meet the relevant entry requirements for the countries visited, and everyone should make sure their personal details match the bookings. We should also check any visa or travel authorisation requirements that apply to British or other passport holders in the group. Copies of important documents should be stored securely online as well as being available offline."
10,What hotel facilities would be useful for the family?,What hotel facilities would be useful for the family?,True,6,10,0.014925373134328358,,,False,"A shared packing checklist should be created several weeks before departure. Important items will include passports, travel documents, phones, chargers, medication, comfortable shoes, swimwear, sun protection, appropriate clothing for the cruise, formal or smart clothing if required for dinner, and any birthday decorations that we decide to bring from home. We should avoid packing too much because there will be opportunities to shop in Orlando and potentially at the cruise destinations.

The final two weeks before the trip should be used for confirmation rather than major planning. Flights, hotels, cruise bookings, excursions, restaurant reservations, theme park tickets, and transport should all be checked. We should confirm the times and locations of any excursions and make sure everyone knows when they need to be ready.

A final family meeting could take place shortly before departure. During the meeting, we can review the full itinerary, confirm who is responsible for each booking, discuss the birthday surprise, and make sure everyone understands the plan. We should also agree on what to do if someone gets separated from the group or if a planned activity is cancelled."
11,Which Disney parks are mentioned in the document?,Which Disney parks are mentioned in the document?,True,19,1,0.03252247488101534,1,0.38678717613220215,True,"The first evening should be relatively relaxed. After checking into the hotel, we could have dinner somewhere nearby and spend some time walking around the area or simply relaxing at the hotel. If everyone has enough energy, we could visit a shopping or entertainment area, but this should remain optional. We should avoid staying up too late because the next few days are likely to involve long periods at the theme parks. The first evening would also be a good opportunity to make sure everyone has their tickets, reservations, and transport arrangements ready.

One of the main priorities is visiting Walt Disney World. We need to decide which park we want to visit because there are several different Disney parks and it may not be realistic to visit all of them in one day. Magic Kingdom would provide the most traditional Disney experience, with the castle, classic attractions, and many of the characters and experiences people associate with Disney. EPCOT could be another option for the group because it combines rides with different international areas, restaurants, and cultural experiences. Hollywood Studios and Animal Kingdom are also possibilities, but trying to visit too many parks could make the day exhausting."
11,Which Disney parks are mentioned in the document?,Which Disney parks are mentioned in the document?,True,20,2,0.032266458495966696,3,0.21544188261032104,False,"If we visit Disney, we should decide in advance which attractions are priorities. It would be useful to make a short list of must-do rides and experiences rather than attempting to see everything. We should also plan where we want to eat because popular restaurants can require reservations. The group should arrange a meeting point in case people become separated, particularly because theme parks are large and busy. Everyone should carry their phone, but it would still be sensible to establish a clear meeting location and time.

The second major theme park day could be spent at Universal Orlando. Universal is particularly appealing to family members who enjoy rides and film-related attractions. We should look at the different areas of the park and decide whether we need a single-park or multi-park ticket. If the Harry Potter attractions are a priority, we need to consider whether a ticket allowing access to the relevant areas is necessary. We should also check whether an express pass is worthwhile based on expected crowds and the rides we want to experience."
11,Which Disney parks are mentioned in the document?,Which Disney parks are mentioned in the document?,True,3,3,0.03200204813108039,4,0.15445280075073242,False,"Accommodation in Orlando should be chosen based on location, price, facilities, and transport options. Staying closer to the theme parks could reduce travel time but may cost more. A hotel with a swimming pool and breakfast could be useful because it would give everyone somewhere to relax between activities. We should also check parking charges if we decide to rent a car. Resort fees and other additional hotel charges should be included in the final calculation rather than looking only at the advertised nightly rate.

Theme park tickets are another major expense. We need to decide which parks we are actually going to visit before buying tickets. Buying access to more parks than we can realistically visit would waste money. We should compare single-day tickets with multi-day or combination tickets and check whether there are any restrictions on dates. If we want to use express or fast-access options at Universal or similar services at Disney, these costs need to be added to the budget."
11,Which Disney parks are mentioned in the document?,Which Disney parks are mentioned in the document?,True,24,4,0.03125,2,0.2625124752521515,False,"The Orlando portion of the holiday will probably last around three or four days. We want to visit some of the biggest attractions without making the schedule so busy that everyone becomes exhausted before the cruise starts. Walt Disney World is one of the main priorities because Mum has always wanted to experience the Disney parks as part of a family trip. We also want to visit Universal Orlando, particularly because some members of the family are interested in the rides and attractions. We should leave at least one evening relatively free so that everyone can have dinner together and relax. Shopping may also be included, particularly if there are outlet malls close to our hotel. We need to decide whether renting a car is worthwhile or whether using taxis and ride-sharing services will be easier for a group of people."
11,Which Disney parks are mentioned in the document?,Which Disney parks are mentioned in the document?,True,27,5,0.030536130536130537,,,False,"The budget should be agreed before we start booking optional activities. The main expenses will include flights, Orlando accommodation, theme park tickets, transport, the cruise itself, food and drinks outside what is included in the cruise fare, excursions, shopping, travel insurance, and spending money. Mum's birthday celebration should have its own budget so that we can decide how much to spend on dinner, cake, decorations, and a present. Everyone should understand which costs are shared and which costs are personal. We should also keep some emergency money available in case transport costs more than expected or plans have to change.

The trip should be enjoyable for everyone, so the itinerary should not be completely packed. We should have a mixture of planned activities and free time. The most important things are spending time together, celebrating Mum's birthday, experiencing Orlando, enjoying the cruise, and making good memories as a family. Before the trip, we should hold a final planning meeting where everyone can review the itinerary, confirm their bookings, discuss what they want to do at each destination, and raise any concerns. A shared digital document or group chat could be used to keep everyone updated. The final itinerary should include all confirmed bookings as well as alternative options in case weather, transport problems, or other circumstances cause plans to change."
11,Which Disney parks are mentioned in the document?,Which Disney parks are mentioned in the document?,True,21,6,0.02967032967032967,,,False,"We should not schedule every minute of the Universal day. Theme parks can become tiring, especially when the weather is hot. The group should take breaks for food and drinks and make sure everyone is comfortable. Mum's birthday is the reason for the trip, so we should make sure the theme park schedule is enjoyable for her rather than focusing entirely on the biggest rides. If some people want to spend several hours on more intense rides, other members of the family could have a more relaxed activity planned at the same time.

Shopping is another possible Orlando activity. There are several large outlet shopping centres where the group could spend a few hours looking for clothes, shoes, gifts, and other items. Shopping should probably be scheduled for an afternoon or evening rather than replacing one of the major attractions. We should also remember that anything bought in Orlando will need to fit into our luggage for the remainder of the trip, particularly because we will have to transport our bags to the cruise.

Food will be an important part of the Orlando experience. We should try a mixture of American restaurants and local or international food rather than eating at the theme parks for every meal. One evening could be used for a nicer family dinner to begin the birthday celebrations. We should research restaurants in advance if we want a particular location or type of food because popular restaurants can become busy."
11,Which Disney parks are mentioned in the document?,Which Disney parks are mentioned in the document?,True,6,7,0.015151515151515152,,,False,"A shared packing checklist should be created several weeks before departure. Important items will include passports, travel documents, phones, chargers, medication, comfortable shoes, swimwear, sun protection, appropriate clothing for the cruise, formal or smart clothing if required for dinner, and any birthday decorations that we decide to bring from home. We should avoid packing too much because there will be opportunities to shop in Orlando and potentially at the cruise destinations.

The final two weeks before the trip should be used for confirmation rather than major planning. Flights, hotels, cruise bookings, excursions, restaurant reservations, theme park tickets, and transport should all be checked. We should confirm the times and locations of any excursions and make sure everyone knows when they need to be ready.

A final family meeting could take place shortly before departure. During the meeting, we can review the full itinerary, confirm who is responsible for each booking, discuss the birthday surprise, and make sure everyone understands the plan. We should also agree on what to do if someone gets separated from the group or if a planned activity is cancelled."
11,Which Disney parks are mentioned in the document?,Which Disney parks are mentioned in the document?,True,7,8,0.014925373134328358,,,False,"The final itinerary should contain a day-by-day schedule with flights, accommodation, Orlando activities, transport, cruise information, port stops, excursions, birthday plans, and important contact information. However, it should not be so rigid that there is no room for spontaneous activities. The trip is ultimately a family celebration, so there should be plenty of time to relax, take photographs, enjoy meals together, and celebrate Mum's 60th birthday."
11,Which Disney parks are mentioned in the document?,Which Disney parks are mentioned in the document?,True,22,9,0.014925373134328358,5,0.15126614272594452,False,"At the end of the Orlando stay, we need to travel to the cruise port. The exact port and departure time will determine when we need to leave the hotel. We should build in plenty of extra time because traffic around Orlando and the cruise port could cause delays. If we have rented a car, we need to arrange its return before boarding the ship. If we use a transfer service, the booking should be confirmed a few days beforehand. We should also make sure that all luggage is labelled correctly and that everyone has their cruise documents easily accessible.

The Orlando itinerary should therefore balance major attractions with rest. A possible structure would be arrival and relaxation on the first day, Disney on the second day, Universal on the third day, and shopping or a relaxed activity before travelling to the cruise port. However, this should remain flexible depending on flight times, ticket prices, weather, and how everyone feels. The goal is to arrive at the cruise feeling excited rather than exhausted."
11,Which Disney parks are mentioned in the document?,Which Disney parks are mentioned in the document?,True,4,10,0.014705882352941176,,,False,"Transport needs to be planned for the entire holiday. The first journey will be from the airport to the Orlando hotel. We then need transport to Disney, Universal, restaurants, shopping areas, and eventually the cruise port. A rental car could provide flexibility but would introduce costs for the rental itself, fuel, parking, and insurance. Ride-sharing could be simpler for individual journeys, but multiple long journeys could become expensive. We should compare the estimated total cost of each option.

The cruise price should be broken down carefully. Some food and entertainment will probably be included, while speciality restaurants, premium drinks, certain activities, internet packages, excursions, and other services may cost extra. We should identify which optional costs are likely to apply to our family. A daily spending allowance for the cruise could help prevent unexpected expenses.

Excursions in Mexico and the Bahamas should have their own budget. Before booking, we should compare cruise excursions with independent tours and consider what is included in each price. An excursion advertised at a low price might exclude transportation, food, equipment, or entrance fees. We should calculate the full cost for the entire family before deciding."
12,What Disney park would provide the most traditional Disney experience?,What Disney park would provide the most traditional Disney experience?,True,20,1,0.03252247488101534,2,0.24651110172271729,False,"If we visit Disney, we should decide in advance which attractions are priorities. It would be useful to make a short list of must-do rides and experiences rather than attempting to see everything. We should also plan where we want to eat because popular restaurants can require reservations. The group should arrange a meeting point in case people become separated, particularly because theme parks are large and busy. Everyone should carry their phone, but it would still be sensible to establish a clear meeting location and time.

The second major theme park day could be spent at Universal Orlando. Universal is particularly appealing to family members who enjoy rides and film-related attractions. We should look at the different areas of the park and decide whether we need a single-park or multi-park ticket. If the Harry Potter attractions are a priority, we need to consider whether a ticket allowing access to the relevant areas is necessary. We should also check whether an express pass is worthwhile based on expected crowds and the rides we want to experience."
12,What Disney park would provide the most traditional Disney experience?,What Disney park would provide the most traditional Disney experience?,True,19,2,0.03252247488101534,1,0.9409691095352173,True,"The first evening should be relatively relaxed. After checking into the hotel, we could have dinner somewhere nearby and spend some time walking around the area or simply relaxing at the hotel. If everyone has enough energy, we could visit a shopping or entertainment area, but this should remain optional. We should avoid staying up too late because the next few days are likely to involve long periods at the theme parks. The first evening would also be a good opportunity to make sure everyone has their tickets, reservations, and transport arrangements ready.

One of the main priorities is visiting Walt Disney World. We need to decide which park we want to visit because there are several different Disney parks and it may not be realistic to visit all of them in one day. Magic Kingdom would provide the most traditional Disney experience, with the castle, classic attractions, and many of the characters and experiences people associate with Disney. EPCOT could be another option for the group because it combines rides with different international areas, restaurants, and cultural experiences. Hollywood Studios and Animal Kingdom are also possibilities, but trying to visit too many parks could make the day exhausting."
12,What Disney park would provide the most traditional Disney experience?,What Disney park would provide the most traditional Disney experience?,True,3,3,0.03149801587301587,4,0.17899926006793976,False,"Accommodation in Orlando should be chosen based on location, price, facilities, and transport options. Staying closer to the theme parks could reduce travel time but may cost more. A hotel with a swimming pool and breakfast could be useful because it would give everyone somewhere to relax between activities. We should also check parking charges if we decide to rent a car. Resort fees and other additional hotel charges should be included in the final calculation rather than looking only at the advertised nightly rate.

Theme park tickets are another major expense. We need to decide which parks we are actually going to visit before buying tickets. Buying access to more parks than we can realistically visit would waste money. We should compare single-day tickets with multi-day or combination tickets and check whether there are any restrictions on dates. If we want to use express or fast-access options at Universal or similar services at Disney, these costs need to be added to the budget."
12,What Disney park would provide the most traditional Disney experience?,What Disney park would provide the most traditional Disney experience?,True,24,4,0.030309988518943745,3,0.2080344408750534,False,"The Orlando portion of the holiday will probably last around three or four days. We want to visit some of the biggest attractions without making the schedule so busy that everyone becomes exhausted before the cruise starts. Walt Disney World is one of the main priorities because Mum has always wanted to experience the Disney parks as part of a family trip. We also want to visit Universal Orlando, particularly because some members of the family are interested in the rides and attractions. We should leave at least one evening relatively free so that everyone can have dinner together and relax. Shopping may also be included, particularly if there are outlet malls close to our hotel. We need to decide whether renting a car is worthwhile or whether using taxis and ride-sharing services will be easier for a group of people."
12,What Disney park would provide the most traditional Disney experience?,What Disney park would provide the most traditional Disney experience?,True,4,5,0.015873015873015872,5,0.13252604007720947,False,"Transport needs to be planned for the entire holiday. The first journey will be from the airport to the Orlando hotel. We then need transport to Disney, Universal, restaurants, shopping areas, and eventually the cruise port. A rental car could provide flexibility but would introduce costs for the rental itself, fuel, parking, and insurance. Ride-sharing could be simpler for individual journeys, but multiple long journeys could become expensive. We should compare the estimated total cost of each option.

The cruise price should be broken down carefully. Some food and entertainment will probably be included, while speciality restaurants, premium drinks, certain activities, internet packages, excursions, and other services may cost extra. We should identify which optional costs are likely to apply to our family. A daily spending allowance for the cruise could help prevent unexpected expenses.

Excursions in Mexico and the Bahamas should have their own budget. Before booking, we should compare cruise excursions with independent tours and consider what is included in each price. An excursion advertised at a low price might exclude transportation, food, equipment, or entrance fees. We should calculate the full cost for the entire family before deciding."
12,What Disney park would provide the most traditional Disney experience?,What Disney park would provide the most traditional Disney experience?,True,21,6,0.015625,,,False,"We should not schedule every minute of the Universal day. Theme parks can become tiring, especially when the weather is hot. The group should take breaks for food and drinks and make sure everyone is comfortable. Mum's birthday is the reason for the trip, so we should make sure the theme park schedule is enjoyable for her rather than focusing entirely on the biggest rides. If some people want to spend several hours on more intense rides, other members of the family could have a more relaxed activity planned at the same time.

Shopping is another possible Orlando activity. There are several large outlet shopping centres where the group could spend a few hours looking for clothes, shoes, gifts, and other items. Shopping should probably be scheduled for an afternoon or evening rather than replacing one of the major attractions. We should also remember that anything bought in Orlando will need to fit into our luggage for the remainder of the trip, particularly because we will have to transport our bags to the cruise.

Food will be an important part of the Orlando experience. We should try a mixture of American restaurants and local or international food rather than eating at the theme parks for every meal. One evening could be used for a nicer family dinner to begin the birthday celebrations. We should research restaurants in advance if we want a particular location or type of food because popular restaurants can become busy."
12,What Disney park would provide the most traditional Disney experience?,What Disney park would provide the most traditional Disney experience?,True,9,7,0.015384615384615385,,,False,"Food will be one of the major parts of the cruise experience. There may be a main dining room, buffet, casual restaurants, speciality restaurants, cafes, and room service. We should check which options are included and which cost extra. Since this is a family birthday trip, it would be nice to have at least one special dinner where everyone sits together. We could choose one of the speciality restaurants if the cost is reasonable, or use the main dining room if we want a more traditional cruise experience.

Mum's 60th birthday should receive particular attention. We want to make the day feel different from the other days of the cruise. The first step is finding out whether the cruise company offers birthday packages. These could potentially include a cake, decorations, a special message, flowers, or a celebration arranged by the dining staff. We should contact the cruise company before travelling rather than assuming these services can be organised on the day.

A birthday dinner would probably be the main event. We could arrange for everyone to sit together, order a special meal, and have a birthday cake brought out at the end. It may also be possible to arrange decorations at the table or in Mum's cabin. Another idea is to organise a small surprise where the rest of the family knows the plan but Mum does not. We should be careful not to create an unnecessarily complicated surprise because the cruise schedule may change."
12,What Disney park would provide the most traditional Disney experience?,What Disney park would provide the most traditional Disney experience?,True,14,8,0.015151515151515152,,,False,"Food is another priority in Mexico. We would like to try authentic Mexican food rather than spending the entire day eating at tourist restaurants. We could research a few well-reviewed restaurants near the port and identify some dishes that the family would like to try. We should take into account dietary requirements and make sure that everyone knows what ingredients are likely to be included in unfamiliar dishes.

The family should also decide whether they want to spend part of the Mexico day at the beach. A beach could provide an opportunity to relax after several busy days in Orlando and on the ship. However, if we choose a beach excursion, we need to consider transport, changing facilities, food, sun protection, and how long it takes to get back to the ship. We should avoid booking a beach that is so far from the port that there is a significant risk of missing departure.

The Bahamas stop should probably be more relaxed. One of the main ideas is to spend time at a beautiful beach, swim, and enjoy the warm weather. Some people may want to snorkel or participate in another water activity. Others may simply want to sit on the beach, have lunch, and take photographs. We should not make everyone participate in the same activity, particularly if some family members are not comfortable with swimming or water sports."
12,What Disney park would provide the most traditional Disney experience?,What Disney park would provide the most traditional Disney experience?,True,25,9,0.015151515151515152,,,False,"The cruise will be the centrepiece of the holiday. We want to spend plenty of time enjoying the ship rather than treating it simply as transportation between destinations. There should be several restaurants, swimming pools, entertainment venues, bars, live shows, and organised activities available. Some family members may want to spend time by the pool, while others may prefer to attend shows, use the gym, explore the ship, or participate in organised activities. We should look at the cruise schedule before travelling and identify activities that need to be booked in advance. It would also be useful to identify restaurants or experiences that have additional charges so that we can decide what is worth paying for.

Mum's 60th birthday needs to be the main focus of the trip. We want to arrange at least one proper birthday celebration, ideally on the cruise because the ship will provide a memorable setting. A special dinner with the whole family would be one possibility, followed by a birthday cake and drinks. We could also arrange decorations in the cabin or dining area and organise a surprise if the cruise company offers a birthday package. Another possibility would be to arrange a special excursion on or around her birthday, depending on where the ship is located that day. We should find out the exact birthday date in relation to the cruise itinerary before making any reservations."
12,What Disney park would provide the most traditional Disney experience?,What Disney park would provide the most traditional Disney experience?,True,7,10,0.014925373134328358,,,False,"The final itinerary should contain a day-by-day schedule with flights, accommodation, Orlando activities, transport, cruise information, port stops, excursions, birthday plans, and important contact information. However, it should not be so rigid that there is no room for spontaneous activities. The trip is ultimately a family celebration, so there should be plenty of time to relax, take photographs, enjoy meals together, and celebrate Mum's 60th birthday."
13,What should we consider when deciding which theme parks to visit?,What should we consider when deciding which theme parks to visit?,True,20,1,0.03278688524590164,1,0.8497846126556396,True,"If we visit Disney, we should decide in advance which attractions are priorities. It would be useful to make a short list of must-do rides and experiences rather than attempting to see everything. We should also plan where we want to eat because popular restaurants can require reservations. The group should arrange a meeting point in case people become separated, particularly because theme parks are large and busy. Everyone should carry their phone, but it would still be sensible to establish a clear meeting location and time.

The second major theme park day could be spent at Universal Orlando. Universal is particularly appealing to family members who enjoy rides and film-related attractions. We should look at the different areas of the park and decide whether we need a single-park or multi-park ticket. If the Harry Potter attractions are a priority, we need to consider whether a ticket allowing access to the relevant areas is necessary. We should also check whether an express pass is worthwhile based on expected crowds and the rides we want to experience."
13,What should we consider when deciding which theme parks to visit?,What should we consider when deciding which theme parks to visit?,True,3,2,0.03225806451612903,3,0.733681321144104,True,"Accommodation in Orlando should be chosen based on location, price, facilities, and transport options. Staying closer to the theme parks could reduce travel time but may cost more. A hotel with a swimming pool and breakfast could be useful because it would give everyone somewhere to relax between activities. We should also check parking charges if we decide to rent a car. Resort fees and other additional hotel charges should be included in the final calculation rather than looking only at the advertised nightly rate.

Theme park tickets are another major expense. We need to decide which parks we are actually going to visit before buying tickets. Buying access to more parks than we can realistically visit would waste money. We should compare single-day tickets with multi-day or combination tickets and check whether there are any restrictions on dates. If we want to use express or fast-access options at Universal or similar services at Disney, these costs need to be added to the budget."
13,What should we consider when deciding which theme parks to visit?,What should we consider when deciding which theme parks to visit?,True,19,3,0.031746031746031744,2,0.7585289478302002,True,"The first evening should be relatively relaxed. After checking into the hotel, we could have dinner somewhere nearby and spend some time walking around the area or simply relaxing at the hotel. If everyone has enough energy, we could visit a shopping or entertainment area, but this should remain optional. We should avoid staying up too late because the next few days are likely to involve long periods at the theme parks. The first evening would also be a good opportunity to make sure everyone has their tickets, reservations, and transport arrangements ready.

One of the main priorities is visiting Walt Disney World. We need to decide which park we want to visit because there are several different Disney parks and it may not be realistic to visit all of them in one day. Magic Kingdom would provide the most traditional Disney experience, with the castle, classic attractions, and many of the characters and experiences people associate with Disney. EPCOT could be another option for the group because it combines rides with different international areas, restaurants, and cultural experiences. Hollywood Studios and Animal Kingdom are also possibilities, but trying to visit too many parks could make the day exhausting."
13,What should we consider when deciding which theme parks to visit?,What should we consider when deciding which theme parks to visit?,True,24,4,0.030303030303030304,5,0.455078125,False,"The Orlando portion of the holiday will probably last around three or four days. We want to visit some of the biggest attractions without making the schedule so busy that everyone becomes exhausted before the cruise starts. Walt Disney World is one of the main priorities because Mum has always wanted to experience the Disney parks as part of a family trip. We also want to visit Universal Orlando, particularly because some members of the family are interested in the rides and attractions. We should leave at least one evening relatively free so that everyone can have dinner together and relax. Shopping may also be included, particularly if there are outlet malls close to our hotel. We need to decide whether renting a car is worthwhile or whether using taxis and ride-sharing services will be easier for a group of people."
13,What should we consider when deciding which theme parks to visit?,What should we consider when deciding which theme parks to visit?,True,21,5,0.029910714285714284,,,False,"We should not schedule every minute of the Universal day. Theme parks can become tiring, especially when the weather is hot. The group should take breaks for food and drinks and make sure everyone is comfortable. Mum's birthday is the reason for the trip, so we should make sure the theme park schedule is enjoyable for her rather than focusing entirely on the biggest rides. If some people want to spend several hours on more intense rides, other members of the family could have a more relaxed activity planned at the same time.

Shopping is another possible Orlando activity. There are several large outlet shopping centres where the group could spend a few hours looking for clothes, shoes, gifts, and other items. Shopping should probably be scheduled for an afternoon or evening rather than replacing one of the major attractions. We should also remember that anything bought in Orlando will need to fit into our luggage for the remainder of the trip, particularly because we will have to transport our bags to the cruise.

Food will be an important part of the Orlando experience. We should try a mixture of American restaurants and local or international food rather than eating at the theme parks for every meal. One evening could be used for a nicer family dinner to begin the birthday celebrations. We should research restaurants in advance if we want a particular location or type of food because popular restaurants can become busy."
13,What should we consider when deciding which theme parks to visit?,What should we consider when deciding which theme parks to visit?,True,27,6,0.029850746268656716,,,False,"The budget should be agreed before we start booking optional activities. The main expenses will include flights, Orlando accommodation, theme park tickets, transport, the cruise itself, food and drinks outside what is included in the cruise fare, excursions, shopping, travel insurance, and spending money. Mum's birthday celebration should have its own budget so that we can decide how much to spend on dinner, cake, decorations, and a present. Everyone should understand which costs are shared and which costs are personal. We should also keep some emergency money available in case transport costs more than expected or plans have to change.

The trip should be enjoyable for everyone, so the itinerary should not be completely packed. We should have a mixture of planned activities and free time. The most important things are spending time together, celebrating Mum's birthday, experiencing Orlando, enjoying the cruise, and making good memories as a family. Before the trip, we should hold a final planning meeting where everyone can review the itinerary, confirm their bookings, discuss what they want to do at each destination, and raise any concerns. A shared digital document or group chat could be used to keep everyone updated. The final itinerary should include all confirmed bookings as well as alternative options in case weather, transport problems, or other circumstances cause plans to change."
13,What should we consider when deciding which theme parks to visit?,What should we consider when deciding which theme parks to visit?,True,2,7,0.015625,,,False,"Planning the budget will be important because this holiday combines an international flight, several nights in Orlando, expensive theme park visits, a cruise, excursions, and a major birthday celebration. We should establish the approximate total budget before making too many optional bookings. The main costs will be flights, Orlando accommodation, transport, theme park tickets, cruise fares, food and drinks, excursions, travel insurance, birthday expenses, shopping, and general spending money.

Flights from the UK to Orlando will probably be one of the largest initial expenses. We should compare different airlines and flight times rather than looking only at the cheapest ticket. A cheaper flight that arrives at an inconvenient time could result in needing an additional hotel night or expensive transport. We should also consider baggage allowances because we will need luggage for both the Orlando part of the trip and the cruise. If the airline charges separately for checked bags, that should be included when comparing prices."
13,What should we consider when deciding which theme parks to visit?,What should we consider when deciding which theme parks to visit?,True,15,8,0.015384615384615385,,,False,"Shopping could also be included in the Bahamas itinerary. Depending on the port, there may be markets and shops selling souvenirs, clothing, jewellery, food, and other items. We should decide in advance whether shopping is a major priority or simply something we will do if there is time. It would be sensible to leave enough room in the budget for souvenirs because family members may want to buy gifts.

We should compare cruise-organised excursions with independent excursions before making a decision. Cruise excursions are often more expensive, but they may provide more structured transport and reassurance about returning to the ship. Independent excursions can provide greater flexibility, but the responsibility for getting back to the ship falls on us. The decision should therefore consider not only price but also the length of the excursion, distance from the port, cancellation policies, and the needs of the family.

Safety and comfort should be considered for every excursion. Everyone should carry the essentials but avoid taking unnecessary valuables ashore. We should have a meeting point near the port in case members of the group become separated. Everyone should also know the ship's name and departure time. It would be useful for everyone to have a copy or screenshot of the day's schedule."
13,What should we consider when deciding which theme parks to visit?,What should we consider when deciding which theme parks to visit?,True,18,9,0.015384615384615385,4,0.5100334286689758,False,"We plan to spend approximately three or four days in Orlando before boarding the cruise. The exact number of days will depend on flight prices, the cruise departure time, and how much time we want to spend at the theme parks. The main purpose of the Orlando section is to experience some of the city's famous attractions while still allowing everyone enough time to recover from the international flight. We do not want the first day to be overloaded with activities because everyone may be tired after travelling from the UK.

On arrival in Orlando, the first priority will be getting from the airport to the hotel. We need to compare the cost and convenience of a rental car, hotel shuttle, taxi, and ride-sharing services. If we rent a car, we need to consider parking costs at the hotel and theme parks as well as fuel and insurance. If we do not rent a car, we should check how easy it will be to get to the different attractions from our hotel. Ideally, the hotel should be reasonably central for the activities we plan to do and should have good transport options."
13,What should we consider when deciding which theme parks to visit?,What should we consider when deciding which theme parks to visit?,True,26,10,0.014705882352941176,,,False,"The cruise will stop at destinations in Mexico and the Bahamas. We want to have a different type of experience at each destination instead of simply visiting the same type of beach every time. In Mexico, we are interested in local culture, food, sightseeing, and possibly a guided excursion. In the Bahamas, the preference is for a more relaxed beach-focused day, although people may also want to snorkel, swim, shop, or explore the local area. We need to check the exact port times before booking anything because cruise ships have strict departure times. If we book an independent excursion, we need to make sure there is plenty of time to return to the ship.

There are a large number of practical details that need to be organised before the holiday. Flights need to be booked, accommodation in Orlando needs to be confirmed, and transport from the airport to the hotel and then from Orlando to the cruise port needs to be arranged. We also need to confirm the cruise booking, check passport requirements, purchase appropriate travel insurance, and make sure everyone has access to the booking information. It would be useful to create a shared itinerary containing flights, hotel information, cruise details, excursions, restaurant bookings, and important telephone numbers."
14,How can we avoid wasting money on theme park tickets?,How can we avoid wasting money on theme park tickets?,True,3,1,0.03278688524590164,1,0.6932451128959656,True,"Accommodation in Orlando should be chosen based on location, price, facilities, and transport options. Staying closer to the theme parks could reduce travel time but may cost more. A hotel with a swimming pool and breakfast could be useful because it would give everyone somewhere to relax between activities. We should also check parking charges if we decide to rent a car. Resort fees and other additional hotel charges should be included in the final calculation rather than looking only at the advertised nightly rate.

Theme park tickets are another major expense. We need to decide which parks we are actually going to visit before buying tickets. Buying access to more parks than we can realistically visit would waste money. We should compare single-day tickets with multi-day or combination tickets and check whether there are any restrictions on dates. If we want to use express or fast-access options at Universal or similar services at Disney, these costs need to be added to the budget."
14,How can we avoid wasting money on theme park tickets?,How can we avoid wasting money on theme park tickets?,True,2,2,0.03200204813108039,3,0.2748551666736603,False,"Planning the budget will be important because this holiday combines an international flight, several nights in Orlando, expensive theme park visits, a cruise, excursions, and a major birthday celebration. We should establish the approximate total budget before making too many optional bookings. The main costs will be flights, Orlando accommodation, transport, theme park tickets, cruise fares, food and drinks, excursions, travel insurance, birthday expenses, shopping, and general spending money.

Flights from the UK to Orlando will probably be one of the largest initial expenses. We should compare different airlines and flight times rather than looking only at the cheapest ticket. A cheaper flight that arrives at an inconvenient time could result in needing an additional hotel night or expensive transport. We should also consider baggage allowances because we will need luggage for both the Orlando part of the trip and the cruise. If the airline charges separately for checked bags, that should be included when comparing prices."
14,How can we avoid wasting money on theme park tickets?,How can we avoid wasting money on theme park tickets?,True,20,3,0.03128054740957967,2,0.43510985374450684,False,"If we visit Disney, we should decide in advance which attractions are priorities. It would be useful to make a short list of must-do rides and experiences rather than attempting to see everything. We should also plan where we want to eat because popular restaurants can require reservations. The group should arrange a meeting point in case people become separated, particularly because theme parks are large and busy. Everyone should carry their phone, but it would still be sensible to establish a clear meeting location and time.

The second major theme park day could be spent at Universal Orlando. Universal is particularly appealing to family members who enjoy rides and film-related attractions. We should look at the different areas of the park and decide whether we need a single-park or multi-park ticket. If the Harry Potter attractions are a priority, we need to consider whether a ticket allowing access to the relevant areas is necessary. We should also check whether an express pass is worthwhile based on expected crowds and the rides we want to experience."
14,How can we avoid wasting money on theme park tickets?,How can we avoid wasting money on theme park tickets?,True,19,4,0.03125763125763126,,,False,"The first evening should be relatively relaxed. After checking into the hotel, we could have dinner somewhere nearby and spend some time walking around the area or simply relaxing at the hotel. If everyone has enough energy, we could visit a shopping or entertainment area, but this should remain optional. We should avoid staying up too late because the next few days are likely to involve long periods at the theme parks. The first evening would also be a good opportunity to make sure everyone has their tickets, reservations, and transport arrangements ready.

One of the main priorities is visiting Walt Disney World. We need to decide which park we want to visit because there are several different Disney parks and it may not be realistic to visit all of them in one day. Magic Kingdom would provide the most traditional Disney experience, with the castle, classic attractions, and many of the characters and experiences people associate with Disney. EPCOT could be another option for the group because it combines rides with different international areas, restaurants, and cultural experiences. Hollywood Studios and Animal Kingdom are also possibilities, but trying to visit too many parks could make the day exhausting."
14,How can we avoid wasting money on theme park tickets?,How can we avoid wasting money on theme park tickets?,True,27,5,0.030776515151515152,5,0.2582913339138031,False,"The budget should be agreed before we start booking optional activities. The main expenses will include flights, Orlando accommodation, theme park tickets, transport, the cruise itself, food and drinks outside what is included in the cruise fare, excursions, shopping, travel insurance, and spending money. Mum's birthday celebration should have its own budget so that we can decide how much to spend on dinner, cake, decorations, and a present. Everyone should understand which costs are shared and which costs are personal. We should also keep some emergency money available in case transport costs more than expected or plans have to change.

The trip should be enjoyable for everyone, so the itinerary should not be completely packed. We should have a mixture of planned activities and free time. The most important things are spending time together, celebrating Mum's birthday, experiencing Orlando, enjoying the cruise, and making good memories as a family. Before the trip, we should hold a final planning meeting where everyone can review the itinerary, confirm their bookings, discuss what they want to do at each destination, and raise any concerns. A shared digital document or group chat could be used to keep everyone updated. The final itinerary should include all confirmed bookings as well as alternative options in case weather, transport problems, or other circumstances cause plans to change."
14,How can we avoid wasting money on theme park tickets?,How can we avoid wasting money on theme park tickets?,True,21,6,0.03055037313432836,,,False,"We should not schedule every minute of the Universal day. Theme parks can become tiring, especially when the weather is hot. The group should take breaks for food and drinks and make sure everyone is comfortable. Mum's birthday is the reason for the trip, so we should make sure the theme park schedule is enjoyable for her rather than focusing entirely on the biggest rides. If some people want to spend several hours on more intense rides, other members of the family could have a more relaxed activity planned at the same time.

Shopping is another possible Orlando activity. There are several large outlet shopping centres where the group could spend a few hours looking for clothes, shoes, gifts, and other items. Shopping should probably be scheduled for an afternoon or evening rather than replacing one of the major attractions. We should also remember that anything bought in Orlando will need to fit into our luggage for the remainder of the trip, particularly because we will have to transport our bags to the cruise.

Food will be an important part of the Orlando experience. We should try a mixture of American restaurants and local or international food rather than eating at the theme parks for every meal. One evening could be used for a nicer family dinner to begin the birthday celebrations. We should research restaurants in advance if we want a particular location or type of food because popular restaurants can become busy."
14,How can we avoid wasting money on theme park tickets?,How can we avoid wasting money on theme park tickets?,True,18,7,0.028991596638655463,,,False,"We plan to spend approximately three or four days in Orlando before boarding the cruise. The exact number of days will depend on flight prices, the cruise departure time, and how much time we want to spend at the theme parks. The main purpose of the Orlando section is to experience some of the city's famous attractions while still allowing everyone enough time to recover from the international flight. We do not want the first day to be overloaded with activities because everyone may be tired after travelling from the UK.

On arrival in Orlando, the first priority will be getting from the airport to the hotel. We need to compare the cost and convenience of a rental car, hotel shuttle, taxi, and ride-sharing services. If we rent a car, we need to consider parking costs at the hotel and theme parks as well as fuel and insurance. If we do not rent a car, we should check how easy it will be to get to the different attractions from our hotel. Ideally, the hotel should be reasonably central for the activities we plan to do and should have good transport options."
14,How can we avoid wasting money on theme park tickets?,How can we avoid wasting money on theme park tickets?,True,5,8,0.02877846790890269,,,False,"Mum's birthday should have a separate budget. We could allocate money for a special dinner, birthday cake, decorations, flowers, a present, and potentially a professional photograph. We should decide whether the family will contribute equally or whether some expenses will be shared differently. It would be useful to agree on this before the trip so there are no misunderstandings.

Travel insurance should be purchased for the entire trip rather than only the cruise. The policy should be checked carefully to understand what it covers, including medical expenses, cancellation, delays, lost luggage, and cruise-related issues. Everyone should have access to their insurance details and emergency contact information.

Before leaving the UK, everyone should check their passport. Passports need to meet the relevant entry requirements for the countries visited, and everyone should make sure their personal details match the bookings. We should also check any visa or travel authorisation requirements that apply to British or other passport holders in the group. Copies of important documents should be stored securely online as well as being available offline."
14,How can we avoid wasting money on theme park tickets?,How can we avoid wasting money on theme park tickets?,True,6,9,0.015384615384615385,4,0.26379063725471497,False,"A shared packing checklist should be created several weeks before departure. Important items will include passports, travel documents, phones, chargers, medication, comfortable shoes, swimwear, sun protection, appropriate clothing for the cruise, formal or smart clothing if required for dinner, and any birthday decorations that we decide to bring from home. We should avoid packing too much because there will be opportunities to shop in Orlando and potentially at the cruise destinations.

The final two weeks before the trip should be used for confirmation rather than major planning. Flights, hotels, cruise bookings, excursions, restaurant reservations, theme park tickets, and transport should all be checked. We should confirm the times and locations of any excursions and make sure everyone knows when they need to be ready.

A final family meeting could take place shortly before departure. During the meeting, we can review the full itinerary, confirm who is responsible for each booking, discuss the birthday surprise, and make sure everyone understands the plan. We should also agree on what to do if someone gets separated from the group or if a planned activity is cancelled."
14,How can we avoid wasting money on theme park tickets?,How can we avoid wasting money on theme park tickets?,True,4,10,0.014925373134328358,,,False,"Transport needs to be planned for the entire holiday. The first journey will be from the airport to the Orlando hotel. We then need transport to Disney, Universal, restaurants, shopping areas, and eventually the cruise port. A rental car could provide flexibility but would introduce costs for the rental itself, fuel, parking, and insurance. Ride-sharing could be simpler for individual journeys, but multiple long journeys could become expensive. We should compare the estimated total cost of each option.

The cruise price should be broken down carefully. Some food and entertainment will probably be included, while speciality restaurants, premium drinks, certain activities, internet packages, excursions, and other services may cost extra. We should identify which optional costs are likely to apply to our family. A daily spending allowance for the cruise could help prevent unexpected expenses.

Excursions in Mexico and the Bahamas should have their own budget. Before booking, we should compare cruise excursions with independent tours and consider what is included in each price. An excursion advertised at a low price might exclude transportation, food, equipment, or entrance fees. We should calculate the full cost for the entire family before deciding."
15,What additional costs might apply at Universal or Disney?,What additional costs might apply at Universal or Disney?,True,3,1,0.03252247488101534,1,0.603581964969635,True,"Accommodation in Orlando should be chosen based on location, price, facilities, and transport options. Staying closer to the theme parks could reduce travel time but may cost more. A hotel with a swimming pool and breakfast could be useful because it would give everyone somewhere to relax between activities. We should also check parking charges if we decide to rent a car. Resort fees and other additional hotel charges should be included in the final calculation rather than looking only at the advertised nightly rate.

Theme park tickets are another major expense. We need to decide which parks we are actually going to visit before buying tickets. Buying access to more parks than we can realistically visit would waste money. We should compare single-day tickets with multi-day or combination tickets and check whether there are any restrictions on dates. If we want to use express or fast-access options at Universal or similar services at Disney, these costs need to be added to the budget."
15,What additional costs might apply at Universal or Disney?,What additional costs might apply at Universal or Disney?,True,4,2,0.03252247488101534,2,0.51310795545578,False,"Transport needs to be planned for the entire holiday. The first journey will be from the airport to the Orlando hotel. We then need transport to Disney, Universal, restaurants, shopping areas, and eventually the cruise port. A rental car could provide flexibility but would introduce costs for the rental itself, fuel, parking, and insurance. Ride-sharing could be simpler for individual journeys, but multiple long journeys could become expensive. We should compare the estimated total cost of each option.

The cruise price should be broken down carefully. Some food and entertainment will probably be included, while speciality restaurants, premium drinks, certain activities, internet packages, excursions, and other services may cost extra. We should identify which optional costs are likely to apply to our family. A daily spending allowance for the cruise could help prevent unexpected expenses.

Excursions in Mexico and the Bahamas should have their own budget. Before booking, we should compare cruise excursions with independent tours and consider what is included in each price. An excursion advertised at a low price might exclude transportation, food, equipment, or entrance fees. We should calculate the full cost for the entire family before deciding."
15,What additional costs might apply at Universal or Disney?,What additional costs might apply at Universal or Disney?,True,20,3,0.03149801587301587,5,0.13381114602088928,True,"If we visit Disney, we should decide in advance which attractions are priorities. It would be useful to make a short list of must-do rides and experiences rather than attempting to see everything. We should also plan where we want to eat because popular restaurants can require reservations. The group should arrange a meeting point in case people become separated, particularly because theme parks are large and busy. Everyone should carry their phone, but it would still be sensible to establish a clear meeting location and time.

The second major theme park day could be spent at Universal Orlando. Universal is particularly appealing to family members who enjoy rides and film-related attractions. We should look at the different areas of the park and decide whether we need a single-park or multi-park ticket. If the Harry Potter attractions are a priority, we need to consider whether a ticket allowing access to the relevant areas is necessary. We should also check whether an express pass is worthwhile based on expected crowds and the rides we want to experience."
15,What additional costs might apply at Universal or Disney?,What additional costs might apply at Universal or Disney?,True,2,4,0.031024531024531024,3,0.17038403451442719,False,"Planning the budget will be important because this holiday combines an international flight, several nights in Orlando, expensive theme park visits, a cruise, excursions, and a major birthday celebration. We should establish the approximate total budget before making too many optional bookings. The main costs will be flights, Orlando accommodation, transport, theme park tickets, cruise fares, food and drinks, excursions, travel insurance, birthday expenses, shopping, and general spending money.

Flights from the UK to Orlando will probably be one of the largest initial expenses. We should compare different airlines and flight times rather than looking only at the cheapest ticket. A cheaper flight that arrives at an inconvenient time could result in needing an additional hotel night or expensive transport. We should also consider baggage allowances because we will need luggage for both the Orlando part of the trip and the cruise. If the airline charges separately for checked bags, that should be included when comparing prices."
15,What additional costs might apply at Universal or Disney?,What additional costs might apply at Universal or Disney?,True,24,5,0.03055037313432836,,,False,"The Orlando portion of the holiday will probably last around three or four days. We want to visit some of the biggest attractions without making the schedule so busy that everyone becomes exhausted before the cruise starts. Walt Disney World is one of the main priorities because Mum has always wanted to experience the Disney parks as part of a family trip. We also want to visit Universal Orlando, particularly because some members of the family are interested in the rides and attractions. We should leave at least one evening relatively free so that everyone can have dinner together and relax. Shopping may also be included, particularly if there are outlet malls close to our hotel. We need to decide whether renting a car is worthwhile or whether using taxis and ride-sharing services will be easier for a group of people."
15,What additional costs might apply at Universal or Disney?,What additional costs might apply at Universal or Disney?,True,27,6,0.029877369007803793,4,0.16321887075901031,False,"The budget should be agreed before we start booking optional activities. The main expenses will include flights, Orlando accommodation, theme park tickets, transport, the cruise itself, food and drinks outside what is included in the cruise fare, excursions, shopping, travel insurance, and spending money. Mum's birthday celebration should have its own budget so that we can decide how much to spend on dinner, cake, decorations, and a present. Everyone should understand which costs are shared and which costs are personal. We should also keep some emergency money available in case transport costs more than expected or plans have to change.

The trip should be enjoyable for everyone, so the itinerary should not be completely packed. We should have a mixture of planned activities and free time. The most important things are spending time together, celebrating Mum's birthday, experiencing Orlando, enjoying the cruise, and making good memories as a family. Before the trip, we should hold a final planning meeting where everyone can review the itinerary, confirm their bookings, discuss what they want to do at each destination, and raise any concerns. A shared digital document or group chat could be used to keep everyone updated. The final itinerary should include all confirmed bookings as well as alternative options in case weather, transport problems, or other circumstances cause plans to change."
15,What additional costs might apply at Universal or Disney?,What additional costs might apply at Universal or Disney?,True,22,7,0.029211087420042643,,,False,"At the end of the Orlando stay, we need to travel to the cruise port. The exact port and departure time will determine when we need to leave the hotel. We should build in plenty of extra time because traffic around Orlando and the cruise port could cause delays. If we have rented a car, we need to arrange its return before boarding the ship. If we use a transfer service, the booking should be confirmed a few days beforehand. We should also make sure that all luggage is labelled correctly and that everyone has their cruise documents easily accessible.

The Orlando itinerary should therefore balance major attractions with rest. A possible structure would be arrival and relaxation on the first day, Disney on the second day, Universal on the third day, and shopping or a relaxed activity before travelling to the cruise port. However, this should remain flexible depending on flight times, ticket prices, weather, and how everyone feels. The goal is to arrive at the cruise feeling excited rather than exhausted."
15,What additional costs might apply at Universal or Disney?,What additional costs might apply at Universal or Disney?,True,8,8,0.015384615384615385,,,False,"The cruise is the central part of the birthday holiday and will provide the main setting for the family celebration. After spending several days in Orlando, we will travel to the cruise port and board the ship. Before leaving Orlando, everyone should make sure they have their cruise documents, passports, medication if required, luggage, and any other important items. We should check the cruise company's boarding instructions carefully because there will be a specific arrival window and security process.

Once on board, everyone should take some time to explore the ship. The ship will probably have several restaurants, swimming pools, lounges, entertainment venues, shops, fitness facilities, and other activities. It would be useful to identify the main areas on the first day so that everyone knows where things are. We should also check the daily activity schedule because there may be events that require advance booking. Some activities will probably be included in the cruise fare, while others may have an additional cost."
15,What additional costs might apply at Universal or Disney?,What additional costs might apply at Universal or Disney?,True,21,9,0.015151515151515152,,,False,"We should not schedule every minute of the Universal day. Theme parks can become tiring, especially when the weather is hot. The group should take breaks for food and drinks and make sure everyone is comfortable. Mum's birthday is the reason for the trip, so we should make sure the theme park schedule is enjoyable for her rather than focusing entirely on the biggest rides. If some people want to spend several hours on more intense rides, other members of the family could have a more relaxed activity planned at the same time.

Shopping is another possible Orlando activity. There are several large outlet shopping centres where the group could spend a few hours looking for clothes, shoes, gifts, and other items. Shopping should probably be scheduled for an afternoon or evening rather than replacing one of the major attractions. We should also remember that anything bought in Orlando will need to fit into our luggage for the remainder of the trip, particularly because we will have to transport our bags to the cruise.

Food will be an important part of the Orlando experience. We should try a mixture of American restaurants and local or international food rather than eating at the theme parks for every meal. One evening could be used for a nicer family dinner to begin the birthday celebrations. We should research restaurants in advance if we want a particular location or type of food because popular restaurants can become busy."
15,What additional costs might apply at Universal or Disney?,What additional costs might apply at Universal or Disney?,True,5,10,0.014705882352941176,,,False,"Mum's birthday should have a separate budget. We could allocate money for a special dinner, birthday cake, decorations, flowers, a present, and potentially a professional photograph. We should decide whether the family will contribute equally or whether some expenses will be shared differently. It would be useful to agree on this before the trip so there are no misunderstandings.

Travel insurance should be purchased for the entire trip rather than only the cruise. The policy should be checked carefully to understand what it covers, including medical expenses, cancellation, delays, lost luggage, and cruise-related issues. Everyone should have access to their insurance details and emergency contact information.

Before leaving the UK, everyone should check their passport. Passports need to meet the relevant entry requirements for the countries visited, and everyone should make sure their personal details match the bookings. We should also check any visa or travel authorisation requirements that apply to British or other passport holders in the group. Copies of important documents should be stored securely online as well as being available offline."
16,What should we consider when deciding whether to buy an express pass?,What should we consider when deciding whether to buy an express pass?,True,20,1,0.03252247488101534,1,0.8055254817008972,True,"If we visit Disney, we should decide in advance which attractions are priorities. It would be useful to make a short list of must-do rides and experiences rather than attempting to see everything. We should also plan where we want to eat because popular restaurants can require reservations. The group should arrange a meeting point in case people become separated, particularly because theme parks are large and busy. Everyone should carry their phone, but it would still be sensible to establish a clear meeting location and time.

The second major theme park day could be spent at Universal Orlando. Universal is particularly appealing to family members who enjoy rides and film-related attractions. We should look at the different areas of the park and decide whether we need a single-park or multi-park ticket. If the Harry Potter attractions are a priority, we need to consider whether a ticket allowing access to the relevant areas is necessary. We should also check whether an express pass is worthwhile based on expected crowds and the rides we want to experience."
16,What should we consider when deciding whether to buy an express pass?,What should we consider when deciding whether to buy an express pass?,True,15,2,0.032266458495966696,3,0.10033980011940002,False,"Shopping could also be included in the Bahamas itinerary. Depending on the port, there may be markets and shops selling souvenirs, clothing, jewellery, food, and other items. We should decide in advance whether shopping is a major priority or simply something we will do if there is time. It would be sensible to leave enough room in the budget for souvenirs because family members may want to buy gifts.

We should compare cruise-organised excursions with independent excursions before making a decision. Cruise excursions are often more expensive, but they may provide more structured transport and reassurance about returning to the ship. Independent excursions can provide greater flexibility, but the responsibility for getting back to the ship falls on us. The decision should therefore consider not only price but also the length of the excursion, distance from the port, cancellation policies, and the needs of the family.

Safety and comfort should be considered for every excursion. Everyone should carry the essentials but avoid taking unnecessary valuables ashore. We should have a meeting point near the port in case members of the group become separated. Everyone should also know the ship's name and departure time. It would be useful for everyone to have a copy or screenshot of the day's schedule."
16,What should we consider when deciding whether to buy an express pass?,What should we consider when deciding whether to buy an express pass?,True,3,3,0.031754032258064516,2,0.3948080241680145,True,"Accommodation in Orlando should be chosen based on location, price, facilities, and transport options. Staying closer to the theme parks could reduce travel time but may cost more. A hotel with a swimming pool and breakfast could be useful because it would give everyone somewhere to relax between activities. We should also check parking charges if we decide to rent a car. Resort fees and other additional hotel charges should be included in the final calculation rather than looking only at the advertised nightly rate.

Theme park tickets are another major expense. We need to decide which parks we are actually going to visit before buying tickets. Buying access to more parks than we can realistically visit would waste money. We should compare single-day tickets with multi-day or combination tickets and check whether there are any restrictions on dates. If we want to use express or fast-access options at Universal or similar services at Disney, these costs need to be added to the budget."
16,What should we consider when deciding whether to buy an express pass?,What should we consider when deciding whether to buy an express pass?,True,4,4,0.03057889822595705,,,False,"Transport needs to be planned for the entire holiday. The first journey will be from the airport to the Orlando hotel. We then need transport to Disney, Universal, restaurants, shopping areas, and eventually the cruise port. A rental car could provide flexibility but would introduce costs for the rental itself, fuel, parking, and insurance. Ride-sharing could be simpler for individual journeys, but multiple long journeys could become expensive. We should compare the estimated total cost of each option.

The cruise price should be broken down carefully. Some food and entertainment will probably be included, while speciality restaurants, premium drinks, certain activities, internet packages, excursions, and other services may cost extra. We should identify which optional costs are likely to apply to our family. A daily spending allowance for the cruise could help prevent unexpected expenses.

Excursions in Mexico and the Bahamas should have their own budget. Before booking, we should compare cruise excursions with independent tours and consider what is included in each price. An excursion advertised at a low price might exclude transportation, food, equipment, or entrance fees. We should calculate the full cost for the entire family before deciding."
16,What should we consider when deciding whether to buy an express pass?,What should we consider when deciding whether to buy an express pass?,True,5,5,0.030309988518943745,5,0.08933553099632263,False,"Mum's birthday should have a separate budget. We could allocate money for a special dinner, birthday cake, decorations, flowers, a present, and potentially a professional photograph. We should decide whether the family will contribute equally or whether some expenses will be shared differently. It would be useful to agree on this before the trip so there are no misunderstandings.

Travel insurance should be purchased for the entire trip rather than only the cruise. The policy should be checked carefully to understand what it covers, including medical expenses, cancellation, delays, lost luggage, and cruise-related issues. Everyone should have access to their insurance details and emergency contact information.

Before leaving the UK, everyone should check their passport. Passports need to meet the relevant entry requirements for the countries visited, and everyone should make sure their personal details match the bookings. We should also check any visa or travel authorisation requirements that apply to British or other passport holders in the group. Copies of important documents should be stored securely online as well as being available offline."
16,What should we consider when deciding whether to buy an express pass?,What should we consider when deciding whether to buy an express pass?,True,14,6,0.02967032967032967,,,False,"Food is another priority in Mexico. We would like to try authentic Mexican food rather than spending the entire day eating at tourist restaurants. We could research a few well-reviewed restaurants near the port and identify some dishes that the family would like to try. We should take into account dietary requirements and make sure that everyone knows what ingredients are likely to be included in unfamiliar dishes.

The family should also decide whether they want to spend part of the Mexico day at the beach. A beach could provide an opportunity to relax after several busy days in Orlando and on the ship. However, if we choose a beach excursion, we need to consider transport, changing facilities, food, sun protection, and how long it takes to get back to the ship. We should avoid booking a beach that is so far from the port that there is a significant risk of missing departure.

The Bahamas stop should probably be more relaxed. One of the main ideas is to spend time at a beautiful beach, swim, and enjoy the warm weather. Some people may want to snorkel or participate in another water activity. Others may simply want to sit on the beach, have lunch, and take photographs. We should not make everyone participate in the same activity, particularly if some family members are not comfortable with swimming or water sports."
16,What should we consider when deciding whether to buy an express pass?,What should we consider when deciding whether to buy an express pass?,True,2,7,0.02964426877470356,4,0.09633977711200714,False,"Planning the budget will be important because this holiday combines an international flight, several nights in Orlando, expensive theme park visits, a cruise, excursions, and a major birthday celebration. We should establish the approximate total budget before making too many optional bookings. The main costs will be flights, Orlando accommodation, transport, theme park tickets, cruise fares, food and drinks, excursions, travel insurance, birthday expenses, shopping, and general spending money.

Flights from the UK to Orlando will probably be one of the largest initial expenses. We should compare different airlines and flight times rather than looking only at the cheapest ticket. A cheaper flight that arrives at an inconvenient time could result in needing an additional hotel night or expensive transport. We should also consider baggage allowances because we will need luggage for both the Orlando part of the trip and the cruise. If the airline charges separately for checked bags, that should be included when comparing prices."
16,What should we consider when deciding whether to buy an express pass?,What should we consider when deciding whether to buy an express pass?,True,10,8,0.015625,,,False,"Photography should also be an important part of the celebration. We should take family photographs throughout the cruise rather than relying entirely on one birthday photo. The ship is likely to have several scenic locations that would make good backgrounds, particularly in the evening. We could also arrange one more formal family photograph on the birthday itself. If the cruise company offers professional photography, we can consider whether the packages represent good value.

There should also be time for everyone to enjoy the cruise independently. Some family members may want to spend time around the swimming pool, while others might prefer the gym, live entertainment, bars, games, or other activities. It would be unrealistic to expect everyone to do everything together for the entire trip. We should identify a few activities that everyone wants to experience together and allow people to choose their own activities at other times.

The evenings could be used for entertainment. The ship may have live music, comedy, theatre shows, dancing, quizzes, and other performances. We should look at the daily schedule each morning and decide whether there are any shows that the whole family wants to attend. Some shows may require reservations, so these should be booked early. If Mum enjoys dancing or live music, one evening could be dedicated to going to one of the ship's entertainment venues together."
16,What should we consider when deciding whether to buy an express pass?,What should we consider when deciding whether to buy an express pass?,True,24,9,0.015151515151515152,,,False,"The Orlando portion of the holiday will probably last around three or four days. We want to visit some of the biggest attractions without making the schedule so busy that everyone becomes exhausted before the cruise starts. Walt Disney World is one of the main priorities because Mum has always wanted to experience the Disney parks as part of a family trip. We also want to visit Universal Orlando, particularly because some members of the family are interested in the rides and attractions. We should leave at least one evening relatively free so that everyone can have dinner together and relax. Shopping may also be included, particularly if there are outlet malls close to our hotel. We need to decide whether renting a car is worthwhile or whether using taxis and ride-sharing services will be easier for a group of people."
16,What should we consider when deciding whether to buy an express pass?,What should we consider when deciding whether to buy an express pass?,True,26,10,0.014925373134328358,,,False,"The cruise will stop at destinations in Mexico and the Bahamas. We want to have a different type of experience at each destination instead of simply visiting the same type of beach every time. In Mexico, we are interested in local culture, food, sightseeing, and possibly a guided excursion. In the Bahamas, the preference is for a more relaxed beach-focused day, although people may also want to snorkel, swim, shop, or explore the local area. We need to check the exact port times before booking anything because cruise ships have strict departure times. If we book an independent excursion, we need to make sure there is plenty of time to return to the ship.

There are a large number of practical details that need to be organised before the holiday. Flights need to be booked, accommodation in Orlando needs to be confirmed, and transport from the airport to the hotel and then from Orlando to the cruise port needs to be arranged. We also need to confirm the cruise booking, check passport requirements, purchase appropriate travel insurance, and make sure everyone has access to the booking information. It would be useful to create a shared itinerary containing flights, hotel information, cruise details, excursions, restaurant bookings, and important telephone numbers."
17,What transport options are suggested for getting around Orlando?,What transport options are suggested for getting around Orlando?,True,18,1,0.032266458495966696,2,0.564315140247345,True,"We plan to spend approximately three or four days in Orlando before boarding the cruise. The exact number of days will depend on flight prices, the cruise departure time, and how much time we want to spend at the theme parks. The main purpose of the Orlando section is to experience some of the city's famous attractions while still allowing everyone enough time to recover from the international flight. We do not want the first day to be overloaded with activities because everyone may be tired after travelling from the UK.

On arrival in Orlando, the first priority will be getting from the airport to the hotel. We need to compare the cost and convenience of a rental car, hotel shuttle, taxi, and ride-sharing services. If we rent a car, we need to consider parking costs at the hotel and theme parks as well as fuel and insurance. If we do not rent a car, we should check how easy it will be to get to the different attractions from our hotel. Ideally, the hotel should be reasonably central for the activities we plan to do and should have good transport options."
17,What transport options are suggested for getting around Orlando?,What transport options are suggested for getting around Orlando?,True,4,2,0.031754032258064516,1,0.5979606509208679,True,"Transport needs to be planned for the entire holiday. The first journey will be from the airport to the Orlando hotel. We then need transport to Disney, Universal, restaurants, shopping areas, and eventually the cruise port. A rental car could provide flexibility but would introduce costs for the rental itself, fuel, parking, and insurance. Ride-sharing could be simpler for individual journeys, but multiple long journeys could become expensive. We should compare the estimated total cost of each option.

The cruise price should be broken down carefully. Some food and entertainment will probably be included, while speciality restaurants, premium drinks, certain activities, internet packages, excursions, and other services may cost extra. We should identify which optional costs are likely to apply to our family. A daily spending allowance for the cruise could help prevent unexpected expenses.

Excursions in Mexico and the Bahamas should have their own budget. Before booking, we should compare cruise excursions with independent tours and consider what is included in each price. An excursion advertised at a low price might exclude transportation, food, equipment, or entrance fees. We should calculate the full cost for the entire family before deciding."
17,What transport options are suggested for getting around Orlando?,What transport options are suggested for getting around Orlando?,True,3,3,0.030303030303030304,3,0.4423238933086395,False,"Accommodation in Orlando should be chosen based on location, price, facilities, and transport options. Staying closer to the theme parks could reduce travel time but may cost more. A hotel with a swimming pool and breakfast could be useful because it would give everyone somewhere to relax between activities. We should also check parking charges if we decide to rent a car. Resort fees and other additional hotel charges should be included in the final calculation rather than looking only at the advertised nightly rate.

Theme park tickets are another major expense. We need to decide which parks we are actually going to visit before buying tickets. Buying access to more parks than we can realistically visit would waste money. We should compare single-day tickets with multi-day or combination tickets and check whether there are any restrictions on dates. If we want to use express or fast-access options at Universal or similar services at Disney, these costs need to be added to the budget."
17,What transport options are suggested for getting around Orlando?,What transport options are suggested for getting around Orlando?,True,2,4,0.030158730158730156,,,False,"Planning the budget will be important because this holiday combines an international flight, several nights in Orlando, expensive theme park visits, a cruise, excursions, and a major birthday celebration. We should establish the approximate total budget before making too many optional bookings. The main costs will be flights, Orlando accommodation, transport, theme park tickets, cruise fares, food and drinks, excursions, travel insurance, birthday expenses, shopping, and general spending money.

Flights from the UK to Orlando will probably be one of the largest initial expenses. We should compare different airlines and flight times rather than looking only at the cheapest ticket. A cheaper flight that arrives at an inconvenient time could result in needing an additional hotel night or expensive transport. We should also consider baggage allowances because we will need luggage for both the Orlando part of the trip and the cruise. If the airline charges separately for checked bags, that should be included when comparing prices."
17,What transport options are suggested for getting around Orlando?,What transport options are suggested for getting around Orlando?,True,21,5,0.028991596638655463,,,False,"We should not schedule every minute of the Universal day. Theme parks can become tiring, especially when the weather is hot. The group should take breaks for food and drinks and make sure everyone is comfortable. Mum's birthday is the reason for the trip, so we should make sure the theme park schedule is enjoyable for her rather than focusing entirely on the biggest rides. If some people want to spend several hours on more intense rides, other members of the family could have a more relaxed activity planned at the same time.

Shopping is another possible Orlando activity. There are several large outlet shopping centres where the group could spend a few hours looking for clothes, shoes, gifts, and other items. Shopping should probably be scheduled for an afternoon or evening rather than replacing one of the major attractions. We should also remember that anything bought in Orlando will need to fit into our luggage for the remainder of the trip, particularly because we will have to transport our bags to the cruise.

Food will be an important part of the Orlando experience. We should try a mixture of American restaurants and local or international food rather than eating at the theme parks for every meal. One evening could be used for a nicer family dinner to begin the birthday celebrations. We should research restaurants in advance if we want a particular location or type of food because popular restaurants can become busy."
17,What transport options are suggested for getting around Orlando?,What transport options are suggested for getting around Orlando?,True,22,6,0.01639344262295082,4,0.3762110471725464,False,"At the end of the Orlando stay, we need to travel to the cruise port. The exact port and departure time will determine when we need to leave the hotel. We should build in plenty of extra time because traffic around Orlando and the cruise port could cause delays. If we have rented a car, we need to arrange its return before boarding the ship. If we use a transfer service, the booking should be confirmed a few days beforehand. We should also make sure that all luggage is labelled correctly and that everyone has their cruise documents easily accessible.

The Orlando itinerary should therefore balance major attractions with rest. A possible structure would be arrival and relaxation on the first day, Disney on the second day, Universal on the third day, and shopping or a relaxed activity before travelling to the cruise port. However, this should remain flexible depending on flight times, ticket prices, weather, and how everyone feels. The goal is to arrive at the cruise feeling excited rather than exhausted."
17,What transport options are suggested for getting around Orlando?,What transport options are suggested for getting around Orlando?,True,27,7,0.016129032258064516,,,False,"The budget should be agreed before we start booking optional activities. The main expenses will include flights, Orlando accommodation, theme park tickets, transport, the cruise itself, food and drinks outside what is included in the cruise fare, excursions, shopping, travel insurance, and spending money. Mum's birthday celebration should have its own budget so that we can decide how much to spend on dinner, cake, decorations, and a present. Everyone should understand which costs are shared and which costs are personal. We should also keep some emergency money available in case transport costs more than expected or plans have to change.

The trip should be enjoyable for everyone, so the itinerary should not be completely packed. We should have a mixture of planned activities and free time. The most important things are spending time together, celebrating Mum's birthday, experiencing Orlando, enjoying the cruise, and making good memories as a family. Before the trip, we should hold a final planning meeting where everyone can review the itinerary, confirm their bookings, discuss what they want to do at each destination, and raise any concerns. A shared digital document or group chat could be used to keep everyone updated. The final itinerary should include all confirmed bookings as well as alternative options in case weather, transport problems, or other circumstances cause plans to change."
17,What transport options are suggested for getting around Orlando?,What transport options are suggested for getting around Orlando?,True,24,8,0.015625,,,True,"The Orlando portion of the holiday will probably last around three or four days. We want to visit some of the biggest attractions without making the schedule so busy that everyone becomes exhausted before the cruise starts. Walt Disney World is one of the main priorities because Mum has always wanted to experience the Disney parks as part of a family trip. We also want to visit Universal Orlando, particularly because some members of the family are interested in the rides and attractions. We should leave at least one evening relatively free so that everyone can have dinner together and relax. Shopping may also be included, particularly if there are outlet malls close to our hotel. We need to decide whether renting a car is worthwhile or whether using taxis and ride-sharing services will be easier for a group of people."
17,What transport options are suggested for getting around Orlando?,What transport options are suggested for getting around Orlando?,True,7,9,0.015384615384615385,5,0.3316720128059387,False,"The final itinerary should contain a day-by-day schedule with flights, accommodation, Orlando activities, transport, cruise information, port stops, excursions, birthday plans, and important contact information. However, it should not be so rigid that there is no room for spontaneous activities. The trip is ultimately a family celebration, so there should be plenty of time to relax, take photographs, enjoy meals together, and celebrate Mum's 60th birthday."
17,What transport options are suggested for getting around Orlando?,What transport options are suggested for getting around Orlando?,True,19,10,0.015384615384615385,,,False,"The first evening should be relatively relaxed. After checking into the hotel, we could have dinner somewhere nearby and spend some time walking around the area or simply relaxing at the hotel. If everyone has enough energy, we could visit a shopping or entertainment area, but this should remain optional. We should avoid staying up too late because the next few days are likely to involve long periods at the theme parks. The first evening would also be a good opportunity to make sure everyone has their tickets, reservations, and transport arrangements ready.

One of the main priorities is visiting Walt Disney World. We need to decide which park we want to visit because there are several different Disney parks and it may not be realistic to visit all of them in one day. Magic Kingdom would provide the most traditional Disney experience, with the castle, classic attractions, and many of the characters and experiences people associate with Disney. EPCOT could be another option for the group because it combines rides with different international areas, restaurants, and cultural experiences. Hollywood Studios and Animal Kingdom are also possibilities, but trying to visit too many parks could make the day exhausting."
18,What costs need to be considered if we rent a car?,What costs need to be considered if we rent a car?,True,4,1,0.03252247488101534,3,0.4731465280056,True,"Transport needs to be planned for the entire holiday. The first journey will be from the airport to the Orlando hotel. We then need transport to Disney, Universal, restaurants, shopping areas, and eventually the cruise port. A rental car could provide flexibility but would introduce costs for the rental itself, fuel, parking, and insurance. Ride-sharing could be simpler for individual journeys, but multiple long journeys could become expensive. We should compare the estimated total cost of each option.

The cruise price should be broken down carefully. Some food and entertainment will probably be included, while speciality restaurants, premium drinks, certain activities, internet packages, excursions, and other services may cost extra. We should identify which optional costs are likely to apply to our family. A daily spending allowance for the cruise could help prevent unexpected expenses.

Excursions in Mexico and the Bahamas should have their own budget. Before booking, we should compare cruise excursions with independent tours and consider what is included in each price. An excursion advertised at a low price might exclude transportation, food, equipment, or entrance fees. We should calculate the full cost for the entire family before deciding."
18,What costs need to be considered if we rent a car?,What costs need to be considered if we rent a car?,True,3,2,0.03200204813108039,2,0.5683444738388062,True,"Accommodation in Orlando should be chosen based on location, price, facilities, and transport options. Staying closer to the theme parks could reduce travel time but may cost more. A hotel with a swimming pool and breakfast could be useful because it would give everyone somewhere to relax between activities. We should also check parking charges if we decide to rent a car. Resort fees and other additional hotel charges should be included in the final calculation rather than looking only at the advertised nightly rate.

Theme park tickets are another major expense. We need to decide which parks we are actually going to visit before buying tickets. Buying access to more parks than we can realistically visit would waste money. We should compare single-day tickets with multi-day or combination tickets and check whether there are any restrictions on dates. If we want to use express or fast-access options at Universal or similar services at Disney, these costs need to be added to the budget."
18,What costs need to be considered if we rent a car?,What costs need to be considered if we rent a car?,True,18,3,0.03177805800756621,1,0.7194826602935791,True,"We plan to spend approximately three or four days in Orlando before boarding the cruise. The exact number of days will depend on flight prices, the cruise departure time, and how much time we want to spend at the theme parks. The main purpose of the Orlando section is to experience some of the city's famous attractions while still allowing everyone enough time to recover from the international flight. We do not want the first day to be overloaded with activities because everyone may be tired after travelling from the UK.

On arrival in Orlando, the first priority will be getting from the airport to the hotel. We need to compare the cost and convenience of a rental car, hotel shuttle, taxi, and ride-sharing services. If we rent a car, we need to consider parking costs at the hotel and theme parks as well as fuel and insurance. If we do not rent a car, we should check how easy it will be to get to the different attractions from our hotel. Ideally, the hotel should be reasonably central for the activities we plan to do and should have good transport options."
18,What costs need to be considered if we rent a car?,What costs need to be considered if we rent a car?,True,2,4,0.03125763125763126,,,False,"Planning the budget will be important because this holiday combines an international flight, several nights in Orlando, expensive theme park visits, a cruise, excursions, and a major birthday celebration. We should establish the approximate total budget before making too many optional bookings. The main costs will be flights, Orlando accommodation, transport, theme park tickets, cruise fares, food and drinks, excursions, travel insurance, birthday expenses, shopping, and general spending money.

Flights from the UK to Orlando will probably be one of the largest initial expenses. We should compare different airlines and flight times rather than looking only at the cheapest ticket. A cheaper flight that arrives at an inconvenient time could result in needing an additional hotel night or expensive transport. We should also consider baggage allowances because we will need luggage for both the Orlando part of the trip and the cruise. If the airline charges separately for checked bags, that should be included when comparing prices."
18,What costs need to be considered if we rent a car?,What costs need to be considered if we rent a car?,True,27,5,0.015625,,,False,"The budget should be agreed before we start booking optional activities. The main expenses will include flights, Orlando accommodation, theme park tickets, transport, the cruise itself, food and drinks outside what is included in the cruise fare, excursions, shopping, travel insurance, and spending money. Mum's birthday celebration should have its own budget so that we can decide how much to spend on dinner, cake, decorations, and a present. Everyone should understand which costs are shared and which costs are personal. We should also keep some emergency money available in case transport costs more than expected or plans have to change.

The trip should be enjoyable for everyone, so the itinerary should not be completely packed. We should have a mixture of planned activities and free time. The most important things are spending time together, celebrating Mum's birthday, experiencing Orlando, enjoying the cruise, and making good memories as a family. Before the trip, we should hold a final planning meeting where everyone can review the itinerary, confirm their bookings, discuss what they want to do at each destination, and raise any concerns. A shared digital document or group chat could be used to keep everyone updated. The final itinerary should include all confirmed bookings as well as alternative options in case weather, transport problems, or other circumstances cause plans to change."
18,What costs need to be considered if we rent a car?,What costs need to be considered if we rent a car?,True,22,6,0.015625,5,0.2265615016222,False,"At the end of the Orlando stay, we need to travel to the cruise port. The exact port and departure time will determine when we need to leave the hotel. We should build in plenty of extra time because traffic around Orlando and the cruise port could cause delays. If we have rented a car, we need to arrange its return before boarding the ship. If we use a transfer service, the booking should be confirmed a few days beforehand. We should also make sure that all luggage is labelled correctly and that everyone has their cruise documents easily accessible.

The Orlando itinerary should therefore balance major attractions with rest. A possible structure would be arrival and relaxation on the first day, Disney on the second day, Universal on the third day, and shopping or a relaxed activity before travelling to the cruise port. However, this should remain flexible depending on flight times, ticket prices, weather, and how everyone feels. The goal is to arrive at the cruise feeling excited rather than exhausted."
18,What costs need to be considered if we rent a car?,What costs need to be considered if we rent a car?,True,24,7,0.015151515151515152,4,0.27037832140922546,False,"The Orlando portion of the holiday will probably last around three or four days. We want to visit some of the biggest attractions without making the schedule so busy that everyone becomes exhausted before the cruise starts. Walt Disney World is one of the main priorities because Mum has always wanted to experience the Disney parks as part of a family trip. We also want to visit Universal Orlando, particularly because some members of the family are interested in the rides and attractions. We should leave at least one evening relatively free so that everyone can have dinner together and relax. Shopping may also be included, particularly if there are outlet malls close to our hotel. We need to decide whether renting a car is worthwhile or whether using taxis and ride-sharing services will be easier for a group of people."
18,What costs need to be considered if we rent a car?,What costs need to be considered if we rent a car?,True,20,8,0.014925373134328358,,,False,"If we visit Disney, we should decide in advance which attractions are priorities. It would be useful to make a short list of must-do rides and experiences rather than attempting to see everything. We should also plan where we want to eat because popular restaurants can require reservations. The group should arrange a meeting point in case people become separated, particularly because theme parks are large and busy. Everyone should carry their phone, but it would still be sensible to establish a clear meeting location and time.

The second major theme park day could be spent at Universal Orlando. Universal is particularly appealing to family members who enjoy rides and film-related attractions. We should look at the different areas of the park and decide whether we need a single-park or multi-park ticket. If the Harry Potter attractions are a priority, we need to consider whether a ticket allowing access to the relevant areas is necessary. We should also check whether an express pass is worthwhile based on expected crowds and the rides we want to experience."
18,What costs need to be considered if we rent a car?,What costs need to be considered if we rent a car?,True,15,9,0.014705882352941176,,,False,"Shopping could also be included in the Bahamas itinerary. Depending on the port, there may be markets and shops selling souvenirs, clothing, jewellery, food, and other items. We should decide in advance whether shopping is a major priority or simply something we will do if there is time. It would be sensible to leave enough room in the budget for souvenirs because family members may want to buy gifts.

We should compare cruise-organised excursions with independent excursions before making a decision. Cruise excursions are often more expensive, but they may provide more structured transport and reassurance about returning to the ship. Independent excursions can provide greater flexibility, but the responsibility for getting back to the ship falls on us. The decision should therefore consider not only price but also the length of the excursion, distance from the port, cancellation policies, and the needs of the family.

Safety and comfort should be considered for every excursion. Everyone should carry the essentials but avoid taking unnecessary valuables ashore. We should have a meeting point near the port in case members of the group become separated. Everyone should also know the ship's name and departure time. It would be useful for everyone to have a copy or screenshot of the day's schedule."
18,What costs need to be considered if we rent a car?,What costs need to be considered if we rent a car?,True,13,10,0.014492753623188406,,,False,"The cruise stops in Mexico and the Bahamas are an important part of the trip because they give the family opportunities to experience places outside the cruise ship. We want each destination to feel different and would prefer to have a rough plan before travelling. At the same time, we do not want every hour to be scheduled because part of the appeal of a cruise is being able to relax and decide what to do once we arrive.

The Mexico stop should focus more on sightseeing, culture, food, and experiencing the local area. The exact activities will depend on which Mexican port the cruise visits. One option would be to book an organised excursion through the cruise company. This could involve visiting historical sites, exploring the town, taking a guided tour, or visiting a beach resort. An organised excursion would make transport easier and would reduce the risk of having problems getting back to the ship before departure.

Another possibility in Mexico would be arranging an independent excursion. This could give us more flexibility and potentially cost less than a cruise-organised tour. However, we would need to research the transport carefully and make sure the excursion does not take us too far from the port. We should also check the cancellation policy in case the ship arrives late or weather affects the excursion."
19,What are the advantages and disadvantages of using ride-sharing services?,What are the advantages and disadvantages of using ride-sharing services?,True,4,1,0.032266458495966696,2,0.34780341386795044,True,"Transport needs to be planned for the entire holiday. The first journey will be from the airport to the Orlando hotel. We then need transport to Disney, Universal, restaurants, shopping areas, and eventually the cruise port. A rental car could provide flexibility but would introduce costs for the rental itself, fuel, parking, and insurance. Ride-sharing could be simpler for individual journeys, but multiple long journeys could become expensive. We should compare the estimated total cost of each option.

The cruise price should be broken down carefully. Some food and entertainment will probably be included, while speciality restaurants, premium drinks, certain activities, internet packages, excursions, and other services may cost extra. We should identify which optional costs are likely to apply to our family. A daily spending allowance for the cruise could help prevent unexpected expenses.

Excursions in Mexico and the Bahamas should have their own budget. Before booking, we should compare cruise excursions with independent tours and consider what is included in each price. An excursion advertised at a low price might exclude transportation, food, equipment, or entrance fees. We should calculate the full cost for the entire family before deciding."
19,What are the advantages and disadvantages of using ride-sharing services?,What are the advantages and disadvantages of using ride-sharing services?,True,24,2,0.01639344262295082,1,0.38671767711639404,False,"The Orlando portion of the holiday will probably last around three or four days. We want to visit some of the biggest attractions without making the schedule so busy that everyone becomes exhausted before the cruise starts. Walt Disney World is one of the main priorities because Mum has always wanted to experience the Disney parks as part of a family trip. We also want to visit Universal Orlando, particularly because some members of the family are interested in the rides and attractions. We should leave at least one evening relatively free so that everyone can have dinner together and relax. Shopping may also be included, particularly if there are outlet malls close to our hotel. We need to decide whether renting a car is worthwhile or whether using taxis and ride-sharing services will be easier for a group of people."
19,What are the advantages and disadvantages of using ride-sharing services?,What are the advantages and disadvantages of using ride-sharing services?,True,10,3,0.016129032258064516,,,False,"Photography should also be an important part of the celebration. We should take family photographs throughout the cruise rather than relying entirely on one birthday photo. The ship is likely to have several scenic locations that would make good backgrounds, particularly in the evening. We could also arrange one more formal family photograph on the birthday itself. If the cruise company offers professional photography, we can consider whether the packages represent good value.

There should also be time for everyone to enjoy the cruise independently. Some family members may want to spend time around the swimming pool, while others might prefer the gym, live entertainment, bars, games, or other activities. It would be unrealistic to expect everyone to do everything together for the entire trip. We should identify a few activities that everyone wants to experience together and allow people to choose their own activities at other times.

The evenings could be used for entertainment. The ship may have live music, comedy, theatre shows, dancing, quizzes, and other performances. We should look at the daily schedule each morning and decide whether there are any shows that the whole family wants to attend. Some shows may require reservations, so these should be booked early. If Mum enjoys dancing or live music, one evening could be dedicated to going to one of the ship's entertainment venues together."
19,What are the advantages and disadvantages of using ride-sharing services?,What are the advantages and disadvantages of using ride-sharing services?,True,18,4,0.016129032258064516,3,0.29913127422332764,False,"We plan to spend approximately three or four days in Orlando before boarding the cruise. The exact number of days will depend on flight prices, the cruise departure time, and how much time we want to spend at the theme parks. The main purpose of the Orlando section is to experience some of the city's famous attractions while still allowing everyone enough time to recover from the international flight. We do not want the first day to be overloaded with activities because everyone may be tired after travelling from the UK.

On arrival in Orlando, the first priority will be getting from the airport to the hotel. We need to compare the cost and convenience of a rental car, hotel shuttle, taxi, and ride-sharing services. If we rent a car, we need to consider parking costs at the hotel and theme parks as well as fuel and insurance. If we do not rent a car, we should check how easy it will be to get to the different attractions from our hotel. Ideally, the hotel should be reasonably central for the activities we plan to do and should have good transport options."
19,What are the advantages and disadvantages of using ride-sharing services?,What are the advantages and disadvantages of using ride-sharing services?,True,8,5,0.015873015873015872,,,False,"The cruise is the central part of the birthday holiday and will provide the main setting for the family celebration. After spending several days in Orlando, we will travel to the cruise port and board the ship. Before leaving Orlando, everyone should make sure they have their cruise documents, passports, medication if required, luggage, and any other important items. We should check the cruise company's boarding instructions carefully because there will be a specific arrival window and security process.

Once on board, everyone should take some time to explore the ship. The ship will probably have several restaurants, swimming pools, lounges, entertainment venues, shops, fitness facilities, and other activities. It would be useful to identify the main areas on the first day so that everyone knows where things are. We should also check the daily activity schedule because there may be events that require advance booking. Some activities will probably be included in the cruise fare, while others may have an additional cost."
19,What are the advantages and disadvantages of using ride-sharing services?,What are the advantages and disadvantages of using ride-sharing services?,True,20,6,0.015625,,,False,"If we visit Disney, we should decide in advance which attractions are priorities. It would be useful to make a short list of must-do rides and experiences rather than attempting to see everything. We should also plan where we want to eat because popular restaurants can require reservations. The group should arrange a meeting point in case people become separated, particularly because theme parks are large and busy. Everyone should carry their phone, but it would still be sensible to establish a clear meeting location and time.

The second major theme park day could be spent at Universal Orlando. Universal is particularly appealing to family members who enjoy rides and film-related attractions. We should look at the different areas of the park and decide whether we need a single-park or multi-park ticket. If the Harry Potter attractions are a priority, we need to consider whether a ticket allowing access to the relevant areas is necessary. We should also check whether an express pass is worthwhile based on expected crowds and the rides we want to experience."
19,What are the advantages and disadvantages of using ride-sharing services?,What are the advantages and disadvantages of using ride-sharing services?,True,3,7,0.015384615384615385,5,0.09401869028806686,False,"Accommodation in Orlando should be chosen based on location, price, facilities, and transport options. Staying closer to the theme parks could reduce travel time but may cost more. A hotel with a swimming pool and breakfast could be useful because it would give everyone somewhere to relax between activities. We should also check parking charges if we decide to rent a car. Resort fees and other additional hotel charges should be included in the final calculation rather than looking only at the advertised nightly rate.

Theme park tickets are another major expense. We need to decide which parks we are actually going to visit before buying tickets. Buying access to more parks than we can realistically visit would waste money. We should compare single-day tickets with multi-day or combination tickets and check whether there are any restrictions on dates. If we want to use express or fast-access options at Universal or similar services at Disney, these costs need to be added to the budget."
19,What are the advantages and disadvantages of using ride-sharing services?,What are the advantages and disadvantages of using ride-sharing services?,True,9,8,0.015151515151515152,,,False,"Food will be one of the major parts of the cruise experience. There may be a main dining room, buffet, casual restaurants, speciality restaurants, cafes, and room service. We should check which options are included and which cost extra. Since this is a family birthday trip, it would be nice to have at least one special dinner where everyone sits together. We could choose one of the speciality restaurants if the cost is reasonable, or use the main dining room if we want a more traditional cruise experience.

Mum's 60th birthday should receive particular attention. We want to make the day feel different from the other days of the cruise. The first step is finding out whether the cruise company offers birthday packages. These could potentially include a cake, decorations, a special message, flowers, or a celebration arranged by the dining staff. We should contact the cruise company before travelling rather than assuming these services can be organised on the day.

A birthday dinner would probably be the main event. We could arrange for everyone to sit together, order a special meal, and have a birthday cake brought out at the end. It may also be possible to arrange decorations at the table or in Mum's cabin. Another idea is to organise a small surprise where the rest of the family knows the plan but Mum does not. We should be careful not to create an unnecessarily complicated surprise because the cruise schedule may change."
19,What are the advantages and disadvantages of using ride-sharing services?,What are the advantages and disadvantages of using ride-sharing services?,True,21,9,0.014925373134328358,,,False,"We should not schedule every minute of the Universal day. Theme parks can become tiring, especially when the weather is hot. The group should take breaks for food and drinks and make sure everyone is comfortable. Mum's birthday is the reason for the trip, so we should make sure the theme park schedule is enjoyable for her rather than focusing entirely on the biggest rides. If some people want to spend several hours on more intense rides, other members of the family could have a more relaxed activity planned at the same time.

Shopping is another possible Orlando activity. There are several large outlet shopping centres where the group could spend a few hours looking for clothes, shoes, gifts, and other items. Shopping should probably be scheduled for an afternoon or evening rather than replacing one of the major attractions. We should also remember that anything bought in Orlando will need to fit into our luggage for the remainder of the trip, particularly because we will have to transport our bags to the cruise.

Food will be an important part of the Orlando experience. We should try a mixture of American restaurants and local or international food rather than eating at the theme parks for every meal. One evening could be used for a nicer family dinner to begin the birthday celebrations. We should research restaurants in advance if we want a particular location or type of food because popular restaurants can become busy."
19,What are the advantages and disadvantages of using ride-sharing services?,What are the advantages and disadvantages of using ride-sharing services?,True,27,10,0.014705882352941176,4,0.10209880769252777,False,"The budget should be agreed before we start booking optional activities. The main expenses will include flights, Orlando accommodation, theme park tickets, transport, the cruise itself, food and drinks outside what is included in the cruise fare, excursions, shopping, travel insurance, and spending money. Mum's birthday celebration should have its own budget so that we can decide how much to spend on dinner, cake, decorations, and a present. Everyone should understand which costs are shared and which costs are personal. We should also keep some emergency money available in case transport costs more than expected or plans have to change.

The trip should be enjoyable for everyone, so the itinerary should not be completely packed. We should have a mixture of planned activities and free time. The most important things are spending time together, celebrating Mum's birthday, experiencing Orlando, enjoying the cruise, and making good memories as a family. Before the trip, we should hold a final planning meeting where everyone can review the itinerary, confirm their bookings, discuss what they want to do at each destination, and raise any concerns. A shared digital document or group chat could be used to keep everyone updated. The final itinerary should include all confirmed bookings as well as alternative options in case weather, transport problems, or other circumstances cause plans to change."
20,How should we get from Orlando to the cruise port?,How should we get from Orlando to the cruise port?,True,22,1,0.03278688524590164,1,0.8950193524360657,True,"At the end of the Orlando stay, we need to travel to the cruise port. The exact port and departure time will determine when we need to leave the hotel. We should build in plenty of extra time because traffic around Orlando and the cruise port could cause delays. If we have rented a car, we need to arrange its return before boarding the ship. If we use a transfer service, the booking should be confirmed a few days beforehand. We should also make sure that all luggage is labelled correctly and that everyone has their cruise documents easily accessible.

The Orlando itinerary should therefore balance major attractions with rest. A possible structure would be arrival and relaxation on the first day, Disney on the second day, Universal on the third day, and shopping or a relaxed activity before travelling to the cruise port. However, this should remain flexible depending on flight times, ticket prices, weather, and how everyone feels. The goal is to arrive at the cruise feeling excited rather than exhausted."
20,How should we get from Orlando to the cruise port?,How should we get from Orlando to the cruise port?,True,18,2,0.031754032258064516,,,False,"We plan to spend approximately three or four days in Orlando before boarding the cruise. The exact number of days will depend on flight prices, the cruise departure time, and how much time we want to spend at the theme parks. The main purpose of the Orlando section is to experience some of the city's famous attractions while still allowing everyone enough time to recover from the international flight. We do not want the first day to be overloaded with activities because everyone may be tired after travelling from the UK.

On arrival in Orlando, the first priority will be getting from the airport to the hotel. We need to compare the cost and convenience of a rental car, hotel shuttle, taxi, and ride-sharing services. If we rent a car, we need to consider parking costs at the hotel and theme parks as well as fuel and insurance. If we do not rent a car, we should check how easy it will be to get to the different attractions from our hotel. Ideally, the hotel should be reasonably central for the activities we plan to do and should have good transport options."
20,How should we get from Orlando to the cruise port?,How should we get from Orlando to the cruise port?,True,26,3,0.031754032258064516,4,0.7874906659126282,True,"The cruise will stop at destinations in Mexico and the Bahamas. We want to have a different type of experience at each destination instead of simply visiting the same type of beach every time. In Mexico, we are interested in local culture, food, sightseeing, and possibly a guided excursion. In the Bahamas, the preference is for a more relaxed beach-focused day, although people may also want to snorkel, swim, shop, or explore the local area. We need to check the exact port times before booking anything because cruise ships have strict departure times. If we book an independent excursion, we need to make sure there is plenty of time to return to the ship.

There are a large number of practical details that need to be organised before the holiday. Flights need to be booked, accommodation in Orlando needs to be confirmed, and transport from the airport to the hotel and then from Orlando to the cruise port needs to be arranged. We also need to confirm the cruise booking, check passport requirements, purchase appropriate travel insurance, and make sure everyone has access to the booking information. It would be useful to create a shared itinerary containing flights, hotel information, cruise details, excursions, restaurant bookings, and important telephone numbers."
20,How should we get from Orlando to the cruise port?,How should we get from Orlando to the cruise port?,True,23,4,0.031746031746031744,5,0.7460839152336121,False,"The main plan is to celebrate Mum’s 60th birthday with a special family holiday combining a few days in Orlando with a Caribbean cruise. The idea is to make the entire trip feel like one large birthday celebration rather than treating the cruise and Orlando as two completely separate holidays. We will fly from the UK to Orlando, spend several days exploring the city and visiting some of the major tourist attractions, and then travel to the cruise port to board the ship. After boarding, we will spend several days enjoying the facilities on the cruise ship and visiting different destinations in Mexico and the Bahamas. Once the cruise is finished, we will return to Orlando or travel directly to the airport depending on the cruise schedule and our flight arrangements."
20,How should we get from Orlando to the cruise port?,How should we get from Orlando to the cruise port?,True,8,5,0.030303030303030304,2,0.8593928217887878,False,"The cruise is the central part of the birthday holiday and will provide the main setting for the family celebration. After spending several days in Orlando, we will travel to the cruise port and board the ship. Before leaving Orlando, everyone should make sure they have their cruise documents, passports, medication if required, luggage, and any other important items. We should check the cruise company's boarding instructions carefully because there will be a specific arrival window and security process.

Once on board, everyone should take some time to explore the ship. The ship will probably have several restaurants, swimming pools, lounges, entertainment venues, shops, fitness facilities, and other activities. It would be useful to identify the main areas on the first day so that everyone knows where things are. We should also check the daily activity schedule because there may be events that require advance booking. Some activities will probably be included in the cruise fare, while others may have an additional cost."
20,How should we get from Orlando to the cruise port?,How should we get from Orlando to the cruise port?,True,4,6,0.030090497737556562,3,0.8062587380409241,False,"Transport needs to be planned for the entire holiday. The first journey will be from the airport to the Orlando hotel. We then need transport to Disney, Universal, restaurants, shopping areas, and eventually the cruise port. A rental car could provide flexibility but would introduce costs for the rental itself, fuel, parking, and insurance. Ride-sharing could be simpler for individual journeys, but multiple long journeys could become expensive. We should compare the estimated total cost of each option.

The cruise price should be broken down carefully. Some food and entertainment will probably be included, while speciality restaurants, premium drinks, certain activities, internet packages, excursions, and other services may cost extra. We should identify which optional costs are likely to apply to our family. A daily spending allowance for the cruise could help prevent unexpected expenses.

Excursions in Mexico and the Bahamas should have their own budget. Before booking, we should compare cruise excursions with independent tours and consider what is included in each price. An excursion advertised at a low price might exclude transportation, food, equipment, or entrance fees. We should calculate the full cost for the entire family before deciding."
20,How should we get from Orlando to the cruise port?,How should we get from Orlando to the cruise port?,True,13,7,0.02967032967032967,,,False,"The cruise stops in Mexico and the Bahamas are an important part of the trip because they give the family opportunities to experience places outside the cruise ship. We want each destination to feel different and would prefer to have a rough plan before travelling. At the same time, we do not want every hour to be scheduled because part of the appeal of a cruise is being able to relax and decide what to do once we arrive.

The Mexico stop should focus more on sightseeing, culture, food, and experiencing the local area. The exact activities will depend on which Mexican port the cruise visits. One option would be to book an organised excursion through the cruise company. This could involve visiting historical sites, exploring the town, taking a guided tour, or visiting a beach resort. An organised excursion would make transport easier and would reduce the risk of having problems getting back to the ship before departure.

Another possibility in Mexico would be arranging an independent excursion. This could give us more flexibility and potentially cost less than a cruise-organised tour. However, we would need to research the transport carefully and make sure the excursion does not take us too far from the port. We should also check the cancellation policy in case the ship arrives late or weather affects the excursion."
20,How should we get from Orlando to the cruise port?,How should we get from Orlando to the cruise port?,True,6,8,0.02919863597612958,,,False,"A shared packing checklist should be created several weeks before departure. Important items will include passports, travel documents, phones, chargers, medication, comfortable shoes, swimwear, sun protection, appropriate clothing for the cruise, formal or smart clothing if required for dinner, and any birthday decorations that we decide to bring from home. We should avoid packing too much because there will be opportunities to shop in Orlando and potentially at the cruise destinations.

The final two weeks before the trip should be used for confirmation rather than major planning. Flights, hotels, cruise bookings, excursions, restaurant reservations, theme park tickets, and transport should all be checked. We should confirm the times and locations of any excursions and make sure everyone knows when they need to be ready.

A final family meeting could take place shortly before departure. During the meeting, we can review the full itinerary, confirm who is responsible for each booking, discuss the birthday surprise, and make sure everyone understands the plan. We should also agree on what to do if someone gets separated from the group or if a planned activity is cancelled."
20,How should we get from Orlando to the cruise port?,How should we get from Orlando to the cruise port?,True,24,9,0.014925373134328358,,,False,"The Orlando portion of the holiday will probably last around three or four days. We want to visit some of the biggest attractions without making the schedule so busy that everyone becomes exhausted before the cruise starts. Walt Disney World is one of the main priorities because Mum has always wanted to experience the Disney parks as part of a family trip. We also want to visit Universal Orlando, particularly because some members of the family are interested in the rides and attractions. We should leave at least one evening relatively free so that everyone can have dinner together and relax. Shopping may also be included, particularly if there are outlet malls close to our hotel. We need to decide whether renting a car is worthwhile or whether using taxis and ride-sharing services will be easier for a group of people."
20,How should we get from Orlando to the cruise port?,How should we get from Orlando to the cruise port?,True,15,10,0.014925373134328358,,,False,"Shopping could also be included in the Bahamas itinerary. Depending on the port, there may be markets and shops selling souvenirs, clothing, jewellery, food, and other items. We should decide in advance whether shopping is a major priority or simply something we will do if there is time. It would be sensible to leave enough room in the budget for souvenirs because family members may want to buy gifts.

We should compare cruise-organised excursions with independent excursions before making a decision. Cruise excursions are often more expensive, but they may provide more structured transport and reassurance about returning to the ship. Independent excursions can provide greater flexibility, but the responsibility for getting back to the ship falls on us. The decision should therefore consider not only price but also the length of the excursion, distance from the port, cancellation policies, and the needs of the family.

Safety and comfort should be considered for every excursion. Everyone should carry the essentials but avoid taking unnecessary valuables ashore. We should have a meeting point near the port in case members of the group become separated. Everyone should also know the ship's name and departure time. It would be useful for everyone to have a copy or screenshot of the day's schedule."
21,What types of food and dining options might be available on the cruise?,What types of food and dining options might be available on the cruise?,True,9,1,0.03252247488101534,1,0.8066245913505554,True,"Food will be one of the major parts of the cruise experience. There may be a main dining room, buffet, casual restaurants, speciality restaurants, cafes, and room service. We should check which options are included and which cost extra. Since this is a family birthday trip, it would be nice to have at least one special dinner where everyone sits together. We could choose one of the speciality restaurants if the cost is reasonable, or use the main dining room if we want a more traditional cruise experience.

Mum's 60th birthday should receive particular attention. We want to make the day feel different from the other days of the cruise. The first step is finding out whether the cruise company offers birthday packages. These could potentially include a cake, decorations, a special message, flowers, or a celebration arranged by the dining staff. We should contact the cruise company before travelling rather than assuming these services can be organised on the day.

A birthday dinner would probably be the main event. We could arrange for everyone to sit together, order a special meal, and have a birthday cake brought out at the end. It may also be possible to arrange decorations at the table or in Mum's cabin. Another idea is to organise a small surprise where the rest of the family knows the plan but Mum does not. We should be careful not to create an unnecessarily complicated surprise because the cruise schedule may change."
21,What types of food and dining options might be available on the cruise?,What types of food and dining options might be available on the cruise?,True,4,2,0.032018442622950824,3,0.39719051122665405,False,"Transport needs to be planned for the entire holiday. The first journey will be from the airport to the Orlando hotel. We then need transport to Disney, Universal, restaurants, shopping areas, and eventually the cruise port. A rental car could provide flexibility but would introduce costs for the rental itself, fuel, parking, and insurance. Ride-sharing could be simpler for individual journeys, but multiple long journeys could become expensive. We should compare the estimated total cost of each option.

The cruise price should be broken down carefully. Some food and entertainment will probably be included, while speciality restaurants, premium drinks, certain activities, internet packages, excursions, and other services may cost extra. We should identify which optional costs are likely to apply to our family. A daily spending allowance for the cruise could help prevent unexpected expenses.

Excursions in Mexico and the Bahamas should have their own budget. Before booking, we should compare cruise excursions with independent tours and consider what is included in each price. An excursion advertised at a low price might exclude transportation, food, equipment, or entrance fees. We should calculate the full cost for the entire family before deciding."
21,What types of food and dining options might be available on the cruise?,What types of food and dining options might be available on the cruise?,True,25,3,0.03128054740957967,2,0.5968332290649414,True,"The cruise will be the centrepiece of the holiday. We want to spend plenty of time enjoying the ship rather than treating it simply as transportation between destinations. There should be several restaurants, swimming pools, entertainment venues, bars, live shows, and organised activities available. Some family members may want to spend time by the pool, while others may prefer to attend shows, use the gym, explore the ship, or participate in organised activities. We should look at the cruise schedule before travelling and identify activities that need to be booked in advance. It would also be useful to identify restaurants or experiences that have additional charges so that we can decide what is worth paying for.

Mum's 60th birthday needs to be the main focus of the trip. We want to arrange at least one proper birthday celebration, ideally on the cruise because the ship will provide a memorable setting. A special dinner with the whole family would be one possibility, followed by a birthday cake and drinks. We could also arrange decorations in the cabin or dining area and organise a surprise if the cruise company offers a birthday package. Another possibility would be to arrange a special excursion on or around her birthday, depending on where the ship is located that day. We should find out the exact birthday date in relation to the cruise itinerary before making any reservations."
21,What types of food and dining options might be available on the cruise?,What types of food and dining options might be available on the cruise?,True,27,4,0.030798389007344232,5,0.2649586498737335,False,"The budget should be agreed before we start booking optional activities. The main expenses will include flights, Orlando accommodation, theme park tickets, transport, the cruise itself, food and drinks outside what is included in the cruise fare, excursions, shopping, travel insurance, and spending money. Mum's birthday celebration should have its own budget so that we can decide how much to spend on dinner, cake, decorations, and a present. Everyone should understand which costs are shared and which costs are personal. We should also keep some emergency money available in case transport costs more than expected or plans have to change.

The trip should be enjoyable for everyone, so the itinerary should not be completely packed. We should have a mixture of planned activities and free time. The most important things are spending time together, celebrating Mum's birthday, experiencing Orlando, enjoying the cruise, and making good memories as a family. Before the trip, we should hold a final planning meeting where everyone can review the itinerary, confirm their bookings, discuss what they want to do at each destination, and raise any concerns. A shared digital document or group chat could be used to keep everyone updated. The final itinerary should include all confirmed bookings as well as alternative options in case weather, transport problems, or other circumstances cause plans to change."
21,What types of food and dining options might be available on the cruise?,What types of food and dining options might be available on the cruise?,True,26,5,0.030776515151515152,,,False,"The cruise will stop at destinations in Mexico and the Bahamas. We want to have a different type of experience at each destination instead of simply visiting the same type of beach every time. In Mexico, we are interested in local culture, food, sightseeing, and possibly a guided excursion. In the Bahamas, the preference is for a more relaxed beach-focused day, although people may also want to snorkel, swim, shop, or explore the local area. We need to check the exact port times before booking anything because cruise ships have strict departure times. If we book an independent excursion, we need to make sure there is plenty of time to return to the ship.

There are a large number of practical details that need to be organised before the holiday. Flights need to be booked, accommodation in Orlando needs to be confirmed, and transport from the airport to the hotel and then from Orlando to the cruise port needs to be arranged. We also need to confirm the cruise booking, check passport requirements, purchase appropriate travel insurance, and make sure everyone has access to the booking information. It would be useful to create a shared itinerary containing flights, hotel information, cruise details, excursions, restaurant bookings, and important telephone numbers."
21,What types of food and dining options might be available on the cruise?,What types of food and dining options might be available on the cruise?,True,10,6,0.029877369007803793,,,False,"Photography should also be an important part of the celebration. We should take family photographs throughout the cruise rather than relying entirely on one birthday photo. The ship is likely to have several scenic locations that would make good backgrounds, particularly in the evening. We could also arrange one more formal family photograph on the birthday itself. If the cruise company offers professional photography, we can consider whether the packages represent good value.

There should also be time for everyone to enjoy the cruise independently. Some family members may want to spend time around the swimming pool, while others might prefer the gym, live entertainment, bars, games, or other activities. It would be unrealistic to expect everyone to do everything together for the entire trip. We should identify a few activities that everyone wants to experience together and allow people to choose their own activities at other times.

The evenings could be used for entertainment. The ship may have live music, comedy, theatre shows, dancing, quizzes, and other performances. We should look at the daily schedule each morning and decide whether there are any shows that the whole family wants to attend. Some shows may require reservations, so these should be booked early. If Mum enjoys dancing or live music, one evening could be dedicated to going to one of the ship's entertainment venues together."
21,What types of food and dining options might be available on the cruise?,What types of food and dining options might be available on the cruise?,True,11,7,0.015873015873015872,,,False,"The cruise stops in Mexico and the Bahamas will provide opportunities to leave the ship and explore the destinations. We need to keep track of the times when the ship is scheduled to arrive and depart. The ship will not wait for passengers who are late returning from an independent excursion, so we should always allow a substantial amount of extra time. For organised cruise excursions, the cruise company should provide instructions about when and where to meet.

We should also keep an eye on the weather. Weather could affect swimming, outdoor activities, and excursions. If the weather is poor, there should still be plenty to do on the ship, including restaurants, shows, indoor activities, and family games. The itinerary should therefore avoid relying too heavily on one particular activity.

The final evening of the cruise could be another opportunity for a family dinner and reflection on the trip. We could look through photographs taken during the holiday and choose some of the best ones to share with the family. Before leaving the ship, everyone should check their cabins carefully and make sure passports, phones, wallets, and other valuables are packed. Luggage arrangements should also be checked because cruise ships often require bags to be left outside the cabin before disembarkation."
21,What types of food and dining options might be available on the cruise?,What types of food and dining options might be available on the cruise?,True,13,8,0.015384615384615385,,,False,"The cruise stops in Mexico and the Bahamas are an important part of the trip because they give the family opportunities to experience places outside the cruise ship. We want each destination to feel different and would prefer to have a rough plan before travelling. At the same time, we do not want every hour to be scheduled because part of the appeal of a cruise is being able to relax and decide what to do once we arrive.

The Mexico stop should focus more on sightseeing, culture, food, and experiencing the local area. The exact activities will depend on which Mexican port the cruise visits. One option would be to book an organised excursion through the cruise company. This could involve visiting historical sites, exploring the town, taking a guided tour, or visiting a beach resort. An organised excursion would make transport easier and would reduce the risk of having problems getting back to the ship before departure.

Another possibility in Mexico would be arranging an independent excursion. This could give us more flexibility and potentially cost less than a cruise-organised tour. However, we would need to research the transport carefully and make sure the excursion does not take us too far from the port. We should also check the cancellation policy in case the ship arrives late or weather affects the excursion."
21,What types of food and dining options might be available on the cruise?,What types of food and dining options might be available on the cruise?,True,21,9,0.014925373134328358,,,False,"We should not schedule every minute of the Universal day. Theme parks can become tiring, especially when the weather is hot. The group should take breaks for food and drinks and make sure everyone is comfortable. Mum's birthday is the reason for the trip, so we should make sure the theme park schedule is enjoyable for her rather than focusing entirely on the biggest rides. If some people want to spend several hours on more intense rides, other members of the family could have a more relaxed activity planned at the same time.

Shopping is another possible Orlando activity. There are several large outlet shopping centres where the group could spend a few hours looking for clothes, shoes, gifts, and other items. Shopping should probably be scheduled for an afternoon or evening rather than replacing one of the major attractions. We should also remember that anything bought in Orlando will need to fit into our luggage for the remainder of the trip, particularly because we will have to transport our bags to the cruise.

Food will be an important part of the Orlando experience. We should try a mixture of American restaurants and local or international food rather than eating at the theme parks for every meal. One evening could be used for a nicer family dinner to begin the birthday celebrations. We should research restaurants in advance if we want a particular location or type of food because popular restaurants can become busy."
21,What types of food and dining options might be available on the cruise?,What types of food and dining options might be available on the cruise?,True,8,10,0.014705882352941176,4,0.32885316014289856,True,"The cruise is the central part of the birthday holiday and will provide the main setting for the family celebration. After spending several days in Orlando, we will travel to the cruise port and board the ship. Before leaving Orlando, everyone should make sure they have their cruise documents, passports, medication if required, luggage, and any other important items. We should check the cruise company's boarding instructions carefully because there will be a specific arrival window and security process.

Once on board, everyone should take some time to explore the ship. The ship will probably have several restaurants, swimming pools, lounges, entertainment venues, shops, fitness facilities, and other activities. It would be useful to identify the main areas on the first day so that everyone knows where things are. We should also check the daily activity schedule because there may be events that require advance booking. Some activities will probably be included in the cruise fare, while others may have an additional cost."
22,Which cruise activities might cost extra?,Which cruise activities might cost extra?,True,4,1,0.03278688524590164,1,0.7460839152336121,True,"Transport needs to be planned for the entire holiday. The first journey will be from the airport to the Orlando hotel. We then need transport to Disney, Universal, restaurants, shopping areas, and eventually the cruise port. A rental car could provide flexibility but would introduce costs for the rental itself, fuel, parking, and insurance. Ride-sharing could be simpler for individual journeys, but multiple long journeys could become expensive. We should compare the estimated total cost of each option.

The cruise price should be broken down carefully. Some food and entertainment will probably be included, while speciality restaurants, premium drinks, certain activities, internet packages, excursions, and other services may cost extra. We should identify which optional costs are likely to apply to our family. A daily spending allowance for the cruise could help prevent unexpected expenses.

Excursions in Mexico and the Bahamas should have their own budget. Before booking, we should compare cruise excursions with independent tours and consider what is included in each price. An excursion advertised at a low price might exclude transportation, food, equipment, or entrance fees. We should calculate the full cost for the entire family before deciding."
22,Which cruise activities might cost extra?,Which cruise activities might cost extra?,True,27,2,0.03200204813108039,,,False,"The budget should be agreed before we start booking optional activities. The main expenses will include flights, Orlando accommodation, theme park tickets, transport, the cruise itself, food and drinks outside what is included in the cruise fare, excursions, shopping, travel insurance, and spending money. Mum's birthday celebration should have its own budget so that we can decide how much to spend on dinner, cake, decorations, and a present. Everyone should understand which costs are shared and which costs are personal. We should also keep some emergency money available in case transport costs more than expected or plans have to change.

The trip should be enjoyable for everyone, so the itinerary should not be completely packed. We should have a mixture of planned activities and free time. The most important things are spending time together, celebrating Mum's birthday, experiencing Orlando, enjoying the cruise, and making good memories as a family. Before the trip, we should hold a final planning meeting where everyone can review the itinerary, confirm their bookings, discuss what they want to do at each destination, and raise any concerns. A shared digital document or group chat could be used to keep everyone updated. The final itinerary should include all confirmed bookings as well as alternative options in case weather, transport problems, or other circumstances cause plans to change."
22,Which cruise activities might cost extra?,Which cruise activities might cost extra?,True,11,3,0.031009615384615385,4,0.3600619435310364,False,"The cruise stops in Mexico and the Bahamas will provide opportunities to leave the ship and explore the destinations. We need to keep track of the times when the ship is scheduled to arrive and depart. The ship will not wait for passengers who are late returning from an independent excursion, so we should always allow a substantial amount of extra time. For organised cruise excursions, the cruise company should provide instructions about when and where to meet.

We should also keep an eye on the weather. Weather could affect swimming, outdoor activities, and excursions. If the weather is poor, there should still be plenty to do on the ship, including restaurants, shows, indoor activities, and family games. The itinerary should therefore avoid relying too heavily on one particular activity.

The final evening of the cruise could be another opportunity for a family dinner and reflection on the trip. We could look through photographs taken during the holiday and choose some of the best ones to share with the family. Before leaving the ship, everyone should check their cabins carefully and make sure passports, phones, wallets, and other valuables are packed. Luggage arrangements should also be checked because cruise ships often require bags to be left outside the cabin before disembarkation."
22,Which cruise activities might cost extra?,Which cruise activities might cost extra?,True,10,4,0.03007688828584351,,,False,"Photography should also be an important part of the celebration. We should take family photographs throughout the cruise rather than relying entirely on one birthday photo. The ship is likely to have several scenic locations that would make good backgrounds, particularly in the evening. We could also arrange one more formal family photograph on the birthday itself. If the cruise company offers professional photography, we can consider whether the packages represent good value.

There should also be time for everyone to enjoy the cruise independently. Some family members may want to spend time around the swimming pool, while others might prefer the gym, live entertainment, bars, games, or other activities. It would be unrealistic to expect everyone to do everything together for the entire trip. We should identify a few activities that everyone wants to experience together and allow people to choose their own activities at other times.

The evenings could be used for entertainment. The ship may have live music, comedy, theatre shows, dancing, quizzes, and other performances. We should look at the daily schedule each morning and decide whether there are any shows that the whole family wants to attend. Some shows may require reservations, so these should be booked early. If Mum enjoys dancing or live music, one evening could be dedicated to going to one of the ship's entertainment venues together."
22,Which cruise activities might cost extra?,Which cruise activities might cost extra?,True,9,5,0.029437229437229435,2,0.6439793705940247,False,"Food will be one of the major parts of the cruise experience. There may be a main dining room, buffet, casual restaurants, speciality restaurants, cafes, and room service. We should check which options are included and which cost extra. Since this is a family birthday trip, it would be nice to have at least one special dinner where everyone sits together. We could choose one of the speciality restaurants if the cost is reasonable, or use the main dining room if we want a more traditional cruise experience.

Mum's 60th birthday should receive particular attention. We want to make the day feel different from the other days of the cruise. The first step is finding out whether the cruise company offers birthday packages. These could potentially include a cake, decorations, a special message, flowers, or a celebration arranged by the dining staff. We should contact the cruise company before travelling rather than assuming these services can be organised on the day.

A birthday dinner would probably be the main event. We could arrange for everyone to sit together, order a special meal, and have a birthday cake brought out at the end. It may also be possible to arrange decorations at the table or in Mum's cabin. Another idea is to organise a small surprise where the rest of the family knows the plan but Mum does not. We should be careful not to create an unnecessarily complicated surprise because the cruise schedule may change."
22,Which cruise activities might cost extra?,Which cruise activities might cost extra?,True,13,6,0.02919863597612958,,,False,"The cruise stops in Mexico and the Bahamas are an important part of the trip because they give the family opportunities to experience places outside the cruise ship. We want each destination to feel different and would prefer to have a rough plan before travelling. At the same time, we do not want every hour to be scheduled because part of the appeal of a cruise is being able to relax and decide what to do once we arrive.

The Mexico stop should focus more on sightseeing, culture, food, and experiencing the local area. The exact activities will depend on which Mexican port the cruise visits. One option would be to book an organised excursion through the cruise company. This could involve visiting historical sites, exploring the town, taking a guided tour, or visiting a beach resort. An organised excursion would make transport easier and would reduce the risk of having problems getting back to the ship before departure.

Another possibility in Mexico would be arranging an independent excursion. This could give us more flexibility and potentially cost less than a cruise-organised tour. However, we would need to research the transport carefully and make sure the excursion does not take us too far from the port. We should also check the cancellation policy in case the ship arrives late or weather affects the excursion."
22,Which cruise activities might cost extra?,Which cruise activities might cost extra?,True,15,7,0.016129032258064516,,,False,"Shopping could also be included in the Bahamas itinerary. Depending on the port, there may be markets and shops selling souvenirs, clothing, jewellery, food, and other items. We should decide in advance whether shopping is a major priority or simply something we will do if there is time. It would be sensible to leave enough room in the budget for souvenirs because family members may want to buy gifts.

We should compare cruise-organised excursions with independent excursions before making a decision. Cruise excursions are often more expensive, but they may provide more structured transport and reassurance about returning to the ship. Independent excursions can provide greater flexibility, but the responsibility for getting back to the ship falls on us. The decision should therefore consider not only price but also the length of the excursion, distance from the port, cancellation policies, and the needs of the family.

Safety and comfort should be considered for every excursion. Everyone should carry the essentials but avoid taking unnecessary valuables ashore. We should have a meeting point near the port in case members of the group become separated. Everyone should also know the ship's name and departure time. It would be useful for everyone to have a copy or screenshot of the day's schedule."
22,Which cruise activities might cost extra?,Which cruise activities might cost extra?,True,8,8,0.015873015873015872,5,0.34481891989707947,True,"The cruise is the central part of the birthday holiday and will provide the main setting for the family celebration. After spending several days in Orlando, we will travel to the cruise port and board the ship. Before leaving Orlando, everyone should make sure they have their cruise documents, passports, medication if required, luggage, and any other important items. We should check the cruise company's boarding instructions carefully because there will be a specific arrival window and security process.

Once on board, everyone should take some time to explore the ship. The ship will probably have several restaurants, swimming pools, lounges, entertainment venues, shops, fitness facilities, and other activities. It would be useful to identify the main areas on the first day so that everyone knows where things are. We should also check the daily activity schedule because there may be events that require advance booking. Some activities will probably be included in the cruise fare, while others may have an additional cost."
22,Which cruise activities might cost extra?,Which cruise activities might cost extra?,True,25,9,0.015625,3,0.40218132734298706,True,"The cruise will be the centrepiece of the holiday. We want to spend plenty of time enjoying the ship rather than treating it simply as transportation between destinations. There should be several restaurants, swimming pools, entertainment venues, bars, live shows, and organised activities available. Some family members may want to spend time by the pool, while others may prefer to attend shows, use the gym, explore the ship, or participate in organised activities. We should look at the cruise schedule before travelling and identify activities that need to be booked in advance. It would also be useful to identify restaurants or experiences that have additional charges so that we can decide what is worth paying for.

Mum's 60th birthday needs to be the main focus of the trip. We want to arrange at least one proper birthday celebration, ideally on the cruise because the ship will provide a memorable setting. A special dinner with the whole family would be one possibility, followed by a birthday cake and drinks. We could also arrange decorations in the cabin or dining area and organise a surprise if the cruise company offers a birthday package. Another possibility would be to arrange a special excursion on or around her birthday, depending on where the ship is located that day. We should find out the exact birthday date in relation to the cruise itinerary before making any reservations."
22,Which cruise activities might cost extra?,Which cruise activities might cost extra?,True,18,10,0.015384615384615385,,,False,"We plan to spend approximately three or four days in Orlando before boarding the cruise. The exact number of days will depend on flight prices, the cruise departure time, and how much time we want to spend at the theme parks. The main purpose of the Orlando section is to experience some of the city's famous attractions while still allowing everyone enough time to recover from the international flight. We do not want the first day to be overloaded with activities because everyone may be tired after travelling from the UK.

On arrival in Orlando, the first priority will be getting from the airport to the hotel. We need to compare the cost and convenience of a rental car, hotel shuttle, taxi, and ride-sharing services. If we rent a car, we need to consider parking costs at the hotel and theme parks as well as fuel and insurance. If we do not rent a car, we should check how easy it will be to get to the different attractions from our hotel. Ideally, the hotel should be reasonably central for the activities we plan to do and should have good transport options."
23,What should everyone do after boarding the cruise ship?,What should everyone do after boarding the cruise ship?,True,8,1,0.03252247488101534,1,0.838375985622406,True,"The cruise is the central part of the birthday holiday and will provide the main setting for the family celebration. After spending several days in Orlando, we will travel to the cruise port and board the ship. Before leaving Orlando, everyone should make sure they have their cruise documents, passports, medication if required, luggage, and any other important items. We should check the cruise company's boarding instructions carefully because there will be a specific arrival window and security process.

Once on board, everyone should take some time to explore the ship. The ship will probably have several restaurants, swimming pools, lounges, entertainment venues, shops, fitness facilities, and other activities. It would be useful to identify the main areas on the first day so that everyone knows where things are. We should also check the daily activity schedule because there may be events that require advance booking. Some activities will probably be included in the cruise fare, while others may have an additional cost."
23,What should everyone do after boarding the cruise ship?,What should everyone do after boarding the cruise ship?,True,22,2,0.03200204813108039,,,False,"At the end of the Orlando stay, we need to travel to the cruise port. The exact port and departure time will determine when we need to leave the hotel. We should build in plenty of extra time because traffic around Orlando and the cruise port could cause delays. If we have rented a car, we need to arrange its return before boarding the ship. If we use a transfer service, the booking should be confirmed a few days beforehand. We should also make sure that all luggage is labelled correctly and that everyone has their cruise documents easily accessible.

The Orlando itinerary should therefore balance major attractions with rest. A possible structure would be arrival and relaxation on the first day, Disney on the second day, Universal on the third day, and shopping or a relaxed activity before travelling to the cruise port. However, this should remain flexible depending on flight times, ticket prices, weather, and how everyone feels. The goal is to arrive at the cruise feeling excited rather than exhausted."
23,What should everyone do after boarding the cruise ship?,What should everyone do after boarding the cruise ship?,True,11,3,0.031544957774465976,3,0.6824260950088501,False,"The cruise stops in Mexico and the Bahamas will provide opportunities to leave the ship and explore the destinations. We need to keep track of the times when the ship is scheduled to arrive and depart. The ship will not wait for passengers who are late returning from an independent excursion, so we should always allow a substantial amount of extra time. For organised cruise excursions, the cruise company should provide instructions about when and where to meet.

We should also keep an eye on the weather. Weather could affect swimming, outdoor activities, and excursions. If the weather is poor, there should still be plenty to do on the ship, including restaurants, shows, indoor activities, and family games. The itinerary should therefore avoid relying too heavily on one particular activity.

The final evening of the cruise could be another opportunity for a family dinner and reflection on the trip. We could look through photographs taken during the holiday and choose some of the best ones to share with the family. Before leaving the ship, everyone should check their cabins carefully and make sure passports, phones, wallets, and other valuables are packed. Luggage arrangements should also be checked because cruise ships often require bags to be left outside the cabin before disembarkation."
23,What should everyone do after boarding the cruise ship?,What should everyone do after boarding the cruise ship?,True,10,4,0.03125763125763126,2,0.7045876979827881,False,"Photography should also be an important part of the celebration. We should take family photographs throughout the cruise rather than relying entirely on one birthday photo. The ship is likely to have several scenic locations that would make good backgrounds, particularly in the evening. We could also arrange one more formal family photograph on the birthday itself. If the cruise company offers professional photography, we can consider whether the packages represent good value.

There should also be time for everyone to enjoy the cruise independently. Some family members may want to spend time around the swimming pool, while others might prefer the gym, live entertainment, bars, games, or other activities. It would be unrealistic to expect everyone to do everything together for the entire trip. We should identify a few activities that everyone wants to experience together and allow people to choose their own activities at other times.

The evenings could be used for entertainment. The ship may have live music, comedy, theatre shows, dancing, quizzes, and other performances. We should look at the daily schedule each morning and decide whether there are any shows that the whole family wants to attend. Some shows may require reservations, so these should be booked early. If Mum enjoys dancing or live music, one evening could be dedicated to going to one of the ship's entertainment venues together."
23,What should everyone do after boarding the cruise ship?,What should everyone do after boarding the cruise ship?,True,26,5,0.03007688828584351,,,False,"The cruise will stop at destinations in Mexico and the Bahamas. We want to have a different type of experience at each destination instead of simply visiting the same type of beach every time. In Mexico, we are interested in local culture, food, sightseeing, and possibly a guided excursion. In the Bahamas, the preference is for a more relaxed beach-focused day, although people may also want to snorkel, swim, shop, or explore the local area. We need to check the exact port times before booking anything because cruise ships have strict departure times. If we book an independent excursion, we need to make sure there is plenty of time to return to the ship.

There are a large number of practical details that need to be organised before the holiday. Flights need to be booked, accommodation in Orlando needs to be confirmed, and transport from the airport to the hotel and then from Orlando to the cruise port needs to be arranged. We also need to confirm the cruise booking, check passport requirements, purchase appropriate travel insurance, and make sure everyone has access to the booking information. It would be useful to create a shared itinerary containing flights, hotel information, cruise details, excursions, restaurant bookings, and important telephone numbers."
23,What should everyone do after boarding the cruise ship?,What should everyone do after boarding the cruise ship?,True,25,6,0.029211087420042643,,,False,"The cruise will be the centrepiece of the holiday. We want to spend plenty of time enjoying the ship rather than treating it simply as transportation between destinations. There should be several restaurants, swimming pools, entertainment venues, bars, live shows, and organised activities available. Some family members may want to spend time by the pool, while others may prefer to attend shows, use the gym, explore the ship, or participate in organised activities. We should look at the cruise schedule before travelling and identify activities that need to be booked in advance. It would also be useful to identify restaurants or experiences that have additional charges so that we can decide what is worth paying for.

Mum's 60th birthday needs to be the main focus of the trip. We want to arrange at least one proper birthday celebration, ideally on the cruise because the ship will provide a memorable setting. A special dinner with the whole family would be one possibility, followed by a birthday cake and drinks. We could also arrange decorations in the cabin or dining area and organise a surprise if the cruise company offers a birthday package. Another possibility would be to arrange a special excursion on or around her birthday, depending on where the ship is located that day. We should find out the exact birthday date in relation to the cruise itinerary before making any reservations."
23,What should everyone do after boarding the cruise ship?,What should everyone do after boarding the cruise ship?,True,18,7,0.028991596638655463,,,False,"We plan to spend approximately three or four days in Orlando before boarding the cruise. The exact number of days will depend on flight prices, the cruise departure time, and how much time we want to spend at the theme parks. The main purpose of the Orlando section is to experience some of the city's famous attractions while still allowing everyone enough time to recover from the international flight. We do not want the first day to be overloaded with activities because everyone may be tired after travelling from the UK.

On arrival in Orlando, the first priority will be getting from the airport to the hotel. We need to compare the cost and convenience of a rental car, hotel shuttle, taxi, and ride-sharing services. If we rent a car, we need to consider parking costs at the hotel and theme parks as well as fuel and insurance. If we do not rent a car, we should check how easy it will be to get to the different attractions from our hotel. Ideally, the hotel should be reasonably central for the activities we plan to do and should have good transport options."
23,What should everyone do after boarding the cruise ship?,What should everyone do after boarding the cruise ship?,True,6,8,0.015625,,,False,"A shared packing checklist should be created several weeks before departure. Important items will include passports, travel documents, phones, chargers, medication, comfortable shoes, swimwear, sun protection, appropriate clothing for the cruise, formal or smart clothing if required for dinner, and any birthday decorations that we decide to bring from home. We should avoid packing too much because there will be opportunities to shop in Orlando and potentially at the cruise destinations.

The final two weeks before the trip should be used for confirmation rather than major planning. Flights, hotels, cruise bookings, excursions, restaurant reservations, theme park tickets, and transport should all be checked. We should confirm the times and locations of any excursions and make sure everyone knows when they need to be ready.

A final family meeting could take place shortly before departure. During the meeting, we can review the full itinerary, confirm who is responsible for each booking, discuss the birthday surprise, and make sure everyone understands the plan. We should also agree on what to do if someone gets separated from the group or if a planned activity is cancelled."
23,What should everyone do after boarding the cruise ship?,What should everyone do after boarding the cruise ship?,True,23,9,0.015625,4,0.6522641181945801,False,"The main plan is to celebrate Mum’s 60th birthday with a special family holiday combining a few days in Orlando with a Caribbean cruise. The idea is to make the entire trip feel like one large birthday celebration rather than treating the cruise and Orlando as two completely separate holidays. We will fly from the UK to Orlando, spend several days exploring the city and visiting some of the major tourist attractions, and then travel to the cruise port to board the ship. After boarding, we will spend several days enjoying the facilities on the cruise ship and visiting different destinations in Mexico and the Bahamas. Once the cruise is finished, we will return to Orlando or travel directly to the airport depending on the cruise schedule and our flight arrangements."
23,What should everyone do after boarding the cruise ship?,What should everyone do after boarding the cruise ship?,True,15,10,0.015384615384615385,5,0.5530472993850708,False,"Shopping could also be included in the Bahamas itinerary. Depending on the port, there may be markets and shops selling souvenirs, clothing, jewellery, food, and other items. We should decide in advance whether shopping is a major priority or simply something we will do if there is time. It would be sensible to leave enough room in the budget for souvenirs because family members may want to buy gifts.

We should compare cruise-organised excursions with independent excursions before making a decision. Cruise excursions are often more expensive, but they may provide more structured transport and reassurance about returning to the ship. Independent excursions can provide greater flexibility, but the responsibility for getting back to the ship falls on us. The decision should therefore consider not only price but also the length of the excursion, distance from the port, cancellation policies, and the needs of the family.

Safety and comfort should be considered for every excursion. Everyone should carry the essentials but avoid taking unnecessary valuables ashore. We should have a meeting point near the port in case members of the group become separated. Everyone should also know the ship's name and departure time. It would be useful for everyone to have a copy or screenshot of the day's schedule."
24,Why is the cruise the centrepiece of the holiday?,Why is the cruise the centrepiece of the holiday?,True,25,1,0.03252247488101534,1,0.8470720648765564,True,"The cruise will be the centrepiece of the holiday. We want to spend plenty of time enjoying the ship rather than treating it simply as transportation between destinations. There should be several restaurants, swimming pools, entertainment venues, bars, live shows, and organised activities available. Some family members may want to spend time by the pool, while others may prefer to attend shows, use the gym, explore the ship, or participate in organised activities. We should look at the cruise schedule before travelling and identify activities that need to be booked in advance. It would also be useful to identify restaurants or experiences that have additional charges so that we can decide what is worth paying for.

Mum's 60th birthday needs to be the main focus of the trip. We want to arrange at least one proper birthday celebration, ideally on the cruise because the ship will provide a memorable setting. A special dinner with the whole family would be one possibility, followed by a birthday cake and drinks. We could also arrange decorations in the cabin or dining area and organise a surprise if the cruise company offers a birthday package. Another possibility would be to arrange a special excursion on or around her birthday, depending on where the ship is located that day. We should find out the exact birthday date in relation to the cruise itinerary before making any reservations."
24,Why is the cruise the centrepiece of the holiday?,Why is the cruise the centrepiece of the holiday?,True,8,2,0.031746031746031744,2,0.6693348288536072,True,"The cruise is the central part of the birthday holiday and will provide the main setting for the family celebration. After spending several days in Orlando, we will travel to the cruise port and board the ship. Before leaving Orlando, everyone should make sure they have their cruise documents, passports, medication if required, luggage, and any other important items. We should check the cruise company's boarding instructions carefully because there will be a specific arrival window and security process.

Once on board, everyone should take some time to explore the ship. The ship will probably have several restaurants, swimming pools, lounges, entertainment venues, shops, fitness facilities, and other activities. It would be useful to identify the main areas on the first day so that everyone knows where things are. We should also check the daily activity schedule because there may be events that require advance booking. Some activities will probably be included in the cruise fare, while others may have an additional cost."
24,Why is the cruise the centrepiece of the holiday?,Why is the cruise the centrepiece of the holiday?,True,23,3,0.0315136476426799,4,0.27763745188713074,False,"The main plan is to celebrate Mum’s 60th birthday with a special family holiday combining a few days in Orlando with a Caribbean cruise. The idea is to make the entire trip feel like one large birthday celebration rather than treating the cruise and Orlando as two completely separate holidays. We will fly from the UK to Orlando, spend several days exploring the city and visiting some of the major tourist attractions, and then travel to the cruise port to board the ship. After boarding, we will spend several days enjoying the facilities on the cruise ship and visiting different destinations in Mexico and the Bahamas. Once the cruise is finished, we will return to Orlando or travel directly to the airport depending on the cruise schedule and our flight arrangements."
24,Why is the cruise the centrepiece of the holiday?,Why is the cruise the centrepiece of the holiday?,True,12,4,0.031099324975891997,3,0.5302127599716187,True,"Overall, the cruise should combine relaxation, entertainment, family time, and the birthday celebration. The most important part is ensuring that Mum feels that the entire holiday has been organised around celebrating her 60th birthday while still allowing everyone else to enjoy the experience."
24,Why is the cruise the centrepiece of the holiday?,Why is the cruise the centrepiece of the holiday?,True,11,5,0.030330882352941176,,,False,"The cruise stops in Mexico and the Bahamas will provide opportunities to leave the ship and explore the destinations. We need to keep track of the times when the ship is scheduled to arrive and depart. The ship will not wait for passengers who are late returning from an independent excursion, so we should always allow a substantial amount of extra time. For organised cruise excursions, the cruise company should provide instructions about when and where to meet.

We should also keep an eye on the weather. Weather could affect swimming, outdoor activities, and excursions. If the weather is poor, there should still be plenty to do on the ship, including restaurants, shows, indoor activities, and family games. The itinerary should therefore avoid relying too heavily on one particular activity.

The final evening of the cruise could be another opportunity for a family dinner and reflection on the trip. We could look through photographs taken during the holiday and choose some of the best ones to share with the family. Before leaving the ship, everyone should check their cabins carefully and make sure passports, phones, wallets, and other valuables are packed. Luggage arrangements should also be checked because cruise ships often require bags to be left outside the cabin before disembarkation."
24,Why is the cruise the centrepiece of the holiday?,Why is the cruise the centrepiece of the holiday?,True,26,6,0.030309988518943745,,,False,"The cruise will stop at destinations in Mexico and the Bahamas. We want to have a different type of experience at each destination instead of simply visiting the same type of beach every time. In Mexico, we are interested in local culture, food, sightseeing, and possibly a guided excursion. In the Bahamas, the preference is for a more relaxed beach-focused day, although people may also want to snorkel, swim, shop, or explore the local area. We need to check the exact port times before booking anything because cruise ships have strict departure times. If we book an independent excursion, we need to make sure there is plenty of time to return to the ship.

There are a large number of practical details that need to be organised before the holiday. Flights need to be booked, accommodation in Orlando needs to be confirmed, and transport from the airport to the hotel and then from Orlando to the cruise port needs to be arranged. We also need to confirm the cruise booking, check passport requirements, purchase appropriate travel insurance, and make sure everyone has access to the booking information. It would be useful to create a shared itinerary containing flights, hotel information, cruise details, excursions, restaurant bookings, and important telephone numbers."
24,Why is the cruise the centrepiece of the holiday?,Why is the cruise the centrepiece of the holiday?,True,9,7,0.029437229437229435,,,False,"Food will be one of the major parts of the cruise experience. There may be a main dining room, buffet, casual restaurants, speciality restaurants, cafes, and room service. We should check which options are included and which cost extra. Since this is a family birthday trip, it would be nice to have at least one special dinner where everyone sits together. We could choose one of the speciality restaurants if the cost is reasonable, or use the main dining room if we want a more traditional cruise experience.

Mum's 60th birthday should receive particular attention. We want to make the day feel different from the other days of the cruise. The first step is finding out whether the cruise company offers birthday packages. These could potentially include a cake, decorations, a special message, flowers, or a celebration arranged by the dining staff. We should contact the cruise company before travelling rather than assuming these services can be organised on the day.

A birthday dinner would probably be the main event. We could arrange for everyone to sit together, order a special meal, and have a birthday cake brought out at the end. It may also be possible to arrange decorations at the table or in Mum's cabin. Another idea is to organise a small surprise where the rest of the family knows the plan but Mum does not. We should be careful not to create an unnecessarily complicated surprise because the cruise schedule may change."
24,Why is the cruise the centrepiece of the holiday?,Why is the cruise the centrepiece of the holiday?,True,10,8,0.015625,,,False,"Photography should also be an important part of the celebration. We should take family photographs throughout the cruise rather than relying entirely on one birthday photo. The ship is likely to have several scenic locations that would make good backgrounds, particularly in the evening. We could also arrange one more formal family photograph on the birthday itself. If the cruise company offers professional photography, we can consider whether the packages represent good value.

There should also be time for everyone to enjoy the cruise independently. Some family members may want to spend time around the swimming pool, while others might prefer the gym, live entertainment, bars, games, or other activities. It would be unrealistic to expect everyone to do everything together for the entire trip. We should identify a few activities that everyone wants to experience together and allow people to choose their own activities at other times.

The evenings could be used for entertainment. The ship may have live music, comedy, theatre shows, dancing, quizzes, and other performances. We should look at the daily schedule each morning and decide whether there are any shows that the whole family wants to attend. Some shows may require reservations, so these should be booked early. If Mum enjoys dancing or live music, one evening could be dedicated to going to one of the ship's entertainment venues together."
24,Why is the cruise the centrepiece of the holiday?,Why is the cruise the centrepiece of the holiday?,True,4,9,0.015151515151515152,,,False,"Transport needs to be planned for the entire holiday. The first journey will be from the airport to the Orlando hotel. We then need transport to Disney, Universal, restaurants, shopping areas, and eventually the cruise port. A rental car could provide flexibility but would introduce costs for the rental itself, fuel, parking, and insurance. Ride-sharing could be simpler for individual journeys, but multiple long journeys could become expensive. We should compare the estimated total cost of each option.

The cruise price should be broken down carefully. Some food and entertainment will probably be included, while speciality restaurants, premium drinks, certain activities, internet packages, excursions, and other services may cost extra. We should identify which optional costs are likely to apply to our family. A daily spending allowance for the cruise could help prevent unexpected expenses.

Excursions in Mexico and the Bahamas should have their own budget. Before booking, we should compare cruise excursions with independent tours and consider what is included in each price. An excursion advertised at a low price might exclude transportation, food, equipment, or entrance fees. We should calculate the full cost for the entire family before deciding."
24,Why is the cruise the centrepiece of the holiday?,Why is the cruise the centrepiece of the holiday?,True,2,10,0.014925373134328358,5,0.18107520043849945,False,"Planning the budget will be important because this holiday combines an international flight, several nights in Orlando, expensive theme park visits, a cruise, excursions, and a major birthday celebration. We should establish the approximate total budget before making too many optional bookings. The main costs will be flights, Orlando accommodation, transport, theme park tickets, cruise fares, food and drinks, excursions, travel insurance, birthday expenses, shopping, and general spending money.

Flights from the UK to Orlando will probably be one of the largest initial expenses. We should compare different airlines and flight times rather than looking only at the cheapest ticket. A cheaper flight that arrives at an inconvenient time could result in needing an additional hotel night or expensive transport. We should also consider baggage allowances because we will need luggage for both the Orlando part of the trip and the cruise. If the airline charges separately for checked bags, that should be included when comparing prices."
25,What should we check before boarding the cruise?,What should we check before boarding the cruise?,True,8,1,0.032018442622950824,1,0.8657814264297485,True,"The cruise is the central part of the birthday holiday and will provide the main setting for the family celebration. After spending several days in Orlando, we will travel to the cruise port and board the ship. Before leaving Orlando, everyone should make sure they have their cruise documents, passports, medication if required, luggage, and any other important items. We should check the cruise company's boarding instructions carefully because there will be a specific arrival window and security process.

Once on board, everyone should take some time to explore the ship. The ship will probably have several restaurants, swimming pools, lounges, entertainment venues, shops, fitness facilities, and other activities. It would be useful to identify the main areas on the first day so that everyone knows where things are. We should also check the daily activity schedule because there may be events that require advance booking. Some activities will probably be included in the cruise fare, while others may have an additional cost."
25,What should we check before boarding the cruise?,What should we check before boarding the cruise?,True,11,2,0.031754032258064516,,,False,"The cruise stops in Mexico and the Bahamas will provide opportunities to leave the ship and explore the destinations. We need to keep track of the times when the ship is scheduled to arrive and depart. The ship will not wait for passengers who are late returning from an independent excursion, so we should always allow a substantial amount of extra time. For organised cruise excursions, the cruise company should provide instructions about when and where to meet.

We should also keep an eye on the weather. Weather could affect swimming, outdoor activities, and excursions. If the weather is poor, there should still be plenty to do on the ship, including restaurants, shows, indoor activities, and family games. The itinerary should therefore avoid relying too heavily on one particular activity.

The final evening of the cruise could be another opportunity for a family dinner and reflection on the trip. We could look through photographs taken during the holiday and choose some of the best ones to share with the family. Before leaving the ship, everyone should check their cabins carefully and make sure passports, phones, wallets, and other valuables are packed. Luggage arrangements should also be checked because cruise ships often require bags to be left outside the cabin before disembarkation."
25,What should we check before boarding the cruise?,What should we check before boarding the cruise?,True,26,3,0.03125763125763126,,,False,"The cruise will stop at destinations in Mexico and the Bahamas. We want to have a different type of experience at each destination instead of simply visiting the same type of beach every time. In Mexico, we are interested in local culture, food, sightseeing, and possibly a guided excursion. In the Bahamas, the preference is for a more relaxed beach-focused day, although people may also want to snorkel, swim, shop, or explore the local area. We need to check the exact port times before booking anything because cruise ships have strict departure times. If we book an independent excursion, we need to make sure there is plenty of time to return to the ship.

There are a large number of practical details that need to be organised before the holiday. Flights need to be booked, accommodation in Orlando needs to be confirmed, and transport from the airport to the hotel and then from Orlando to the cruise port needs to be arranged. We also need to confirm the cruise booking, check passport requirements, purchase appropriate travel insurance, and make sure everyone has access to the booking information. It would be useful to create a shared itinerary containing flights, hotel information, cruise details, excursions, restaurant bookings, and important telephone numbers."
25,What should we check before boarding the cruise?,What should we check before boarding the cruise?,True,18,4,0.031054405392392875,2,0.8036831021308899,False,"We plan to spend approximately three or four days in Orlando before boarding the cruise. The exact number of days will depend on flight prices, the cruise departure time, and how much time we want to spend at the theme parks. The main purpose of the Orlando section is to experience some of the city's famous attractions while still allowing everyone enough time to recover from the international flight. We do not want the first day to be overloaded with activities because everyone may be tired after travelling from the UK.

On arrival in Orlando, the first priority will be getting from the airport to the hotel. We need to compare the cost and convenience of a rental car, hotel shuttle, taxi, and ride-sharing services. If we rent a car, we need to consider parking costs at the hotel and theme parks as well as fuel and insurance. If we do not rent a car, we should check how easy it will be to get to the different attractions from our hotel. Ideally, the hotel should be reasonably central for the activities we plan to do and should have good transport options."
25,What should we check before boarding the cruise?,What should we check before boarding the cruise?,True,6,5,0.030679156908665108,3,0.7869017720222473,False,"A shared packing checklist should be created several weeks before departure. Important items will include passports, travel documents, phones, chargers, medication, comfortable shoes, swimwear, sun protection, appropriate clothing for the cruise, formal or smart clothing if required for dinner, and any birthday decorations that we decide to bring from home. We should avoid packing too much because there will be opportunities to shop in Orlando and potentially at the cruise destinations.

The final two weeks before the trip should be used for confirmation rather than major planning. Flights, hotels, cruise bookings, excursions, restaurant reservations, theme park tickets, and transport should all be checked. We should confirm the times and locations of any excursions and make sure everyone knows when they need to be ready.

A final family meeting could take place shortly before departure. During the meeting, we can review the full itinerary, confirm who is responsible for each booking, discuss the birthday surprise, and make sure everyone understands the plan. We should also agree on what to do if someone gets separated from the group or if a planned activity is cancelled."
25,What should we check before boarding the cruise?,What should we check before boarding the cruise?,True,5,6,0.030536130536130537,5,0.6591424345970154,False,"Mum's birthday should have a separate budget. We could allocate money for a special dinner, birthday cake, decorations, flowers, a present, and potentially a professional photograph. We should decide whether the family will contribute equally or whether some expenses will be shared differently. It would be useful to agree on this before the trip so there are no misunderstandings.

Travel insurance should be purchased for the entire trip rather than only the cruise. The policy should be checked carefully to understand what it covers, including medical expenses, cancellation, delays, lost luggage, and cruise-related issues. Everyone should have access to their insurance details and emergency contact information.

Before leaving the UK, everyone should check their passport. Passports need to meet the relevant entry requirements for the countries visited, and everyone should make sure their personal details match the bookings. We should also check any visa or travel authorisation requirements that apply to British or other passport holders in the group. Copies of important documents should be stored securely online as well as being available offline."
25,What should we check before boarding the cruise?,What should we check before boarding the cruise?,True,22,7,0.02964426877470356,4,0.6889923214912415,True,"At the end of the Orlando stay, we need to travel to the cruise port. The exact port and departure time will determine when we need to leave the hotel. We should build in plenty of extra time because traffic around Orlando and the cruise port could cause delays. If we have rented a car, we need to arrange its return before boarding the ship. If we use a transfer service, the booking should be confirmed a few days beforehand. We should also make sure that all luggage is labelled correctly and that everyone has their cruise documents easily accessible.

The Orlando itinerary should therefore balance major attractions with rest. A possible structure would be arrival and relaxation on the first day, Disney on the second day, Universal on the third day, and shopping or a relaxed activity before travelling to the cruise port. However, this should remain flexible depending on flight times, ticket prices, weather, and how everyone feels. The goal is to arrive at the cruise feeling excited rather than exhausted."
25,What should we check before boarding the cruise?,What should we check before boarding the cruise?,True,23,8,0.015873015873015872,,,False,"The main plan is to celebrate Mum’s 60th birthday with a special family holiday combining a few days in Orlando with a Caribbean cruise. The idea is to make the entire trip feel like one large birthday celebration rather than treating the cruise and Orlando as two completely separate holidays. We will fly from the UK to Orlando, spend several days exploring the city and visiting some of the major tourist attractions, and then travel to the cruise port to board the ship. After boarding, we will spend several days enjoying the facilities on the cruise ship and visiting different destinations in Mexico and the Bahamas. Once the cruise is finished, we will return to Orlando or travel directly to the airport depending on the cruise schedule and our flight arrangements."
25,What should we check before boarding the cruise?,What should we check before boarding the cruise?,True,13,9,0.014925373134328358,,,False,"The cruise stops in Mexico and the Bahamas are an important part of the trip because they give the family opportunities to experience places outside the cruise ship. We want each destination to feel different and would prefer to have a rough plan before travelling. At the same time, we do not want every hour to be scheduled because part of the appeal of a cruise is being able to relax and decide what to do once we arrive.

The Mexico stop should focus more on sightseeing, culture, food, and experiencing the local area. The exact activities will depend on which Mexican port the cruise visits. One option would be to book an organised excursion through the cruise company. This could involve visiting historical sites, exploring the town, taking a guided tour, or visiting a beach resort. An organised excursion would make transport easier and would reduce the risk of having problems getting back to the ship before departure.

Another possibility in Mexico would be arranging an independent excursion. This could give us more flexibility and potentially cost less than a cruise-organised tour. However, we would need to research the transport carefully and make sure the excursion does not take us too far from the port. We should also check the cancellation policy in case the ship arrives late or weather affects the excursion."
25,What should we check before boarding the cruise?,What should we check before boarding the cruise?,True,15,10,0.014705882352941176,,,False,"Shopping could also be included in the Bahamas itinerary. Depending on the port, there may be markets and shops selling souvenirs, clothing, jewellery, food, and other items. We should decide in advance whether shopping is a major priority or simply something we will do if there is time. It would be sensible to leave enough room in the budget for souvenirs because family members may want to buy gifts.

We should compare cruise-organised excursions with independent excursions before making a decision. Cruise excursions are often more expensive, but they may provide more structured transport and reassurance about returning to the ship. Independent excursions can provide greater flexibility, but the responsibility for getting back to the ship falls on us. The decision should therefore consider not only price but also the length of the excursion, distance from the port, cancellation policies, and the needs of the family.

Safety and comfort should be considered for every excursion. Everyone should carry the essentials but avoid taking unnecessary valuables ashore. We should have a meeting point near the port in case members of the group become separated. Everyone should also know the ship's name and departure time. It would be useful for everyone to have a copy or screenshot of the day's schedule."
26,How should we celebrate Mum's 60th birthday?,How should we celebrate Mum's 60th birthday?,True,12,1,0.03252247488101534,5,0.8259413242340088,True,"Overall, the cruise should combine relaxation, entertainment, family time, and the birthday celebration. The most important part is ensuring that Mum feels that the entire holiday has been organised around celebrating her 60th birthday while still allowing everyone else to enjoy the experience."
26,How should we celebrate Mum's 60th birthday?,How should we celebrate Mum's 60th birthday?,True,9,2,0.032266458495966696,3,0.8742601275444031,True,"Food will be one of the major parts of the cruise experience. There may be a main dining room, buffet, casual restaurants, speciality restaurants, cafes, and room service. We should check which options are included and which cost extra. Since this is a family birthday trip, it would be nice to have at least one special dinner where everyone sits together. We could choose one of the speciality restaurants if the cost is reasonable, or use the main dining room if we want a more traditional cruise experience.

Mum's 60th birthday should receive particular attention. We want to make the day feel different from the other days of the cruise. The first step is finding out whether the cruise company offers birthday packages. These could potentially include a cake, decorations, a special message, flowers, or a celebration arranged by the dining staff. We should contact the cruise company before travelling rather than assuming these services can be organised on the day.

A birthday dinner would probably be the main event. We could arrange for everyone to sit together, order a special meal, and have a birthday cake brought out at the end. It may also be possible to arrange decorations at the table or in Mum's cabin. Another idea is to organise a small surprise where the rest of the family knows the plan but Mum does not. We should be careful not to create an unnecessarily complicated surprise because the cruise schedule may change."
26,How should we celebrate Mum's 60th birthday?,How should we celebrate Mum's 60th birthday?,True,25,3,0.031754032258064516,2,0.8805612921714783,True,"The cruise will be the centrepiece of the holiday. We want to spend plenty of time enjoying the ship rather than treating it simply as transportation between destinations. There should be several restaurants, swimming pools, entertainment venues, bars, live shows, and organised activities available. Some family members may want to spend time by the pool, while others may prefer to attend shows, use the gym, explore the ship, or participate in organised activities. We should look at the cruise schedule before travelling and identify activities that need to be booked in advance. It would also be useful to identify restaurants or experiences that have additional charges so that we can decide what is worth paying for.

Mum's 60th birthday needs to be the main focus of the trip. We want to arrange at least one proper birthday celebration, ideally on the cruise because the ship will provide a memorable setting. A special dinner with the whole family would be one possibility, followed by a birthday cake and drinks. We could also arrange decorations in the cabin or dining area and organise a surprise if the cruise company offers a birthday package. Another possibility would be to arrange a special excursion on or around her birthday, depending on where the ship is located that day. We should find out the exact birthday date in relation to the cruise itinerary before making any reservations."
26,How should we celebrate Mum's 60th birthday?,How should we celebrate Mum's 60th birthday?,True,23,4,0.030536130536130537,1,0.931916356086731,False,"The main plan is to celebrate Mum’s 60th birthday with a special family holiday combining a few days in Orlando with a Caribbean cruise. The idea is to make the entire trip feel like one large birthday celebration rather than treating the cruise and Orlando as two completely separate holidays. We will fly from the UK to Orlando, spend several days exploring the city and visiting some of the major tourist attractions, and then travel to the cruise port to board the ship. After boarding, we will spend several days enjoying the facilities on the cruise ship and visiting different destinations in Mexico and the Bahamas. Once the cruise is finished, we will return to Orlando or travel directly to the airport depending on the cruise schedule and our flight arrangements."
26,How should we celebrate Mum's 60th birthday?,How should we celebrate Mum's 60th birthday?,True,27,5,0.030309988518943745,,,False,"The budget should be agreed before we start booking optional activities. The main expenses will include flights, Orlando accommodation, theme park tickets, transport, the cruise itself, food and drinks outside what is included in the cruise fare, excursions, shopping, travel insurance, and spending money. Mum's birthday celebration should have its own budget so that we can decide how much to spend on dinner, cake, decorations, and a present. Everyone should understand which costs are shared and which costs are personal. We should also keep some emergency money available in case transport costs more than expected or plans have to change.

The trip should be enjoyable for everyone, so the itinerary should not be completely packed. We should have a mixture of planned activities and free time. The most important things are spending time together, celebrating Mum's birthday, experiencing Orlando, enjoying the cruise, and making good memories as a family. Before the trip, we should hold a final planning meeting where everyone can review the itinerary, confirm their bookings, discuss what they want to do at each destination, and raise any concerns. A shared digital document or group chat could be used to keep everyone updated. The final itinerary should include all confirmed bookings as well as alternative options in case weather, transport problems, or other circumstances cause plans to change."
26,How should we celebrate Mum's 60th birthday?,How should we celebrate Mum's 60th birthday?,True,7,6,0.030158730158730156,4,0.839957594871521,False,"The final itinerary should contain a day-by-day schedule with flights, accommodation, Orlando activities, transport, cruise information, port stops, excursions, birthday plans, and important contact information. However, it should not be so rigid that there is no room for spontaneous activities. The trip is ultimately a family celebration, so there should be plenty of time to relax, take photographs, enjoy meals together, and celebrate Mum's 60th birthday."
26,How should we celebrate Mum's 60th birthday?,How should we celebrate Mum's 60th birthday?,True,17,7,0.030117753623188408,,,True,"For her 60th birthday, she would love something thoughtful that feels a little special. She likes nice things such as perfume, jewellery, handbags, shoes, clothes and skincare, especially if they are good quality and something she probably wouldn’t buy for herself. Personal gifts would also mean a lot, such as a nice photo album, something personalised, or a gift that reminds her of her family and the memories they have shared.

She would also really enjoy being treated to something rather than just receiving a physical gift. A nice meal, afternoon tea, spa day, hotel stay or a short trip would all be lovely. She also enjoys Nigerian food and things that connect to her culture, so traditional clothing, food or something with a personal connection to her Nigerian heritage could be a great choice. Overall, the main thing is that it feels thoughtful and shows that some effort has gone into making her 60th birthday memorable."
26,How should we celebrate Mum's 60th birthday?,How should we celebrate Mum's 60th birthday?,True,21,8,0.029857397504456328,,,False,"We should not schedule every minute of the Universal day. Theme parks can become tiring, especially when the weather is hot. The group should take breaks for food and drinks and make sure everyone is comfortable. Mum's birthday is the reason for the trip, so we should make sure the theme park schedule is enjoyable for her rather than focusing entirely on the biggest rides. If some people want to spend several hours on more intense rides, other members of the family could have a more relaxed activity planned at the same time.

Shopping is another possible Orlando activity. There are several large outlet shopping centres where the group could spend a few hours looking for clothes, shoes, gifts, and other items. Shopping should probably be scheduled for an afternoon or evening rather than replacing one of the major attractions. We should also remember that anything bought in Orlando will need to fit into our luggage for the remainder of the trip, particularly because we will have to transport our bags to the cruise.

Food will be an important part of the Orlando experience. We should try a mixture of American restaurants and local or international food rather than eating at the theme parks for every meal. One evening could be used for a nicer family dinner to begin the birthday celebrations. We should research restaurants in advance if we want a particular location or type of food because popular restaurants can become busy."
26,How should we celebrate Mum's 60th birthday?,How should we celebrate Mum's 60th birthday?,True,10,9,0.029418126757516764,,,False,"Photography should also be an important part of the celebration. We should take family photographs throughout the cruise rather than relying entirely on one birthday photo. The ship is likely to have several scenic locations that would make good backgrounds, particularly in the evening. We could also arrange one more formal family photograph on the birthday itself. If the cruise company offers professional photography, we can consider whether the packages represent good value.

There should also be time for everyone to enjoy the cruise independently. Some family members may want to spend time around the swimming pool, while others might prefer the gym, live entertainment, bars, games, or other activities. It would be unrealistic to expect everyone to do everything together for the entire trip. We should identify a few activities that everyone wants to experience together and allow people to choose their own activities at other times.

The evenings could be used for entertainment. The ship may have live music, comedy, theatre shows, dancing, quizzes, and other performances. We should look at the daily schedule each morning and decide whether there are any shows that the whole family wants to attend. Some shows may require reservations, so these should be booked early. If Mum enjoys dancing or live music, one evening could be dedicated to going to one of the ship's entertainment venues together."
26,How should we celebrate Mum's 60th birthday?,How should we celebrate Mum's 60th birthday?,True,5,10,0.014705882352941176,,,True,"Mum's birthday should have a separate budget. We could allocate money for a special dinner, birthday cake, decorations, flowers, a present, and potentially a professional photograph. We should decide whether the family will contribute equally or whether some expenses will be shared differently. It would be useful to agree on this before the trip so there are no misunderstandings.

Travel insurance should be purchased for the entire trip rather than only the cruise. The policy should be checked carefully to understand what it covers, including medical expenses, cancellation, delays, lost luggage, and cruise-related issues. Everyone should have access to their insurance details and emergency contact information.

Before leaving the UK, everyone should check their passport. Passports need to meet the relevant entry requirements for the countries visited, and everyone should make sure their personal details match the bookings. We should also check any visa or travel authorisation requirements that apply to British or other passport holders in the group. Copies of important documents should be stored securely online as well as being available offline."
27,What birthday services might the cruise company offer?,What birthday services might the cruise company offer?,True,10,1,0.03252247488101534,3,0.6643884181976318,False,"Photography should also be an important part of the celebration. We should take family photographs throughout the cruise rather than relying entirely on one birthday photo. The ship is likely to have several scenic locations that would make good backgrounds, particularly in the evening. We could also arrange one more formal family photograph on the birthday itself. If the cruise company offers professional photography, we can consider whether the packages represent good value.

There should also be time for everyone to enjoy the cruise independently. Some family members may want to spend time around the swimming pool, while others might prefer the gym, live entertainment, bars, games, or other activities. It would be unrealistic to expect everyone to do everything together for the entire trip. We should identify a few activities that everyone wants to experience together and allow people to choose their own activities at other times.

The evenings could be used for entertainment. The ship may have live music, comedy, theatre shows, dancing, quizzes, and other performances. We should look at the daily schedule each morning and decide whether there are any shows that the whole family wants to attend. Some shows may require reservations, so these should be booked early. If Mum enjoys dancing or live music, one evening could be dedicated to going to one of the ship's entertainment venues together."
27,What birthday services might the cruise company offer?,What birthday services might the cruise company offer?,True,9,2,0.03252247488101534,1,0.8332298994064331,True,"Food will be one of the major parts of the cruise experience. There may be a main dining room, buffet, casual restaurants, speciality restaurants, cafes, and room service. We should check which options are included and which cost extra. Since this is a family birthday trip, it would be nice to have at least one special dinner where everyone sits together. We could choose one of the speciality restaurants if the cost is reasonable, or use the main dining room if we want a more traditional cruise experience.

Mum's 60th birthday should receive particular attention. We want to make the day feel different from the other days of the cruise. The first step is finding out whether the cruise company offers birthday packages. These could potentially include a cake, decorations, a special message, flowers, or a celebration arranged by the dining staff. We should contact the cruise company before travelling rather than assuming these services can be organised on the day.

A birthday dinner would probably be the main event. We could arrange for everyone to sit together, order a special meal, and have a birthday cake brought out at the end. It may also be possible to arrange decorations at the table or in Mum's cabin. Another idea is to organise a small surprise where the rest of the family knows the plan but Mum does not. We should be careful not to create an unnecessarily complicated surprise because the cruise schedule may change."
27,What birthday services might the cruise company offer?,What birthday services might the cruise company offer?,True,25,3,0.031746031746031744,2,0.7118522524833679,True,"The cruise will be the centrepiece of the holiday. We want to spend plenty of time enjoying the ship rather than treating it simply as transportation between destinations. There should be several restaurants, swimming pools, entertainment venues, bars, live shows, and organised activities available. Some family members may want to spend time by the pool, while others may prefer to attend shows, use the gym, explore the ship, or participate in organised activities. We should look at the cruise schedule before travelling and identify activities that need to be booked in advance. It would also be useful to identify restaurants or experiences that have additional charges so that we can decide what is worth paying for.

Mum's 60th birthday needs to be the main focus of the trip. We want to arrange at least one proper birthday celebration, ideally on the cruise because the ship will provide a memorable setting. A special dinner with the whole family would be one possibility, followed by a birthday cake and drinks. We could also arrange decorations in the cabin or dining area and organise a surprise if the cruise company offers a birthday package. Another possibility would be to arrange a special excursion on or around her birthday, depending on where the ship is located that day. We should find out the exact birthday date in relation to the cruise itinerary before making any reservations."
27,What birthday services might the cruise company offer?,What birthday services might the cruise company offer?,True,8,4,0.03125,5,0.4961188733577728,False,"The cruise is the central part of the birthday holiday and will provide the main setting for the family celebration. After spending several days in Orlando, we will travel to the cruise port and board the ship. Before leaving Orlando, everyone should make sure they have their cruise documents, passports, medication if required, luggage, and any other important items. We should check the cruise company's boarding instructions carefully because there will be a specific arrival window and security process.

Once on board, everyone should take some time to explore the ship. The ship will probably have several restaurants, swimming pools, lounges, entertainment venues, shops, fitness facilities, and other activities. It would be useful to identify the main areas on the first day so that everyone knows where things are. We should also check the daily activity schedule because there may be events that require advance booking. Some activities will probably be included in the cruise fare, while others may have an additional cost."
27,What birthday services might the cruise company offer?,What birthday services might the cruise company offer?,True,23,5,0.030303030303030304,,,False,"The main plan is to celebrate Mum’s 60th birthday with a special family holiday combining a few days in Orlando with a Caribbean cruise. The idea is to make the entire trip feel like one large birthday celebration rather than treating the cruise and Orlando as two completely separate holidays. We will fly from the UK to Orlando, spend several days exploring the city and visiting some of the major tourist attractions, and then travel to the cruise port to board the ship. After boarding, we will spend several days enjoying the facilities on the cruise ship and visiting different destinations in Mexico and the Bahamas. Once the cruise is finished, we will return to Orlando or travel directly to the airport depending on the cruise schedule and our flight arrangements."
27,What birthday services might the cruise company offer?,What birthday services might the cruise company offer?,True,5,6,0.029211087420042643,,,False,"Mum's birthday should have a separate budget. We could allocate money for a special dinner, birthday cake, decorations, flowers, a present, and potentially a professional photograph. We should decide whether the family will contribute equally or whether some expenses will be shared differently. It would be useful to agree on this before the trip so there are no misunderstandings.

Travel insurance should be purchased for the entire trip rather than only the cruise. The policy should be checked carefully to understand what it covers, including medical expenses, cancellation, delays, lost luggage, and cruise-related issues. Everyone should have access to their insurance details and emergency contact information.

Before leaving the UK, everyone should check their passport. Passports need to meet the relevant entry requirements for the countries visited, and everyone should make sure their personal details match the bookings. We should also check any visa or travel authorisation requirements that apply to British or other passport holders in the group. Copies of important documents should be stored securely online as well as being available offline."
27,What birthday services might the cruise company offer?,What birthday services might the cruise company offer?,True,6,7,0.029211087420042643,,,False,"A shared packing checklist should be created several weeks before departure. Important items will include passports, travel documents, phones, chargers, medication, comfortable shoes, swimwear, sun protection, appropriate clothing for the cruise, formal or smart clothing if required for dinner, and any birthday decorations that we decide to bring from home. We should avoid packing too much because there will be opportunities to shop in Orlando and potentially at the cruise destinations.

The final two weeks before the trip should be used for confirmation rather than major planning. Flights, hotels, cruise bookings, excursions, restaurant reservations, theme park tickets, and transport should all be checked. We should confirm the times and locations of any excursions and make sure everyone knows when they need to be ready.

A final family meeting could take place shortly before departure. During the meeting, we can review the full itinerary, confirm who is responsible for each booking, discuss the birthday surprise, and make sure everyone understands the plan. We should also agree on what to do if someone gets separated from the group or if a planned activity is cancelled."
27,What birthday services might the cruise company offer?,What birthday services might the cruise company offer?,True,27,8,0.02919863597612958,,,False,"The budget should be agreed before we start booking optional activities. The main expenses will include flights, Orlando accommodation, theme park tickets, transport, the cruise itself, food and drinks outside what is included in the cruise fare, excursions, shopping, travel insurance, and spending money. Mum's birthday celebration should have its own budget so that we can decide how much to spend on dinner, cake, decorations, and a present. Everyone should understand which costs are shared and which costs are personal. We should also keep some emergency money available in case transport costs more than expected or plans have to change.

The trip should be enjoyable for everyone, so the itinerary should not be completely packed. We should have a mixture of planned activities and free time. The most important things are spending time together, celebrating Mum's birthday, experiencing Orlando, enjoying the cruise, and making good memories as a family. Before the trip, we should hold a final planning meeting where everyone can review the itinerary, confirm their bookings, discuss what they want to do at each destination, and raise any concerns. A shared digital document or group chat could be used to keep everyone updated. The final itinerary should include all confirmed bookings as well as alternative options in case weather, transport problems, or other circumstances cause plans to change."
27,What birthday services might the cruise company offer?,What birthday services might the cruise company offer?,True,12,9,0.015384615384615385,4,0.5608546137809753,False,"Overall, the cruise should combine relaxation, entertainment, family time, and the birthday celebration. The most important part is ensuring that Mum feels that the entire holiday has been organised around celebrating her 60th birthday while still allowing everyone else to enjoy the experience."
27,What birthday services might the cruise company offer?,What birthday services might the cruise company offer?,True,4,10,0.015384615384615385,,,False,"Transport needs to be planned for the entire holiday. The first journey will be from the airport to the Orlando hotel. We then need transport to Disney, Universal, restaurants, shopping areas, and eventually the cruise port. A rental car could provide flexibility but would introduce costs for the rental itself, fuel, parking, and insurance. Ride-sharing could be simpler for individual journeys, but multiple long journeys could become expensive. We should compare the estimated total cost of each option.

The cruise price should be broken down carefully. Some food and entertainment will probably be included, while speciality restaurants, premium drinks, certain activities, internet packages, excursions, and other services may cost extra. We should identify which optional costs are likely to apply to our family. A daily spending allowance for the cruise could help prevent unexpected expenses.

Excursions in Mexico and the Bahamas should have their own budget. Before booking, we should compare cruise excursions with independent tours and consider what is included in each price. An excursion advertised at a low price might exclude transportation, food, equipment, or entrance fees. We should calculate the full cost for the entire family before deciding."
28,What could be included in Mum's birthday celebration?,What could be included in Mum's birthday celebration?,True,9,1,0.03252247488101534,2,0.7876867055892944,True,"Food will be one of the major parts of the cruise experience. There may be a main dining room, buffet, casual restaurants, speciality restaurants, cafes, and room service. We should check which options are included and which cost extra. Since this is a family birthday trip, it would be nice to have at least one special dinner where everyone sits together. We could choose one of the speciality restaurants if the cost is reasonable, or use the main dining room if we want a more traditional cruise experience.

Mum's 60th birthday should receive particular attention. We want to make the day feel different from the other days of the cruise. The first step is finding out whether the cruise company offers birthday packages. These could potentially include a cake, decorations, a special message, flowers, or a celebration arranged by the dining staff. We should contact the cruise company before travelling rather than assuming these services can be organised on the day.

A birthday dinner would probably be the main event. We could arrange for everyone to sit together, order a special meal, and have a birthday cake brought out at the end. It may also be possible to arrange decorations at the table or in Mum's cabin. Another idea is to organise a small surprise where the rest of the family knows the plan but Mum does not. We should be careful not to create an unnecessarily complicated surprise because the cruise schedule may change."
28,What could be included in Mum's birthday celebration?,What could be included in Mum's birthday celebration?,True,25,2,0.03177805800756621,4,0.6969704627990723,True,"The cruise will be the centrepiece of the holiday. We want to spend plenty of time enjoying the ship rather than treating it simply as transportation between destinations. There should be several restaurants, swimming pools, entertainment venues, bars, live shows, and organised activities available. Some family members may want to spend time by the pool, while others may prefer to attend shows, use the gym, explore the ship, or participate in organised activities. We should look at the cruise schedule before travelling and identify activities that need to be booked in advance. It would also be useful to identify restaurants or experiences that have additional charges so that we can decide what is worth paying for.

Mum's 60th birthday needs to be the main focus of the trip. We want to arrange at least one proper birthday celebration, ideally on the cruise because the ship will provide a memorable setting. A special dinner with the whole family would be one possibility, followed by a birthday cake and drinks. We could also arrange decorations in the cabin or dining area and organise a surprise if the cruise company offers a birthday package. Another possibility would be to arrange a special excursion on or around her birthday, depending on where the ship is located that day. We should find out the exact birthday date in relation to the cruise itinerary before making any reservations."
28,What could be included in Mum's birthday celebration?,What could be included in Mum's birthday celebration?,True,27,3,0.0315136476426799,1,0.8530460000038147,True,"The budget should be agreed before we start booking optional activities. The main expenses will include flights, Orlando accommodation, theme park tickets, transport, the cruise itself, food and drinks outside what is included in the cruise fare, excursions, shopping, travel insurance, and spending money. Mum's birthday celebration should have its own budget so that we can decide how much to spend on dinner, cake, decorations, and a present. Everyone should understand which costs are shared and which costs are personal. We should also keep some emergency money available in case transport costs more than expected or plans have to change.

The trip should be enjoyable for everyone, so the itinerary should not be completely packed. We should have a mixture of planned activities and free time. The most important things are spending time together, celebrating Mum's birthday, experiencing Orlando, enjoying the cruise, and making good memories as a family. Before the trip, we should hold a final planning meeting where everyone can review the itinerary, confirm their bookings, discuss what they want to do at each destination, and raise any concerns. A shared digital document or group chat could be used to keep everyone updated. The final itinerary should include all confirmed bookings as well as alternative options in case weather, transport problems, or other circumstances cause plans to change."
28,What could be included in Mum's birthday celebration?,What could be included in Mum's birthday celebration?,True,21,4,0.03125,,,False,"We should not schedule every minute of the Universal day. Theme parks can become tiring, especially when the weather is hot. The group should take breaks for food and drinks and make sure everyone is comfortable. Mum's birthday is the reason for the trip, so we should make sure the theme park schedule is enjoyable for her rather than focusing entirely on the biggest rides. If some people want to spend several hours on more intense rides, other members of the family could have a more relaxed activity planned at the same time.

Shopping is another possible Orlando activity. There are several large outlet shopping centres where the group could spend a few hours looking for clothes, shoes, gifts, and other items. Shopping should probably be scheduled for an afternoon or evening rather than replacing one of the major attractions. We should also remember that anything bought in Orlando will need to fit into our luggage for the remainder of the trip, particularly because we will have to transport our bags to the cruise.

Food will be an important part of the Orlando experience. We should try a mixture of American restaurants and local or international food rather than eating at the theme parks for every meal. One evening could be used for a nicer family dinner to begin the birthday celebrations. We should research restaurants in advance if we want a particular location or type of food because popular restaurants can become busy."
28,What could be included in Mum's birthday celebration?,What could be included in Mum's birthday celebration?,True,10,5,0.030798389007344232,,,False,"Photography should also be an important part of the celebration. We should take family photographs throughout the cruise rather than relying entirely on one birthday photo. The ship is likely to have several scenic locations that would make good backgrounds, particularly in the evening. We could also arrange one more formal family photograph on the birthday itself. If the cruise company offers professional photography, we can consider whether the packages represent good value.

There should also be time for everyone to enjoy the cruise independently. Some family members may want to spend time around the swimming pool, while others might prefer the gym, live entertainment, bars, games, or other activities. It would be unrealistic to expect everyone to do everything together for the entire trip. We should identify a few activities that everyone wants to experience together and allow people to choose their own activities at other times.

The evenings could be used for entertainment. The ship may have live music, comedy, theatre shows, dancing, quizzes, and other performances. We should look at the daily schedule each morning and decide whether there are any shows that the whole family wants to attend. Some shows may require reservations, so these should be booked early. If Mum enjoys dancing or live music, one evening could be dedicated to going to one of the ship's entertainment venues together."
28,What could be included in Mum's birthday celebration?,What could be included in Mum's birthday celebration?,True,12,6,0.03036576949620428,5,0.6859710216522217,False,"Overall, the cruise should combine relaxation, entertainment, family time, and the birthday celebration. The most important part is ensuring that Mum feels that the entire holiday has been organised around celebrating her 60th birthday while still allowing everyone else to enjoy the experience."
28,What could be included in Mum's birthday celebration?,What could be included in Mum's birthday celebration?,True,5,7,0.03007688828584351,,,True,"Mum's birthday should have a separate budget. We could allocate money for a special dinner, birthday cake, decorations, flowers, a present, and potentially a professional photograph. We should decide whether the family will contribute equally or whether some expenses will be shared differently. It would be useful to agree on this before the trip so there are no misunderstandings.

Travel insurance should be purchased for the entire trip rather than only the cruise. The policy should be checked carefully to understand what it covers, including medical expenses, cancellation, delays, lost luggage, and cruise-related issues. Everyone should have access to their insurance details and emergency contact information.

Before leaving the UK, everyone should check their passport. Passports need to meet the relevant entry requirements for the countries visited, and everyone should make sure their personal details match the bookings. We should also check any visa or travel authorisation requirements that apply to British or other passport holders in the group. Copies of important documents should be stored securely online as well as being available offline."
28,What could be included in Mum's birthday celebration?,What could be included in Mum's birthday celebration?,True,7,8,0.028991596638655463,3,0.6991932988166809,False,"The final itinerary should contain a day-by-day schedule with flights, accommodation, Orlando activities, transport, cruise information, port stops, excursions, birthday plans, and important contact information. However, it should not be so rigid that there is no room for spontaneous activities. The trip is ultimately a family celebration, so there should be plenty of time to relax, take photographs, enjoy meals together, and celebrate Mum's 60th birthday."
28,What could be included in Mum's birthday celebration?,What could be included in Mum's birthday celebration?,True,2,9,0.015151515151515152,,,False,"Planning the budget will be important because this holiday combines an international flight, several nights in Orlando, expensive theme park visits, a cruise, excursions, and a major birthday celebration. We should establish the approximate total budget before making too many optional bookings. The main costs will be flights, Orlando accommodation, transport, theme park tickets, cruise fares, food and drinks, excursions, travel insurance, birthday expenses, shopping, and general spending money.

Flights from the UK to Orlando will probably be one of the largest initial expenses. We should compare different airlines and flight times rather than looking only at the cheapest ticket. A cheaper flight that arrives at an inconvenient time could result in needing an additional hotel night or expensive transport. We should also consider baggage allowances because we will need luggage for both the Orlando part of the trip and the cruise. If the airline charges separately for checked bags, that should be included when comparing prices."
28,What could be included in Mum's birthday celebration?,What could be included in Mum's birthday celebration?,True,23,10,0.014705882352941176,,,False,"The main plan is to celebrate Mum’s 60th birthday with a special family holiday combining a few days in Orlando with a Caribbean cruise. The idea is to make the entire trip feel like one large birthday celebration rather than treating the cruise and Orlando as two completely separate holidays. We will fly from the UK to Orlando, spend several days exploring the city and visiting some of the major tourist attractions, and then travel to the cruise port to board the ship. After boarding, we will spend several days enjoying the facilities on the cruise ship and visiting different destinations in Mexico and the Bahamas. Once the cruise is finished, we will return to Orlando or travel directly to the airport depending on the cruise schedule and our flight arrangements."
29,What types of gifts would Mum appreciate?,What types of gifts would Mum appreciate?,True,17,1,0.03252247488101534,1,0.3789651393890381,True,"For her 60th birthday, she would love something thoughtful that feels a little special. She likes nice things such as perfume, jewellery, handbags, shoes, clothes and skincare, especially if they are good quality and something she probably wouldn’t buy for herself. Personal gifts would also mean a lot, such as a nice photo album, something personalised, or a gift that reminds her of her family and the memories they have shared.

She would also really enjoy being treated to something rather than just receiving a physical gift. A nice meal, afternoon tea, spa day, hotel stay or a short trip would all be lovely. She also enjoys Nigerian food and things that connect to her culture, so traditional clothing, food or something with a personal connection to her Nigerian heritage could be a great choice. Overall, the main thing is that it feels thoughtful and shows that some effort has gone into making her 60th birthday memorable."
29,What types of gifts would Mum appreciate?,What types of gifts would Mum appreciate?,True,25,2,0.031754032258064516,5,0.18572591245174408,False,"The cruise will be the centrepiece of the holiday. We want to spend plenty of time enjoying the ship rather than treating it simply as transportation between destinations. There should be several restaurants, swimming pools, entertainment venues, bars, live shows, and organised activities available. Some family members may want to spend time by the pool, while others may prefer to attend shows, use the gym, explore the ship, or participate in organised activities. We should look at the cruise schedule before travelling and identify activities that need to be booked in advance. It would also be useful to identify restaurants or experiences that have additional charges so that we can decide what is worth paying for.

Mum's 60th birthday needs to be the main focus of the trip. We want to arrange at least one proper birthday celebration, ideally on the cruise because the ship will provide a memorable setting. A special dinner with the whole family would be one possibility, followed by a birthday cake and drinks. We could also arrange decorations in the cabin or dining area and organise a surprise if the cruise company offers a birthday package. Another possibility would be to arrange a special excursion on or around her birthday, depending on where the ship is located that day. We should find out the exact birthday date in relation to the cruise itinerary before making any reservations."
29,What types of gifts would Mum appreciate?,What types of gifts would Mum appreciate?,True,21,3,0.03131881575727918,,,False,"We should not schedule every minute of the Universal day. Theme parks can become tiring, especially when the weather is hot. The group should take breaks for food and drinks and make sure everyone is comfortable. Mum's birthday is the reason for the trip, so we should make sure the theme park schedule is enjoyable for her rather than focusing entirely on the biggest rides. If some people want to spend several hours on more intense rides, other members of the family could have a more relaxed activity planned at the same time.

Shopping is another possible Orlando activity. There are several large outlet shopping centres where the group could spend a few hours looking for clothes, shoes, gifts, and other items. Shopping should probably be scheduled for an afternoon or evening rather than replacing one of the major attractions. We should also remember that anything bought in Orlando will need to fit into our luggage for the remainder of the trip, particularly because we will have to transport our bags to the cruise.

Food will be an important part of the Orlando experience. We should try a mixture of American restaurants and local or international food rather than eating at the theme parks for every meal. One evening could be used for a nicer family dinner to begin the birthday celebrations. We should research restaurants in advance if we want a particular location or type of food because popular restaurants can become busy."
29,What types of gifts would Mum appreciate?,What types of gifts would Mum appreciate?,True,9,4,0.03125763125763126,2,0.2558504343032837,False,"Food will be one of the major parts of the cruise experience. There may be a main dining room, buffet, casual restaurants, speciality restaurants, cafes, and room service. We should check which options are included and which cost extra. Since this is a family birthday trip, it would be nice to have at least one special dinner where everyone sits together. We could choose one of the speciality restaurants if the cost is reasonable, or use the main dining room if we want a more traditional cruise experience.

Mum's 60th birthday should receive particular attention. We want to make the day feel different from the other days of the cruise. The first step is finding out whether the cruise company offers birthday packages. These could potentially include a cake, decorations, a special message, flowers, or a celebration arranged by the dining staff. We should contact the cruise company before travelling rather than assuming these services can be organised on the day.

A birthday dinner would probably be the main event. We could arrange for everyone to sit together, order a special meal, and have a birthday cake brought out at the end. It may also be possible to arrange decorations at the table or in Mum's cabin. Another idea is to organise a small surprise where the rest of the family knows the plan but Mum does not. We should be careful not to create an unnecessarily complicated surprise because the cruise schedule may change."
29,What types of gifts would Mum appreciate?,What types of gifts would Mum appreciate?,True,5,5,0.03057889822595705,,,False,"Mum's birthday should have a separate budget. We could allocate money for a special dinner, birthday cake, decorations, flowers, a present, and potentially a professional photograph. We should decide whether the family will contribute equally or whether some expenses will be shared differently. It would be useful to agree on this before the trip so there are no misunderstandings.

Travel insurance should be purchased for the entire trip rather than only the cruise. The policy should be checked carefully to understand what it covers, including medical expenses, cancellation, delays, lost luggage, and cruise-related issues. Everyone should have access to their insurance details and emergency contact information.

Before leaving the UK, everyone should check their passport. Passports need to meet the relevant entry requirements for the countries visited, and everyone should make sure their personal details match the bookings. We should also check any visa or travel authorisation requirements that apply to British or other passport holders in the group. Copies of important documents should be stored securely online as well as being available offline."
29,What types of gifts would Mum appreciate?,What types of gifts would Mum appreciate?,True,10,6,0.029877369007803793,,,False,"Photography should also be an important part of the celebration. We should take family photographs throughout the cruise rather than relying entirely on one birthday photo. The ship is likely to have several scenic locations that would make good backgrounds, particularly in the evening. We could also arrange one more formal family photograph on the birthday itself. If the cruise company offers professional photography, we can consider whether the packages represent good value.

There should also be time for everyone to enjoy the cruise independently. Some family members may want to spend time around the swimming pool, while others might prefer the gym, live entertainment, bars, games, or other activities. It would be unrealistic to expect everyone to do everything together for the entire trip. We should identify a few activities that everyone wants to experience together and allow people to choose their own activities at other times.

The evenings could be used for entertainment. The ship may have live music, comedy, theatre shows, dancing, quizzes, and other performances. We should look at the daily schedule each morning and decide whether there are any shows that the whole family wants to attend. Some shows may require reservations, so these should be booked early. If Mum enjoys dancing or live music, one evening could be dedicated to going to one of the ship's entertainment venues together."
29,What types of gifts would Mum appreciate?,What types of gifts would Mum appreciate?,True,12,7,0.015625,4,0.18763861060142517,False,"Overall, the cruise should combine relaxation, entertainment, family time, and the birthday celebration. The most important part is ensuring that Mum feels that the entire holiday has been organised around celebrating her 60th birthday while still allowing everyone else to enjoy the experience."
29,What types of gifts would Mum appreciate?,What types of gifts would Mum appreciate?,True,27,8,0.015151515151515152,3,0.19055862724781036,False,"The budget should be agreed before we start booking optional activities. The main expenses will include flights, Orlando accommodation, theme park tickets, transport, the cruise itself, food and drinks outside what is included in the cruise fare, excursions, shopping, travel insurance, and spending money. Mum's birthday celebration should have its own budget so that we can decide how much to spend on dinner, cake, decorations, and a present. Everyone should understand which costs are shared and which costs are personal. We should also keep some emergency money available in case transport costs more than expected or plans have to change.

The trip should be enjoyable for everyone, so the itinerary should not be completely packed. We should have a mixture of planned activities and free time. The most important things are spending time together, celebrating Mum's birthday, experiencing Orlando, enjoying the cruise, and making good memories as a family. Before the trip, we should hold a final planning meeting where everyone can review the itinerary, confirm their bookings, discuss what they want to do at each destination, and raise any concerns. A shared digital document or group chat could be used to keep everyone updated. The final itinerary should include all confirmed bookings as well as alternative options in case weather, transport problems, or other circumstances cause plans to change."
29,What types of gifts would Mum appreciate?,What types of gifts would Mum appreciate?,True,15,9,0.015151515151515152,,,False,"Shopping could also be included in the Bahamas itinerary. Depending on the port, there may be markets and shops selling souvenirs, clothing, jewellery, food, and other items. We should decide in advance whether shopping is a major priority or simply something we will do if there is time. It would be sensible to leave enough room in the budget for souvenirs because family members may want to buy gifts.

We should compare cruise-organised excursions with independent excursions before making a decision. Cruise excursions are often more expensive, but they may provide more structured transport and reassurance about returning to the ship. Independent excursions can provide greater flexibility, but the responsibility for getting back to the ship falls on us. The decision should therefore consider not only price but also the length of the excursion, distance from the port, cancellation policies, and the needs of the family.

Safety and comfort should be considered for every excursion. Everyone should carry the essentials but avoid taking unnecessary valuables ashore. We should have a meeting point near the port in case members of the group become separated. Everyone should also know the ship's name and departure time. It would be useful for everyone to have a copy or screenshot of the day's schedule."
29,What types of gifts would Mum appreciate?,What types of gifts would Mum appreciate?,True,26,10,0.014925373134328358,,,False,"The cruise will stop at destinations in Mexico and the Bahamas. We want to have a different type of experience at each destination instead of simply visiting the same type of beach every time. In Mexico, we are interested in local culture, food, sightseeing, and possibly a guided excursion. In the Bahamas, the preference is for a more relaxed beach-focused day, although people may also want to snorkel, swim, shop, or explore the local area. We need to check the exact port times before booking anything because cruise ships have strict departure times. If we book an independent excursion, we need to make sure there is plenty of time to return to the ship.

There are a large number of practical details that need to be organised before the holiday. Flights need to be booked, accommodation in Orlando needs to be confirmed, and transport from the airport to the hotel and then from Orlando to the cruise port needs to be arranged. We also need to confirm the cruise booking, check passport requirements, purchase appropriate travel insurance, and make sure everyone has access to the booking information. It would be useful to create a shared itinerary containing flights, hotel information, cruise details, excursions, restaurant bookings, and important telephone numbers."
30,What are some experiences that could be given to Mum instead of a physical gift?,What are some experiences that could be given to Mum instead of a physical gift?,True,21,1,0.032266458495966696,,,False,"We should not schedule every minute of the Universal day. Theme parks can become tiring, especially when the weather is hot. The group should take breaks for food and drinks and make sure everyone is comfortable. Mum's birthday is the reason for the trip, so we should make sure the theme park schedule is enjoyable for her rather than focusing entirely on the biggest rides. If some people want to spend several hours on more intense rides, other members of the family could have a more relaxed activity planned at the same time.

Shopping is another possible Orlando activity. There are several large outlet shopping centres where the group could spend a few hours looking for clothes, shoes, gifts, and other items. Shopping should probably be scheduled for an afternoon or evening rather than replacing one of the major attractions. We should also remember that anything bought in Orlando will need to fit into our luggage for the remainder of the trip, particularly because we will have to transport our bags to the cruise.

Food will be an important part of the Orlando experience. We should try a mixture of American restaurants and local or international food rather than eating at the theme parks for every meal. One evening could be used for a nicer family dinner to begin the birthday celebrations. We should research restaurants in advance if we want a particular location or type of food because popular restaurants can become busy."
30,What are some experiences that could be given to Mum instead of a physical gift?,What are some experiences that could be given to Mum instead of a physical gift?,True,17,2,0.032018442622950824,1,0.7194826602935791,True,"For her 60th birthday, she would love something thoughtful that feels a little special. She likes nice things such as perfume, jewellery, handbags, shoes, clothes and skincare, especially if they are good quality and something she probably wouldn’t buy for herself. Personal gifts would also mean a lot, such as a nice photo album, something personalised, or a gift that reminds her of her family and the memories they have shared.

She would also really enjoy being treated to something rather than just receiving a physical gift. A nice meal, afternoon tea, spa day, hotel stay or a short trip would all be lovely. She also enjoys Nigerian food and things that connect to her culture, so traditional clothing, food or something with a personal connection to her Nigerian heritage could be a great choice. Overall, the main thing is that it feels thoughtful and shows that some effort has gone into making her 60th birthday memorable."
30,What are some experiences that could be given to Mum instead of a physical gift?,What are some experiences that could be given to Mum instead of a physical gift?,True,25,3,0.0315136476426799,3,0.2977358102798462,False,"The cruise will be the centrepiece of the holiday. We want to spend plenty of time enjoying the ship rather than treating it simply as transportation between destinations. There should be several restaurants, swimming pools, entertainment venues, bars, live shows, and organised activities available. Some family members may want to spend time by the pool, while others may prefer to attend shows, use the gym, explore the ship, or participate in organised activities. We should look at the cruise schedule before travelling and identify activities that need to be booked in advance. It would also be useful to identify restaurants or experiences that have additional charges so that we can decide what is worth paying for.

Mum's 60th birthday needs to be the main focus of the trip. We want to arrange at least one proper birthday celebration, ideally on the cruise because the ship will provide a memorable setting. A special dinner with the whole family would be one possibility, followed by a birthday cake and drinks. We could also arrange decorations in the cabin or dining area and organise a surprise if the cruise company offers a birthday package. Another possibility would be to arrange a special excursion on or around her birthday, depending on where the ship is located that day. We should find out the exact birthday date in relation to the cruise itinerary before making any reservations."
30,What are some experiences that could be given to Mum instead of a physical gift?,What are some experiences that could be given to Mum instead of a physical gift?,True,9,4,0.031054405392392875,,,False,"Food will be one of the major parts of the cruise experience. There may be a main dining room, buffet, casual restaurants, speciality restaurants, cafes, and room service. We should check which options are included and which cost extra. Since this is a family birthday trip, it would be nice to have at least one special dinner where everyone sits together. We could choose one of the speciality restaurants if the cost is reasonable, or use the main dining room if we want a more traditional cruise experience.

Mum's 60th birthday should receive particular attention. We want to make the day feel different from the other days of the cruise. The first step is finding out whether the cruise company offers birthday packages. These could potentially include a cake, decorations, a special message, flowers, or a celebration arranged by the dining staff. We should contact the cruise company before travelling rather than assuming these services can be organised on the day.

A birthday dinner would probably be the main event. We could arrange for everyone to sit together, order a special meal, and have a birthday cake brought out at the end. It may also be possible to arrange decorations at the table or in Mum's cabin. Another idea is to organise a small surprise where the rest of the family knows the plan but Mum does not. We should be careful not to create an unnecessarily complicated surprise because the cruise schedule may change."
30,What are some experiences that could be given to Mum instead of a physical gift?,What are some experiences that could be given to Mum instead of a physical gift?,True,10,5,0.03036576949620428,,,False,"Photography should also be an important part of the celebration. We should take family photographs throughout the cruise rather than relying entirely on one birthday photo. The ship is likely to have several scenic locations that would make good backgrounds, particularly in the evening. We could also arrange one more formal family photograph on the birthday itself. If the cruise company offers professional photography, we can consider whether the packages represent good value.

There should also be time for everyone to enjoy the cruise independently. Some family members may want to spend time around the swimming pool, while others might prefer the gym, live entertainment, bars, games, or other activities. It would be unrealistic to expect everyone to do everything together for the entire trip. We should identify a few activities that everyone wants to experience together and allow people to choose their own activities at other times.

The evenings could be used for entertainment. The ship may have live music, comedy, theatre shows, dancing, quizzes, and other performances. We should look at the daily schedule each morning and decide whether there are any shows that the whole family wants to attend. Some shows may require reservations, so these should be booked early. If Mum enjoys dancing or live music, one evening could be dedicated to going to one of the ship's entertainment venues together."
30,What are some experiences that could be given to Mum instead of a physical gift?,What are some experiences that could be given to Mum instead of a physical gift?,True,27,6,0.03007688828584351,4,0.2830604016780853,False,"The budget should be agreed before we start booking optional activities. The main expenses will include flights, Orlando accommodation, theme park tickets, transport, the cruise itself, food and drinks outside what is included in the cruise fare, excursions, shopping, travel insurance, and spending money. Mum's birthday celebration should have its own budget so that we can decide how much to spend on dinner, cake, decorations, and a present. Everyone should understand which costs are shared and which costs are personal. We should also keep some emergency money available in case transport costs more than expected or plans have to change.

The trip should be enjoyable for everyone, so the itinerary should not be completely packed. We should have a mixture of planned activities and free time. The most important things are spending time together, celebrating Mum's birthday, experiencing Orlando, enjoying the cruise, and making good memories as a family. Before the trip, we should hold a final planning meeting where everyone can review the itinerary, confirm their bookings, discuss what they want to do at each destination, and raise any concerns. A shared digital document or group chat could be used to keep everyone updated. The final itinerary should include all confirmed bookings as well as alternative options in case weather, transport problems, or other circumstances cause plans to change."
30,What are some experiences that could be given to Mum instead of a physical gift?,What are some experiences that could be given to Mum instead of a physical gift?,True,16,7,0.02857142857142857,5,0.26706260442733765,False,"Weather could significantly affect both destinations. If heavy rain or storms are expected, outdoor excursions may need to be cancelled or replaced. We should avoid paying for non-refundable activities too far in advance unless the cancellation terms are reasonable. If a beach day is cancelled, the family can spend more time on the ship or choose a shorter indoor activity near the port.

For each port, we should create a simple plan containing the arrival time, all-aboard time, main activity, meeting point, transport arrangements, expected cost, and backup activity. This will make it easier for everyone to understand what is happening without requiring one person to organise everything on the day.

The overall aim is for the Mexico and Bahamas stops to complement the cruise rather than becoming stressful. Mexico can provide more opportunities for culture, food, and sightseeing, while the Bahamas can focus more on beaches and relaxation. Both destinations should give us plenty of opportunities to take photographs and create memories for Mum's birthday trip."
30,What are some experiences that could be given to Mum instead of a physical gift?,What are some experiences that could be given to Mum instead of a physical gift?,True,5,8,0.015625,,,False,"Mum's birthday should have a separate budget. We could allocate money for a special dinner, birthday cake, decorations, flowers, a present, and potentially a professional photograph. We should decide whether the family will contribute equally or whether some expenses will be shared differently. It would be useful to agree on this before the trip so there are no misunderstandings.

Travel insurance should be purchased for the entire trip rather than only the cruise. The policy should be checked carefully to understand what it covers, including medical expenses, cancellation, delays, lost luggage, and cruise-related issues. Everyone should have access to their insurance details and emergency contact information.

Before leaving the UK, everyone should check their passport. Passports need to meet the relevant entry requirements for the countries visited, and everyone should make sure their personal details match the bookings. We should also check any visa or travel authorisation requirements that apply to British or other passport holders in the group. Copies of important documents should be stored securely online as well as being available offline."
30,What are some experiences that could be given to Mum instead of a physical gift?,What are some experiences that could be given to Mum instead of a physical gift?,True,12,9,0.015384615384615385,2,0.5353176593780518,False,"Overall, the cruise should combine relaxation, entertainment, family time, and the birthday celebration. The most important part is ensuring that Mum feels that the entire holiday has been organised around celebrating her 60th birthday while still allowing everyone else to enjoy the experience."
30,What are some experiences that could be given to Mum instead of a physical gift?,What are some experiences that could be given to Mum instead of a physical gift?,True,19,10,0.015151515151515152,,,False,"The first evening should be relatively relaxed. After checking into the hotel, we could have dinner somewhere nearby and spend some time walking around the area or simply relaxing at the hotel. If everyone has enough energy, we could visit a shopping or entertainment area, but this should remain optional. We should avoid staying up too late because the next few days are likely to involve long periods at the theme parks. The first evening would also be a good opportunity to make sure everyone has their tickets, reservations, and transport arrangements ready.

One of the main priorities is visiting Walt Disney World. We need to decide which park we want to visit because there are several different Disney parks and it may not be realistic to visit all of them in one day. Magic Kingdom would provide the most traditional Disney experience, with the castle, classic attractions, and many of the characters and experiences people associate with Disney. EPCOT could be another option for the group because it combines rides with different international areas, restaurants, and cultural experiences. Hollywood Studios and Animal Kingdom are also possibilities, but trying to visit too many parks could make the day exhausting."
31,What should the family decide about sharing the cost of Mum's birthday?,What should the family decide about sharing the cost of Mum's birthday?,True,27,1,0.03252247488101534,1,0.8152475357055664,True,"The budget should be agreed before we start booking optional activities. The main expenses will include flights, Orlando accommodation, theme park tickets, transport, the cruise itself, food and drinks outside what is included in the cruise fare, excursions, shopping, travel insurance, and spending money. Mum's birthday celebration should have its own budget so that we can decide how much to spend on dinner, cake, decorations, and a present. Everyone should understand which costs are shared and which costs are personal. We should also keep some emergency money available in case transport costs more than expected or plans have to change.

The trip should be enjoyable for everyone, so the itinerary should not be completely packed. We should have a mixture of planned activities and free time. The most important things are spending time together, celebrating Mum's birthday, experiencing Orlando, enjoying the cruise, and making good memories as a family. Before the trip, we should hold a final planning meeting where everyone can review the itinerary, confirm their bookings, discuss what they want to do at each destination, and raise any concerns. A shared digital document or group chat could be used to keep everyone updated. The final itinerary should include all confirmed bookings as well as alternative options in case weather, transport problems, or other circumstances cause plans to change."
31,What should the family decide about sharing the cost of Mum's birthday?,What should the family decide about sharing the cost of Mum's birthday?,True,5,2,0.032266458495966696,2,0.7576693296432495,True,"Mum's birthday should have a separate budget. We could allocate money for a special dinner, birthday cake, decorations, flowers, a present, and potentially a professional photograph. We should decide whether the family will contribute equally or whether some expenses will be shared differently. It would be useful to agree on this before the trip so there are no misunderstandings.

Travel insurance should be purchased for the entire trip rather than only the cruise. The policy should be checked carefully to understand what it covers, including medical expenses, cancellation, delays, lost luggage, and cruise-related issues. Everyone should have access to their insurance details and emergency contact information.

Before leaving the UK, everyone should check their passport. Passports need to meet the relevant entry requirements for the countries visited, and everyone should make sure their personal details match the bookings. We should also check any visa or travel authorisation requirements that apply to British or other passport holders in the group. Copies of important documents should be stored securely online as well as being available offline."
31,What should the family decide about sharing the cost of Mum's birthday?,What should the family decide about sharing the cost of Mum's birthday?,True,9,3,0.03200204813108039,3,0.3768300712108612,False,"Food will be one of the major parts of the cruise experience. There may be a main dining room, buffet, casual restaurants, speciality restaurants, cafes, and room service. We should check which options are included and which cost extra. Since this is a family birthday trip, it would be nice to have at least one special dinner where everyone sits together. We could choose one of the speciality restaurants if the cost is reasonable, or use the main dining room if we want a more traditional cruise experience.

Mum's 60th birthday should receive particular attention. We want to make the day feel different from the other days of the cruise. The first step is finding out whether the cruise company offers birthday packages. These could potentially include a cake, decorations, a special message, flowers, or a celebration arranged by the dining staff. We should contact the cruise company before travelling rather than assuming these services can be organised on the day.

A birthday dinner would probably be the main event. We could arrange for everyone to sit together, order a special meal, and have a birthday cake brought out at the end. It may also be possible to arrange decorations at the table or in Mum's cabin. Another idea is to organise a small surprise where the rest of the family knows the plan but Mum does not. We should be careful not to create an unnecessarily complicated surprise because the cruise schedule may change."
31,What should the family decide about sharing the cost of Mum's birthday?,What should the family decide about sharing the cost of Mum's birthday?,True,25,4,0.03125,4,0.30352580547332764,False,"The cruise will be the centrepiece of the holiday. We want to spend plenty of time enjoying the ship rather than treating it simply as transportation between destinations. There should be several restaurants, swimming pools, entertainment venues, bars, live shows, and organised activities available. Some family members may want to spend time by the pool, while others may prefer to attend shows, use the gym, explore the ship, or participate in organised activities. We should look at the cruise schedule before travelling and identify activities that need to be booked in advance. It would also be useful to identify restaurants or experiences that have additional charges so that we can decide what is worth paying for.

Mum's 60th birthday needs to be the main focus of the trip. We want to arrange at least one proper birthday celebration, ideally on the cruise because the ship will provide a memorable setting. A special dinner with the whole family would be one possibility, followed by a birthday cake and drinks. We could also arrange decorations in the cabin or dining area and organise a surprise if the cruise company offers a birthday package. Another possibility would be to arrange a special excursion on or around her birthday, depending on where the ship is located that day. We should find out the exact birthday date in relation to the cruise itinerary before making any reservations."
31,What should the family decide about sharing the cost of Mum's birthday?,What should the family decide about sharing the cost of Mum's birthday?,True,10,5,0.029857397504456328,,,False,"Photography should also be an important part of the celebration. We should take family photographs throughout the cruise rather than relying entirely on one birthday photo. The ship is likely to have several scenic locations that would make good backgrounds, particularly in the evening. We could also arrange one more formal family photograph on the birthday itself. If the cruise company offers professional photography, we can consider whether the packages represent good value.

There should also be time for everyone to enjoy the cruise independently. Some family members may want to spend time around the swimming pool, while others might prefer the gym, live entertainment, bars, games, or other activities. It would be unrealistic to expect everyone to do everything together for the entire trip. We should identify a few activities that everyone wants to experience together and allow people to choose their own activities at other times.

The evenings could be used for entertainment. The ship may have live music, comedy, theatre shows, dancing, quizzes, and other performances. We should look at the daily schedule each morning and decide whether there are any shows that the whole family wants to attend. Some shows may require reservations, so these should be booked early. If Mum enjoys dancing or live music, one evening could be dedicated to going to one of the ship's entertainment venues together."
31,What should the family decide about sharing the cost of Mum's birthday?,What should the family decide about sharing the cost of Mum's birthday?,True,21,6,0.02967032967032967,,,False,"We should not schedule every minute of the Universal day. Theme parks can become tiring, especially when the weather is hot. The group should take breaks for food and drinks and make sure everyone is comfortable. Mum's birthday is the reason for the trip, so we should make sure the theme park schedule is enjoyable for her rather than focusing entirely on the biggest rides. If some people want to spend several hours on more intense rides, other members of the family could have a more relaxed activity planned at the same time.

Shopping is another possible Orlando activity. There are several large outlet shopping centres where the group could spend a few hours looking for clothes, shoes, gifts, and other items. Shopping should probably be scheduled for an afternoon or evening rather than replacing one of the major attractions. We should also remember that anything bought in Orlando will need to fit into our luggage for the remainder of the trip, particularly because we will have to transport our bags to the cruise.

Food will be an important part of the Orlando experience. We should try a mixture of American restaurants and local or international food rather than eating at the theme parks for every meal. One evening could be used for a nicer family dinner to begin the birthday celebrations. We should research restaurants in advance if we want a particular location or type of food because popular restaurants can become busy."
31,What should the family decide about sharing the cost of Mum's birthday?,What should the family decide about sharing the cost of Mum's birthday?,True,4,7,0.015384615384615385,,,False,"Transport needs to be planned for the entire holiday. The first journey will be from the airport to the Orlando hotel. We then need transport to Disney, Universal, restaurants, shopping areas, and eventually the cruise port. A rental car could provide flexibility but would introduce costs for the rental itself, fuel, parking, and insurance. Ride-sharing could be simpler for individual journeys, but multiple long journeys could become expensive. We should compare the estimated total cost of each option.

The cruise price should be broken down carefully. Some food and entertainment will probably be included, while speciality restaurants, premium drinks, certain activities, internet packages, excursions, and other services may cost extra. We should identify which optional costs are likely to apply to our family. A daily spending allowance for the cruise could help prevent unexpected expenses.

Excursions in Mexico and the Bahamas should have their own budget. Before booking, we should compare cruise excursions with independent tours and consider what is included in each price. An excursion advertised at a low price might exclude transportation, food, equipment, or entrance fees. We should calculate the full cost for the entire family before deciding."
31,What should the family decide about sharing the cost of Mum's birthday?,What should the family decide about sharing the cost of Mum's birthday?,True,12,8,0.015151515151515152,5,0.19952663779258728,False,"Overall, the cruise should combine relaxation, entertainment, family time, and the birthday celebration. The most important part is ensuring that Mum feels that the entire holiday has been organised around celebrating her 60th birthday while still allowing everyone else to enjoy the experience."
31,What should the family decide about sharing the cost of Mum's birthday?,What should the family decide about sharing the cost of Mum's birthday?,True,23,9,0.014925373134328358,,,False,"The main plan is to celebrate Mum’s 60th birthday with a special family holiday combining a few days in Orlando with a Caribbean cruise. The idea is to make the entire trip feel like one large birthday celebration rather than treating the cruise and Orlando as two completely separate holidays. We will fly from the UK to Orlando, spend several days exploring the city and visiting some of the major tourist attractions, and then travel to the cruise port to board the ship. After boarding, we will spend several days enjoying the facilities on the cruise ship and visiting different destinations in Mexico and the Bahamas. Once the cruise is finished, we will return to Orlando or travel directly to the airport depending on the cruise schedule and our flight arrangements."
31,What should the family decide about sharing the cost of Mum's birthday?,What should the family decide about sharing the cost of Mum's birthday?,True,24,10,0.014925373134328358,,,False,"The Orlando portion of the holiday will probably last around three or four days. We want to visit some of the biggest attractions without making the schedule so busy that everyone becomes exhausted before the cruise starts. Walt Disney World is one of the main priorities because Mum has always wanted to experience the Disney parks as part of a family trip. We also want to visit Universal Orlando, particularly because some members of the family are interested in the rides and attractions. We should leave at least one evening relatively free so that everyone can have dinner together and relax. Shopping may also be included, particularly if there are outlet malls close to our hotel. We need to decide whether renting a car is worthwhile or whether using taxis and ride-sharing services will be easier for a group of people."
32,What type of activities are suggested for the Mexico stop?,What type of activities are suggested for the Mexico stop?,True,13,1,0.03252247488101534,1,0.8458536267280579,True,"The cruise stops in Mexico and the Bahamas are an important part of the trip because they give the family opportunities to experience places outside the cruise ship. We want each destination to feel different and would prefer to have a rough plan before travelling. At the same time, we do not want every hour to be scheduled because part of the appeal of a cruise is being able to relax and decide what to do once we arrive.

The Mexico stop should focus more on sightseeing, culture, food, and experiencing the local area. The exact activities will depend on which Mexican port the cruise visits. One option would be to book an organised excursion through the cruise company. This could involve visiting historical sites, exploring the town, taking a guided tour, or visiting a beach resort. An organised excursion would make transport easier and would reduce the risk of having problems getting back to the ship before departure.

Another possibility in Mexico would be arranging an independent excursion. This could give us more flexibility and potentially cost less than a cruise-organised tour. However, we would need to research the transport carefully and make sure the excursion does not take us too far from the port. We should also check the cancellation policy in case the ship arrives late or weather affects the excursion."
32,What type of activities are suggested for the Mexico stop?,What type of activities are suggested for the Mexico stop?,True,16,2,0.03252247488101534,3,0.6063824892044067,True,"Weather could significantly affect both destinations. If heavy rain or storms are expected, outdoor excursions may need to be cancelled or replaced. We should avoid paying for non-refundable activities too far in advance unless the cancellation terms are reasonable. If a beach day is cancelled, the family can spend more time on the ship or choose a shorter indoor activity near the port.

For each port, we should create a simple plan containing the arrival time, all-aboard time, main activity, meeting point, transport arrangements, expected cost, and backup activity. This will make it easier for everyone to understand what is happening without requiring one person to organise everything on the day.

The overall aim is for the Mexico and Bahamas stops to complement the cruise rather than becoming stressful. Mexico can provide more opportunities for culture, food, and sightseeing, while the Bahamas can focus more on beaches and relaxation. Both destinations should give us plenty of opportunities to take photographs and create memories for Mum's birthday trip."
32,What type of activities are suggested for the Mexico stop?,What type of activities are suggested for the Mexico stop?,True,14,3,0.031746031746031744,2,0.6197250485420227,True,"Food is another priority in Mexico. We would like to try authentic Mexican food rather than spending the entire day eating at tourist restaurants. We could research a few well-reviewed restaurants near the port and identify some dishes that the family would like to try. We should take into account dietary requirements and make sure that everyone knows what ingredients are likely to be included in unfamiliar dishes.

The family should also decide whether they want to spend part of the Mexico day at the beach. A beach could provide an opportunity to relax after several busy days in Orlando and on the ship. However, if we choose a beach excursion, we need to consider transport, changing facilities, food, sun protection, and how long it takes to get back to the ship. We should avoid booking a beach that is so far from the port that there is a significant risk of missing departure.

The Bahamas stop should probably be more relaxed. One of the main ideas is to spend time at a beautiful beach, swim, and enjoy the warm weather. Some people may want to snorkel or participate in another water activity. Others may simply want to sit on the beach, have lunch, and take photographs. We should not make everyone participate in the same activity, particularly if some family members are not comfortable with swimming or water sports."
32,What type of activities are suggested for the Mexico stop?,What type of activities are suggested for the Mexico stop?,True,11,4,0.031009615384615385,4,0.5191075205802917,False,"The cruise stops in Mexico and the Bahamas will provide opportunities to leave the ship and explore the destinations. We need to keep track of the times when the ship is scheduled to arrive and depart. The ship will not wait for passengers who are late returning from an independent excursion, so we should always allow a substantial amount of extra time. For organised cruise excursions, the cruise company should provide instructions about when and where to meet.

We should also keep an eye on the weather. Weather could affect swimming, outdoor activities, and excursions. If the weather is poor, there should still be plenty to do on the ship, including restaurants, shows, indoor activities, and family games. The itinerary should therefore avoid relying too heavily on one particular activity.

The final evening of the cruise could be another opportunity for a family dinner and reflection on the trip. We could look through photographs taken during the holiday and choose some of the best ones to share with the family. Before leaving the ship, everyone should check their cabins carefully and make sure passports, phones, wallets, and other valuables are packed. Luggage arrangements should also be checked because cruise ships often require bags to be left outside the cabin before disembarkation."
32,What type of activities are suggested for the Mexico stop?,What type of activities are suggested for the Mexico stop?,True,26,5,0.031009615384615385,5,0.4784075915813446,True,"The cruise will stop at destinations in Mexico and the Bahamas. We want to have a different type of experience at each destination instead of simply visiting the same type of beach every time. In Mexico, we are interested in local culture, food, sightseeing, and possibly a guided excursion. In the Bahamas, the preference is for a more relaxed beach-focused day, although people may also want to snorkel, swim, shop, or explore the local area. We need to check the exact port times before booking anything because cruise ships have strict departure times. If we book an independent excursion, we need to make sure there is plenty of time to return to the ship.

There are a large number of practical details that need to be organised before the holiday. Flights need to be booked, accommodation in Orlando needs to be confirmed, and transport from the airport to the hotel and then from Orlando to the cruise port needs to be arranged. We also need to confirm the cruise booking, check passport requirements, purchase appropriate travel insurance, and make sure everyone has access to the booking information. It would be useful to create a shared itinerary containing flights, hotel information, cruise details, excursions, restaurant bookings, and important telephone numbers."
32,What type of activities are suggested for the Mexico stop?,What type of activities are suggested for the Mexico stop?,True,7,6,0.030303030303030304,,,False,"The final itinerary should contain a day-by-day schedule with flights, accommodation, Orlando activities, transport, cruise information, port stops, excursions, birthday plans, and important contact information. However, it should not be so rigid that there is no room for spontaneous activities. The trip is ultimately a family celebration, so there should be plenty of time to relax, take photographs, enjoy meals together, and celebrate Mum's 60th birthday."
32,What type of activities are suggested for the Mexico stop?,What type of activities are suggested for the Mexico stop?,True,21,7,0.029211087420042643,,,False,"We should not schedule every minute of the Universal day. Theme parks can become tiring, especially when the weather is hot. The group should take breaks for food and drinks and make sure everyone is comfortable. Mum's birthday is the reason for the trip, so we should make sure the theme park schedule is enjoyable for her rather than focusing entirely on the biggest rides. If some people want to spend several hours on more intense rides, other members of the family could have a more relaxed activity planned at the same time.

Shopping is another possible Orlando activity. There are several large outlet shopping centres where the group could spend a few hours looking for clothes, shoes, gifts, and other items. Shopping should probably be scheduled for an afternoon or evening rather than replacing one of the major attractions. We should also remember that anything bought in Orlando will need to fit into our luggage for the remainder of the trip, particularly because we will have to transport our bags to the cruise.

Food will be an important part of the Orlando experience. We should try a mixture of American restaurants and local or international food rather than eating at the theme parks for every meal. One evening could be used for a nicer family dinner to begin the birthday celebrations. We should research restaurants in advance if we want a particular location or type of food because popular restaurants can become busy."
32,What type of activities are suggested for the Mexico stop?,What type of activities are suggested for the Mexico stop?,True,15,8,0.014925373134328358,,,False,"Shopping could also be included in the Bahamas itinerary. Depending on the port, there may be markets and shops selling souvenirs, clothing, jewellery, food, and other items. We should decide in advance whether shopping is a major priority or simply something we will do if there is time. It would be sensible to leave enough room in the budget for souvenirs because family members may want to buy gifts.

We should compare cruise-organised excursions with independent excursions before making a decision. Cruise excursions are often more expensive, but they may provide more structured transport and reassurance about returning to the ship. Independent excursions can provide greater flexibility, but the responsibility for getting back to the ship falls on us. The decision should therefore consider not only price but also the length of the excursion, distance from the port, cancellation policies, and the needs of the family.

Safety and comfort should be considered for every excursion. Everyone should carry the essentials but avoid taking unnecessary valuables ashore. We should have a meeting point near the port in case members of the group become separated. Everyone should also know the ship's name and departure time. It would be useful for everyone to have a copy or screenshot of the day's schedule."
32,What type of activities are suggested for the Mexico stop?,What type of activities are suggested for the Mexico stop?,True,20,9,0.014705882352941176,,,False,"If we visit Disney, we should decide in advance which attractions are priorities. It would be useful to make a short list of must-do rides and experiences rather than attempting to see everything. We should also plan where we want to eat because popular restaurants can require reservations. The group should arrange a meeting point in case people become separated, particularly because theme parks are large and busy. Everyone should carry their phone, but it would still be sensible to establish a clear meeting location and time.

The second major theme park day could be spent at Universal Orlando. Universal is particularly appealing to family members who enjoy rides and film-related attractions. We should look at the different areas of the park and decide whether we need a single-park or multi-park ticket. If the Harry Potter attractions are a priority, we need to consider whether a ticket allowing access to the relevant areas is necessary. We should also check whether an express pass is worthwhile based on expected crowds and the rides we want to experience."
32,What type of activities are suggested for the Mexico stop?,What type of activities are suggested for the Mexico stop?,True,4,10,0.014705882352941176,,,False,"Transport needs to be planned for the entire holiday. The first journey will be from the airport to the Orlando hotel. We then need transport to Disney, Universal, restaurants, shopping areas, and eventually the cruise port. A rental car could provide flexibility but would introduce costs for the rental itself, fuel, parking, and insurance. Ride-sharing could be simpler for individual journeys, but multiple long journeys could become expensive. We should compare the estimated total cost of each option.

The cruise price should be broken down carefully. Some food and entertainment will probably be included, while speciality restaurants, premium drinks, certain activities, internet packages, excursions, and other services may cost extra. We should identify which optional costs are likely to apply to our family. A daily spending allowance for the cruise could help prevent unexpected expenses.

Excursions in Mexico and the Bahamas should have their own budget. Before booking, we should compare cruise excursions with independent tours and consider what is included in each price. An excursion advertised at a low price might exclude transportation, food, equipment, or entrance fees. We should calculate the full cost for the entire family before deciding."
33,Why might we choose an organised excursion in Mexico?,Why might we choose an organised excursion in Mexico?,True,13,1,0.032266458495966696,1,0.8256041407585144,True,"The cruise stops in Mexico and the Bahamas are an important part of the trip because they give the family opportunities to experience places outside the cruise ship. We want each destination to feel different and would prefer to have a rough plan before travelling. At the same time, we do not want every hour to be scheduled because part of the appeal of a cruise is being able to relax and decide what to do once we arrive.

The Mexico stop should focus more on sightseeing, culture, food, and experiencing the local area. The exact activities will depend on which Mexican port the cruise visits. One option would be to book an organised excursion through the cruise company. This could involve visiting historical sites, exploring the town, taking a guided tour, or visiting a beach resort. An organised excursion would make transport easier and would reduce the risk of having problems getting back to the ship before departure.

Another possibility in Mexico would be arranging an independent excursion. This could give us more flexibility and potentially cost less than a cruise-organised tour. However, we would need to research the transport carefully and make sure the excursion does not take us too far from the port. We should also check the cancellation policy in case the ship arrives late or weather affects the excursion."
33,Why might we choose an organised excursion in Mexico?,Why might we choose an organised excursion in Mexico?,True,16,2,0.03200204813108039,4,0.45014241337776184,False,"Weather could significantly affect both destinations. If heavy rain or storms are expected, outdoor excursions may need to be cancelled or replaced. We should avoid paying for non-refundable activities too far in advance unless the cancellation terms are reasonable. If a beach day is cancelled, the family can spend more time on the ship or choose a shorter indoor activity near the port.

For each port, we should create a simple plan containing the arrival time, all-aboard time, main activity, meeting point, transport arrangements, expected cost, and backup activity. This will make it easier for everyone to understand what is happening without requiring one person to organise everything on the day.

The overall aim is for the Mexico and Bahamas stops to complement the cruise rather than becoming stressful. Mexico can provide more opportunities for culture, food, and sightseeing, while the Bahamas can focus more on beaches and relaxation. Both destinations should give us plenty of opportunities to take photographs and create memories for Mum's birthday trip."
33,Why might we choose an organised excursion in Mexico?,Why might we choose an organised excursion in Mexico?,True,26,3,0.031754032258064516,3,0.5201312899589539,False,"The cruise will stop at destinations in Mexico and the Bahamas. We want to have a different type of experience at each destination instead of simply visiting the same type of beach every time. In Mexico, we are interested in local culture, food, sightseeing, and possibly a guided excursion. In the Bahamas, the preference is for a more relaxed beach-focused day, although people may also want to snorkel, swim, shop, or explore the local area. We need to check the exact port times before booking anything because cruise ships have strict departure times. If we book an independent excursion, we need to make sure there is plenty of time to return to the ship.

There are a large number of practical details that need to be organised before the holiday. Flights need to be booked, accommodation in Orlando needs to be confirmed, and transport from the airport to the hotel and then from Orlando to the cruise port needs to be arranged. We also need to confirm the cruise booking, check passport requirements, purchase appropriate travel insurance, and make sure everyone has access to the booking information. It would be useful to create a shared itinerary containing flights, hotel information, cruise details, excursions, restaurant bookings, and important telephone numbers."
33,Why might we choose an organised excursion in Mexico?,Why might we choose an organised excursion in Mexico?,True,11,4,0.031544957774465976,2,0.6345212459564209,False,"The cruise stops in Mexico and the Bahamas will provide opportunities to leave the ship and explore the destinations. We need to keep track of the times when the ship is scheduled to arrive and depart. The ship will not wait for passengers who are late returning from an independent excursion, so we should always allow a substantial amount of extra time. For organised cruise excursions, the cruise company should provide instructions about when and where to meet.

We should also keep an eye on the weather. Weather could affect swimming, outdoor activities, and excursions. If the weather is poor, there should still be plenty to do on the ship, including restaurants, shows, indoor activities, and family games. The itinerary should therefore avoid relying too heavily on one particular activity.

The final evening of the cruise could be another opportunity for a family dinner and reflection on the trip. We could look through photographs taken during the holiday and choose some of the best ones to share with the family. Before leaving the ship, everyone should check their cabins carefully and make sure passports, phones, wallets, and other valuables are packed. Luggage arrangements should also be checked because cruise ships often require bags to be left outside the cabin before disembarkation."
33,Why might we choose an organised excursion in Mexico?,Why might we choose an organised excursion in Mexico?,True,15,5,0.03055037313432836,,,True,"Shopping could also be included in the Bahamas itinerary. Depending on the port, there may be markets and shops selling souvenirs, clothing, jewellery, food, and other items. We should decide in advance whether shopping is a major priority or simply something we will do if there is time. It would be sensible to leave enough room in the budget for souvenirs because family members may want to buy gifts.

We should compare cruise-organised excursions with independent excursions before making a decision. Cruise excursions are often more expensive, but they may provide more structured transport and reassurance about returning to the ship. Independent excursions can provide greater flexibility, but the responsibility for getting back to the ship falls on us. The decision should therefore consider not only price but also the length of the excursion, distance from the port, cancellation policies, and the needs of the family.

Safety and comfort should be considered for every excursion. Everyone should carry the essentials but avoid taking unnecessary valuables ashore. We should have a meeting point near the port in case members of the group become separated. Everyone should also know the ship's name and departure time. It would be useful for everyone to have a copy or screenshot of the day's schedule."
33,Why might we choose an organised excursion in Mexico?,Why might we choose an organised excursion in Mexico?,True,14,6,0.030536130536130537,,,False,"Food is another priority in Mexico. We would like to try authentic Mexican food rather than spending the entire day eating at tourist restaurants. We could research a few well-reviewed restaurants near the port and identify some dishes that the family would like to try. We should take into account dietary requirements and make sure that everyone knows what ingredients are likely to be included in unfamiliar dishes.

The family should also decide whether they want to spend part of the Mexico day at the beach. A beach could provide an opportunity to relax after several busy days in Orlando and on the ship. However, if we choose a beach excursion, we need to consider transport, changing facilities, food, sun protection, and how long it takes to get back to the ship. We should avoid booking a beach that is so far from the port that there is a significant risk of missing departure.

The Bahamas stop should probably be more relaxed. One of the main ideas is to spend time at a beautiful beach, swim, and enjoy the warm weather. Some people may want to snorkel or participate in another water activity. Others may simply want to sit on the beach, have lunch, and take photographs. We should not make everyone participate in the same activity, particularly if some family members are not comfortable with swimming or water sports."
33,Why might we choose an organised excursion in Mexico?,Why might we choose an organised excursion in Mexico?,True,4,7,0.030309988518943745,5,0.361886590719223,False,"Transport needs to be planned for the entire holiday. The first journey will be from the airport to the Orlando hotel. We then need transport to Disney, Universal, restaurants, shopping areas, and eventually the cruise port. A rental car could provide flexibility but would introduce costs for the rental itself, fuel, parking, and insurance. Ride-sharing could be simpler for individual journeys, but multiple long journeys could become expensive. We should compare the estimated total cost of each option.

The cruise price should be broken down carefully. Some food and entertainment will probably be included, while speciality restaurants, premium drinks, certain activities, internet packages, excursions, and other services may cost extra. We should identify which optional costs are likely to apply to our family. A daily spending allowance for the cruise could help prevent unexpected expenses.

Excursions in Mexico and the Bahamas should have their own budget. Before booking, we should compare cruise excursions with independent tours and consider what is included in each price. An excursion advertised at a low price might exclude transportation, food, equipment, or entrance fees. We should calculate the full cost for the entire family before deciding."
33,Why might we choose an organised excursion in Mexico?,Why might we choose an organised excursion in Mexico?,True,7,8,0.014705882352941176,,,False,"The final itinerary should contain a day-by-day schedule with flights, accommodation, Orlando activities, transport, cruise information, port stops, excursions, birthday plans, and important contact information. However, it should not be so rigid that there is no room for spontaneous activities. The trip is ultimately a family celebration, so there should be plenty of time to relax, take photographs, enjoy meals together, and celebrate Mum's 60th birthday."
33,Why might we choose an organised excursion in Mexico?,Why might we choose an organised excursion in Mexico?,True,25,9,0.014705882352941176,,,False,"The cruise will be the centrepiece of the holiday. We want to spend plenty of time enjoying the ship rather than treating it simply as transportation between destinations. There should be several restaurants, swimming pools, entertainment venues, bars, live shows, and organised activities available. Some family members may want to spend time by the pool, while others may prefer to attend shows, use the gym, explore the ship, or participate in organised activities. We should look at the cruise schedule before travelling and identify activities that need to be booked in advance. It would also be useful to identify restaurants or experiences that have additional charges so that we can decide what is worth paying for.

Mum's 60th birthday needs to be the main focus of the trip. We want to arrange at least one proper birthday celebration, ideally on the cruise because the ship will provide a memorable setting. A special dinner with the whole family would be one possibility, followed by a birthday cake and drinks. We could also arrange decorations in the cabin or dining area and organise a surprise if the cruise company offers a birthday package. Another possibility would be to arrange a special excursion on or around her birthday, depending on where the ship is located that day. We should find out the exact birthday date in relation to the cruise itinerary before making any reservations."
33,Why might we choose an organised excursion in Mexico?,Why might we choose an organised excursion in Mexico?,True,20,10,0.014492753623188406,,,False,"If we visit Disney, we should decide in advance which attractions are priorities. It would be useful to make a short list of must-do rides and experiences rather than attempting to see everything. We should also plan where we want to eat because popular restaurants can require reservations. The group should arrange a meeting point in case people become separated, particularly because theme parks are large and busy. Everyone should carry their phone, but it would still be sensible to establish a clear meeting location and time.

The second major theme park day could be spent at Universal Orlando. Universal is particularly appealing to family members who enjoy rides and film-related attractions. We should look at the different areas of the park and decide whether we need a single-park or multi-park ticket. If the Harry Potter attractions are a priority, we need to consider whether a ticket allowing access to the relevant areas is necessary. We should also check whether an express pass is worthwhile based on expected crowds and the rides we want to experience."
34,What are the risks of arranging an independent excursion?,What are the risks of arranging an independent excursion?,True,15,1,0.032018442622950824,1,0.530796468257904,True,"Shopping could also be included in the Bahamas itinerary. Depending on the port, there may be markets and shops selling souvenirs, clothing, jewellery, food, and other items. We should decide in advance whether shopping is a major priority or simply something we will do if there is time. It would be sensible to leave enough room in the budget for souvenirs because family members may want to buy gifts.

We should compare cruise-organised excursions with independent excursions before making a decision. Cruise excursions are often more expensive, but they may provide more structured transport and reassurance about returning to the ship. Independent excursions can provide greater flexibility, but the responsibility for getting back to the ship falls on us. The decision should therefore consider not only price but also the length of the excursion, distance from the port, cancellation policies, and the needs of the family.

Safety and comfort should be considered for every excursion. Everyone should carry the essentials but avoid taking unnecessary valuables ashore. We should have a meeting point near the port in case members of the group become separated. Everyone should also know the ship's name and departure time. It would be useful for everyone to have a copy or screenshot of the day's schedule."
34,What are the risks of arranging an independent excursion?,What are the risks of arranging an independent excursion?,True,11,2,0.03200204813108039,3,0.4507225751876831,True,"The cruise stops in Mexico and the Bahamas will provide opportunities to leave the ship and explore the destinations. We need to keep track of the times when the ship is scheduled to arrive and depart. The ship will not wait for passengers who are late returning from an independent excursion, so we should always allow a substantial amount of extra time. For organised cruise excursions, the cruise company should provide instructions about when and where to meet.

We should also keep an eye on the weather. Weather could affect swimming, outdoor activities, and excursions. If the weather is poor, there should still be plenty to do on the ship, including restaurants, shows, indoor activities, and family games. The itinerary should therefore avoid relying too heavily on one particular activity.

The final evening of the cruise could be another opportunity for a family dinner and reflection on the trip. We could look through photographs taken during the holiday and choose some of the best ones to share with the family. Before leaving the ship, everyone should check their cabins carefully and make sure passports, phones, wallets, and other valuables are packed. Luggage arrangements should also be checked because cruise ships often require bags to be left outside the cabin before disembarkation."
34,What are the risks of arranging an independent excursion?,What are the risks of arranging an independent excursion?,True,26,3,0.03149801587301587,4,0.4146386682987213,False,"The cruise will stop at destinations in Mexico and the Bahamas. We want to have a different type of experience at each destination instead of simply visiting the same type of beach every time. In Mexico, we are interested in local culture, food, sightseeing, and possibly a guided excursion. In the Bahamas, the preference is for a more relaxed beach-focused day, although people may also want to snorkel, swim, shop, or explore the local area. We need to check the exact port times before booking anything because cruise ships have strict departure times. If we book an independent excursion, we need to make sure there is plenty of time to return to the ship.

There are a large number of practical details that need to be organised before the holiday. Flights need to be booked, accommodation in Orlando needs to be confirmed, and transport from the airport to the hotel and then from Orlando to the cruise port needs to be arranged. We also need to confirm the cruise booking, check passport requirements, purchase appropriate travel insurance, and make sure everyone has access to the booking information. It would be useful to create a shared itinerary containing flights, hotel information, cruise details, excursions, restaurant bookings, and important telephone numbers."
34,What are the risks of arranging an independent excursion?,What are the risks of arranging an independent excursion?,True,4,4,0.03076923076923077,5,0.22599728405475616,False,"Transport needs to be planned for the entire holiday. The first journey will be from the airport to the Orlando hotel. We then need transport to Disney, Universal, restaurants, shopping areas, and eventually the cruise port. A rental car could provide flexibility but would introduce costs for the rental itself, fuel, parking, and insurance. Ride-sharing could be simpler for individual journeys, but multiple long journeys could become expensive. We should compare the estimated total cost of each option.

The cruise price should be broken down carefully. Some food and entertainment will probably be included, while speciality restaurants, premium drinks, certain activities, internet packages, excursions, and other services may cost extra. We should identify which optional costs are likely to apply to our family. A daily spending allowance for the cruise could help prevent unexpected expenses.

Excursions in Mexico and the Bahamas should have their own budget. Before booking, we should compare cruise excursions with independent tours and consider what is included in each price. An excursion advertised at a low price might exclude transportation, food, equipment, or entrance fees. We should calculate the full cost for the entire family before deciding."
34,What are the risks of arranging an independent excursion?,What are the risks of arranging an independent excursion?,True,13,5,0.030679156908665108,2,0.4595859944820404,True,"The cruise stops in Mexico and the Bahamas are an important part of the trip because they give the family opportunities to experience places outside the cruise ship. We want each destination to feel different and would prefer to have a rough plan before travelling. At the same time, we do not want every hour to be scheduled because part of the appeal of a cruise is being able to relax and decide what to do once we arrive.

The Mexico stop should focus more on sightseeing, culture, food, and experiencing the local area. The exact activities will depend on which Mexican port the cruise visits. One option would be to book an organised excursion through the cruise company. This could involve visiting historical sites, exploring the town, taking a guided tour, or visiting a beach resort. An organised excursion would make transport easier and would reduce the risk of having problems getting back to the ship before departure.

Another possibility in Mexico would be arranging an independent excursion. This could give us more flexibility and potentially cost less than a cruise-organised tour. However, we would need to research the transport carefully and make sure the excursion does not take us too far from the port. We should also check the cancellation policy in case the ship arrives late or weather affects the excursion."
34,What are the risks of arranging an independent excursion?,What are the risks of arranging an independent excursion?,True,16,6,0.029857397504456328,,,False,"Weather could significantly affect both destinations. If heavy rain or storms are expected, outdoor excursions may need to be cancelled or replaced. We should avoid paying for non-refundable activities too far in advance unless the cancellation terms are reasonable. If a beach day is cancelled, the family can spend more time on the ship or choose a shorter indoor activity near the port.

For each port, we should create a simple plan containing the arrival time, all-aboard time, main activity, meeting point, transport arrangements, expected cost, and backup activity. This will make it easier for everyone to understand what is happening without requiring one person to organise everything on the day.

The overall aim is for the Mexico and Bahamas stops to complement the cruise rather than becoming stressful. Mexico can provide more opportunities for culture, food, and sightseeing, while the Bahamas can focus more on beaches and relaxation. Both destinations should give us plenty of opportunities to take photographs and create memories for Mum's birthday trip."
34,What are the risks of arranging an independent excursion?,What are the risks of arranging an independent excursion?,True,5,7,0.016129032258064516,,,False,"Mum's birthday should have a separate budget. We could allocate money for a special dinner, birthday cake, decorations, flowers, a present, and potentially a professional photograph. We should decide whether the family will contribute equally or whether some expenses will be shared differently. It would be useful to agree on this before the trip so there are no misunderstandings.

Travel insurance should be purchased for the entire trip rather than only the cruise. The policy should be checked carefully to understand what it covers, including medical expenses, cancellation, delays, lost luggage, and cruise-related issues. Everyone should have access to their insurance details and emergency contact information.

Before leaving the UK, everyone should check their passport. Passports need to meet the relevant entry requirements for the countries visited, and everyone should make sure their personal details match the bookings. We should also check any visa or travel authorisation requirements that apply to British or other passport holders in the group. Copies of important documents should be stored securely online as well as being available offline."
34,What are the risks of arranging an independent excursion?,What are the risks of arranging an independent excursion?,True,25,8,0.015151515151515152,,,False,"The cruise will be the centrepiece of the holiday. We want to spend plenty of time enjoying the ship rather than treating it simply as transportation between destinations. There should be several restaurants, swimming pools, entertainment venues, bars, live shows, and organised activities available. Some family members may want to spend time by the pool, while others may prefer to attend shows, use the gym, explore the ship, or participate in organised activities. We should look at the cruise schedule before travelling and identify activities that need to be booked in advance. It would also be useful to identify restaurants or experiences that have additional charges so that we can decide what is worth paying for.

Mum's 60th birthday needs to be the main focus of the trip. We want to arrange at least one proper birthday celebration, ideally on the cruise because the ship will provide a memorable setting. A special dinner with the whole family would be one possibility, followed by a birthday cake and drinks. We could also arrange decorations in the cabin or dining area and organise a surprise if the cruise company offers a birthday package. Another possibility would be to arrange a special excursion on or around her birthday, depending on where the ship is located that day. We should find out the exact birthday date in relation to the cruise itinerary before making any reservations."
34,What are the risks of arranging an independent excursion?,What are the risks of arranging an independent excursion?,True,27,9,0.014925373134328358,,,False,"The budget should be agreed before we start booking optional activities. The main expenses will include flights, Orlando accommodation, theme park tickets, transport, the cruise itself, food and drinks outside what is included in the cruise fare, excursions, shopping, travel insurance, and spending money. Mum's birthday celebration should have its own budget so that we can decide how much to spend on dinner, cake, decorations, and a present. Everyone should understand which costs are shared and which costs are personal. We should also keep some emergency money available in case transport costs more than expected or plans have to change.

The trip should be enjoyable for everyone, so the itinerary should not be completely packed. We should have a mixture of planned activities and free time. The most important things are spending time together, celebrating Mum's birthday, experiencing Orlando, enjoying the cruise, and making good memories as a family. Before the trip, we should hold a final planning meeting where everyone can review the itinerary, confirm their bookings, discuss what they want to do at each destination, and raise any concerns. A shared digital document or group chat could be used to keep everyone updated. The final itinerary should include all confirmed bookings as well as alternative options in case weather, transport problems, or other circumstances cause plans to change."
34,What are the risks of arranging an independent excursion?,What are the risks of arranging an independent excursion?,True,10,10,0.014925373134328358,,,False,"Photography should also be an important part of the celebration. We should take family photographs throughout the cruise rather than relying entirely on one birthday photo. The ship is likely to have several scenic locations that would make good backgrounds, particularly in the evening. We could also arrange one more formal family photograph on the birthday itself. If the cruise company offers professional photography, we can consider whether the packages represent good value.

There should also be time for everyone to enjoy the cruise independently. Some family members may want to spend time around the swimming pool, while others might prefer the gym, live entertainment, bars, games, or other activities. It would be unrealistic to expect everyone to do everything together for the entire trip. We should identify a few activities that everyone wants to experience together and allow people to choose their own activities at other times.

The evenings could be used for entertainment. The ship may have live music, comedy, theatre shows, dancing, quizzes, and other performances. We should look at the daily schedule each morning and decide whether there are any shows that the whole family wants to attend. Some shows may require reservations, so these should be booked early. If Mum enjoys dancing or live music, one evening could be dedicated to going to one of the ship's entertainment venues together."
35,What type of food does the family want to try in Mexico?,What type of food does the family want to try in Mexico?,True,14,1,0.03278688524590164,1,0.7835419774055481,True,"Food is another priority in Mexico. We would like to try authentic Mexican food rather than spending the entire day eating at tourist restaurants. We could research a few well-reviewed restaurants near the port and identify some dishes that the family would like to try. We should take into account dietary requirements and make sure that everyone knows what ingredients are likely to be included in unfamiliar dishes.

The family should also decide whether they want to spend part of the Mexico day at the beach. A beach could provide an opportunity to relax after several busy days in Orlando and on the ship. However, if we choose a beach excursion, we need to consider transport, changing facilities, food, sun protection, and how long it takes to get back to the ship. We should avoid booking a beach that is so far from the port that there is a significant risk of missing departure.

The Bahamas stop should probably be more relaxed. One of the main ideas is to spend time at a beautiful beach, swim, and enjoy the warm weather. Some people may want to snorkel or participate in another water activity. Others may simply want to sit on the beach, have lunch, and take photographs. We should not make everyone participate in the same activity, particularly if some family members are not comfortable with swimming or water sports."
35,What type of food does the family want to try in Mexico?,What type of food does the family want to try in Mexico?,True,13,2,0.031754032258064516,2,0.32463186979293823,False,"The cruise stops in Mexico and the Bahamas are an important part of the trip because they give the family opportunities to experience places outside the cruise ship. We want each destination to feel different and would prefer to have a rough plan before travelling. At the same time, we do not want every hour to be scheduled because part of the appeal of a cruise is being able to relax and decide what to do once we arrive.

The Mexico stop should focus more on sightseeing, culture, food, and experiencing the local area. The exact activities will depend on which Mexican port the cruise visits. One option would be to book an organised excursion through the cruise company. This could involve visiting historical sites, exploring the town, taking a guided tour, or visiting a beach resort. An organised excursion would make transport easier and would reduce the risk of having problems getting back to the ship before departure.

Another possibility in Mexico would be arranging an independent excursion. This could give us more flexibility and potentially cost less than a cruise-organised tour. However, we would need to research the transport carefully and make sure the excursion does not take us too far from the port. We should also check the cancellation policy in case the ship arrives late or weather affects the excursion."
35,What type of food does the family want to try in Mexico?,What type of food does the family want to try in Mexico?,True,16,3,0.03057889822595705,5,0.14527319371700287,False,"Weather could significantly affect both destinations. If heavy rain or storms are expected, outdoor excursions may need to be cancelled or replaced. We should avoid paying for non-refundable activities too far in advance unless the cancellation terms are reasonable. If a beach day is cancelled, the family can spend more time on the ship or choose a shorter indoor activity near the port.

For each port, we should create a simple plan containing the arrival time, all-aboard time, main activity, meeting point, transport arrangements, expected cost, and backup activity. This will make it easier for everyone to understand what is happening without requiring one person to organise everything on the day.

The overall aim is for the Mexico and Bahamas stops to complement the cruise rather than becoming stressful. Mexico can provide more opportunities for culture, food, and sightseeing, while the Bahamas can focus more on beaches and relaxation. Both destinations should give us plenty of opportunities to take photographs and create memories for Mum's birthday trip."
35,What type of food does the family want to try in Mexico?,What type of food does the family want to try in Mexico?,True,21,4,0.016129032258064516,,,False,"We should not schedule every minute of the Universal day. Theme parks can become tiring, especially when the weather is hot. The group should take breaks for food and drinks and make sure everyone is comfortable. Mum's birthday is the reason for the trip, so we should make sure the theme park schedule is enjoyable for her rather than focusing entirely on the biggest rides. If some people want to spend several hours on more intense rides, other members of the family could have a more relaxed activity planned at the same time.

Shopping is another possible Orlando activity. There are several large outlet shopping centres where the group could spend a few hours looking for clothes, shoes, gifts, and other items. Shopping should probably be scheduled for an afternoon or evening rather than replacing one of the major attractions. We should also remember that anything bought in Orlando will need to fit into our luggage for the remainder of the trip, particularly because we will have to transport our bags to the cruise.

Food will be an important part of the Orlando experience. We should try a mixture of American restaurants and local or international food rather than eating at the theme parks for every meal. One evening could be used for a nicer family dinner to begin the birthday celebrations. We should research restaurants in advance if we want a particular location or type of food because popular restaurants can become busy."
35,What type of food does the family want to try in Mexico?,What type of food does the family want to try in Mexico?,True,26,5,0.015873015873015872,3,0.1868361085653305,False,"The cruise will stop at destinations in Mexico and the Bahamas. We want to have a different type of experience at each destination instead of simply visiting the same type of beach every time. In Mexico, we are interested in local culture, food, sightseeing, and possibly a guided excursion. In the Bahamas, the preference is for a more relaxed beach-focused day, although people may also want to snorkel, swim, shop, or explore the local area. We need to check the exact port times before booking anything because cruise ships have strict departure times. If we book an independent excursion, we need to make sure there is plenty of time to return to the ship.

There are a large number of practical details that need to be organised before the holiday. Flights need to be booked, accommodation in Orlando needs to be confirmed, and transport from the airport to the hotel and then from Orlando to the cruise port needs to be arranged. We also need to confirm the cruise booking, check passport requirements, purchase appropriate travel insurance, and make sure everyone has access to the booking information. It would be useful to create a shared itinerary containing flights, hotel information, cruise details, excursions, restaurant bookings, and important telephone numbers."
35,What type of food does the family want to try in Mexico?,What type of food does the family want to try in Mexico?,True,4,6,0.015384615384615385,4,0.16297894716262817,False,"Transport needs to be planned for the entire holiday. The first journey will be from the airport to the Orlando hotel. We then need transport to Disney, Universal, restaurants, shopping areas, and eventually the cruise port. A rental car could provide flexibility but would introduce costs for the rental itself, fuel, parking, and insurance. Ride-sharing could be simpler for individual journeys, but multiple long journeys could become expensive. We should compare the estimated total cost of each option.

The cruise price should be broken down carefully. Some food and entertainment will probably be included, while speciality restaurants, premium drinks, certain activities, internet packages, excursions, and other services may cost extra. We should identify which optional costs are likely to apply to our family. A daily spending allowance for the cruise could help prevent unexpected expenses.

Excursions in Mexico and the Bahamas should have their own budget. Before booking, we should compare cruise excursions with independent tours and consider what is included in each price. An excursion advertised at a low price might exclude transportation, food, equipment, or entrance fees. We should calculate the full cost for the entire family before deciding."
35,What type of food does the family want to try in Mexico?,What type of food does the family want to try in Mexico?,True,9,7,0.015151515151515152,,,False,"Food will be one of the major parts of the cruise experience. There may be a main dining room, buffet, casual restaurants, speciality restaurants, cafes, and room service. We should check which options are included and which cost extra. Since this is a family birthday trip, it would be nice to have at least one special dinner where everyone sits together. We could choose one of the speciality restaurants if the cost is reasonable, or use the main dining room if we want a more traditional cruise experience.

Mum's 60th birthday should receive particular attention. We want to make the day feel different from the other days of the cruise. The first step is finding out whether the cruise company offers birthday packages. These could potentially include a cake, decorations, a special message, flowers, or a celebration arranged by the dining staff. We should contact the cruise company before travelling rather than assuming these services can be organised on the day.

A birthday dinner would probably be the main event. We could arrange for everyone to sit together, order a special meal, and have a birthday cake brought out at the end. It may also be possible to arrange decorations at the table or in Mum's cabin. Another idea is to organise a small surprise where the rest of the family knows the plan but Mum does not. We should be careful not to create an unnecessarily complicated surprise because the cruise schedule may change."
35,What type of food does the family want to try in Mexico?,What type of food does the family want to try in Mexico?,True,15,8,0.014925373134328358,,,False,"Shopping could also be included in the Bahamas itinerary. Depending on the port, there may be markets and shops selling souvenirs, clothing, jewellery, food, and other items. We should decide in advance whether shopping is a major priority or simply something we will do if there is time. It would be sensible to leave enough room in the budget for souvenirs because family members may want to buy gifts.

We should compare cruise-organised excursions with independent excursions before making a decision. Cruise excursions are often more expensive, but they may provide more structured transport and reassurance about returning to the ship. Independent excursions can provide greater flexibility, but the responsibility for getting back to the ship falls on us. The decision should therefore consider not only price but also the length of the excursion, distance from the port, cancellation policies, and the needs of the family.

Safety and comfort should be considered for every excursion. Everyone should carry the essentials but avoid taking unnecessary valuables ashore. We should have a meeting point near the port in case members of the group become separated. Everyone should also know the ship's name and departure time. It would be useful for everyone to have a copy or screenshot of the day's schedule."
35,What type of food does the family want to try in Mexico?,What type of food does the family want to try in Mexico?,True,27,9,0.014492753623188406,,,False,"The budget should be agreed before we start booking optional activities. The main expenses will include flights, Orlando accommodation, theme park tickets, transport, the cruise itself, food and drinks outside what is included in the cruise fare, excursions, shopping, travel insurance, and spending money. Mum's birthday celebration should have its own budget so that we can decide how much to spend on dinner, cake, decorations, and a present. Everyone should understand which costs are shared and which costs are personal. We should also keep some emergency money available in case transport costs more than expected or plans have to change.

The trip should be enjoyable for everyone, so the itinerary should not be completely packed. We should have a mixture of planned activities and free time. The most important things are spending time together, celebrating Mum's birthday, experiencing Orlando, enjoying the cruise, and making good memories as a family. Before the trip, we should hold a final planning meeting where everyone can review the itinerary, confirm their bookings, discuss what they want to do at each destination, and raise any concerns. A shared digital document or group chat could be used to keep everyone updated. The final itinerary should include all confirmed bookings as well as alternative options in case weather, transport problems, or other circumstances cause plans to change."
35,What type of food does the family want to try in Mexico?,What type of food does the family want to try in Mexico?,True,10,10,0.014285714285714285,,,False,"Photography should also be an important part of the celebration. We should take family photographs throughout the cruise rather than relying entirely on one birthday photo. The ship is likely to have several scenic locations that would make good backgrounds, particularly in the evening. We could also arrange one more formal family photograph on the birthday itself. If the cruise company offers professional photography, we can consider whether the packages represent good value.

There should also be time for everyone to enjoy the cruise independently. Some family members may want to spend time around the swimming pool, while others might prefer the gym, live entertainment, bars, games, or other activities. It would be unrealistic to expect everyone to do everything together for the entire trip. We should identify a few activities that everyone wants to experience together and allow people to choose their own activities at other times.

The evenings could be used for entertainment. The ship may have live music, comedy, theatre shows, dancing, quizzes, and other performances. We should look at the daily schedule each morning and decide whether there are any shows that the whole family wants to attend. Some shows may require reservations, so these should be booked early. If Mum enjoys dancing or live music, one evening could be dedicated to going to one of the ship's entertainment venues together."
36,What should we consider if we decide to visit a beach in Mexico?,What should we consider if we decide to visit a beach in Mexico?,True,14,1,0.03278688524590164,1,0.8342046737670898,True,"Food is another priority in Mexico. We would like to try authentic Mexican food rather than spending the entire day eating at tourist restaurants. We could research a few well-reviewed restaurants near the port and identify some dishes that the family would like to try. We should take into account dietary requirements and make sure that everyone knows what ingredients are likely to be included in unfamiliar dishes.

The family should also decide whether they want to spend part of the Mexico day at the beach. A beach could provide an opportunity to relax after several busy days in Orlando and on the ship. However, if we choose a beach excursion, we need to consider transport, changing facilities, food, sun protection, and how long it takes to get back to the ship. We should avoid booking a beach that is so far from the port that there is a significant risk of missing departure.

The Bahamas stop should probably be more relaxed. One of the main ideas is to spend time at a beautiful beach, swim, and enjoy the warm weather. Some people may want to snorkel or participate in another water activity. Others may simply want to sit on the beach, have lunch, and take photographs. We should not make everyone participate in the same activity, particularly if some family members are not comfortable with swimming or water sports."
36,What should we consider if we decide to visit a beach in Mexico?,What should we consider if we decide to visit a beach in Mexico?,True,13,2,0.03200204813108039,3,0.465266615152359,False,"The cruise stops in Mexico and the Bahamas are an important part of the trip because they give the family opportunities to experience places outside the cruise ship. We want each destination to feel different and would prefer to have a rough plan before travelling. At the same time, we do not want every hour to be scheduled because part of the appeal of a cruise is being able to relax and decide what to do once we arrive.

The Mexico stop should focus more on sightseeing, culture, food, and experiencing the local area. The exact activities will depend on which Mexican port the cruise visits. One option would be to book an organised excursion through the cruise company. This could involve visiting historical sites, exploring the town, taking a guided tour, or visiting a beach resort. An organised excursion would make transport easier and would reduce the risk of having problems getting back to the ship before departure.

Another possibility in Mexico would be arranging an independent excursion. This could give us more flexibility and potentially cost less than a cruise-organised tour. However, we would need to research the transport carefully and make sure the excursion does not take us too far from the port. We should also check the cancellation policy in case the ship arrives late or weather affects the excursion."
36,What should we consider if we decide to visit a beach in Mexico?,What should we consider if we decide to visit a beach in Mexico?,True,26,3,0.03149801587301587,2,0.5544951558113098,False,"The cruise will stop at destinations in Mexico and the Bahamas. We want to have a different type of experience at each destination instead of simply visiting the same type of beach every time. In Mexico, we are interested in local culture, food, sightseeing, and possibly a guided excursion. In the Bahamas, the preference is for a more relaxed beach-focused day, although people may also want to snorkel, swim, shop, or explore the local area. We need to check the exact port times before booking anything because cruise ships have strict departure times. If we book an independent excursion, we need to make sure there is plenty of time to return to the ship.

There are a large number of practical details that need to be organised before the holiday. Flights need to be booked, accommodation in Orlando needs to be confirmed, and transport from the airport to the hotel and then from Orlando to the cruise port needs to be arranged. We also need to confirm the cruise booking, check passport requirements, purchase appropriate travel insurance, and make sure everyone has access to the booking information. It would be useful to create a shared itinerary containing flights, hotel information, cruise details, excursions, restaurant bookings, and important telephone numbers."
36,What should we consider if we decide to visit a beach in Mexico?,What should we consider if we decide to visit a beach in Mexico?,True,16,4,0.03128054740957967,4,0.36398646235466003,False,"Weather could significantly affect both destinations. If heavy rain or storms are expected, outdoor excursions may need to be cancelled or replaced. We should avoid paying for non-refundable activities too far in advance unless the cancellation terms are reasonable. If a beach day is cancelled, the family can spend more time on the ship or choose a shorter indoor activity near the port.

For each port, we should create a simple plan containing the arrival time, all-aboard time, main activity, meeting point, transport arrangements, expected cost, and backup activity. This will make it easier for everyone to understand what is happening without requiring one person to organise everything on the day.

The overall aim is for the Mexico and Bahamas stops to complement the cruise rather than becoming stressful. Mexico can provide more opportunities for culture, food, and sightseeing, while the Bahamas can focus more on beaches and relaxation. Both destinations should give us plenty of opportunities to take photographs and create memories for Mum's birthday trip."
36,What should we consider if we decide to visit a beach in Mexico?,What should we consider if we decide to visit a beach in Mexico?,True,4,5,0.030309988518943745,5,0.23829349875450134,False,"Transport needs to be planned for the entire holiday. The first journey will be from the airport to the Orlando hotel. We then need transport to Disney, Universal, restaurants, shopping areas, and eventually the cruise port. A rental car could provide flexibility but would introduce costs for the rental itself, fuel, parking, and insurance. Ride-sharing could be simpler for individual journeys, but multiple long journeys could become expensive. We should compare the estimated total cost of each option.

The cruise price should be broken down carefully. Some food and entertainment will probably be included, while speciality restaurants, premium drinks, certain activities, internet packages, excursions, and other services may cost extra. We should identify which optional costs are likely to apply to our family. A daily spending allowance for the cruise could help prevent unexpected expenses.

Excursions in Mexico and the Bahamas should have their own budget. Before booking, we should compare cruise excursions with independent tours and consider what is included in each price. An excursion advertised at a low price might exclude transportation, food, equipment, or entrance fees. We should calculate the full cost for the entire family before deciding."
36,What should we consider if we decide to visit a beach in Mexico?,What should we consider if we decide to visit a beach in Mexico?,True,20,6,0.030117753623188408,,,False,"If we visit Disney, we should decide in advance which attractions are priorities. It would be useful to make a short list of must-do rides and experiences rather than attempting to see everything. We should also plan where we want to eat because popular restaurants can require reservations. The group should arrange a meeting point in case people become separated, particularly because theme parks are large and busy. Everyone should carry their phone, but it would still be sensible to establish a clear meeting location and time.

The second major theme park day could be spent at Universal Orlando. Universal is particularly appealing to family members who enjoy rides and film-related attractions. We should look at the different areas of the park and decide whether we need a single-park or multi-park ticket. If the Harry Potter attractions are a priority, we need to consider whether a ticket allowing access to the relevant areas is necessary. We should also check whether an express pass is worthwhile based on expected crowds and the rides we want to experience."
36,What should we consider if we decide to visit a beach in Mexico?,What should we consider if we decide to visit a beach in Mexico?,True,15,7,0.029437229437229435,,,False,"Shopping could also be included in the Bahamas itinerary. Depending on the port, there may be markets and shops selling souvenirs, clothing, jewellery, food, and other items. We should decide in advance whether shopping is a major priority or simply something we will do if there is time. It would be sensible to leave enough room in the budget for souvenirs because family members may want to buy gifts.

We should compare cruise-organised excursions with independent excursions before making a decision. Cruise excursions are often more expensive, but they may provide more structured transport and reassurance about returning to the ship. Independent excursions can provide greater flexibility, but the responsibility for getting back to the ship falls on us. The decision should therefore consider not only price but also the length of the excursion, distance from the port, cancellation policies, and the needs of the family.

Safety and comfort should be considered for every excursion. Everyone should carry the essentials but avoid taking unnecessary valuables ashore. We should have a meeting point near the port in case members of the group become separated. Everyone should also know the ship's name and departure time. It would be useful for everyone to have a copy or screenshot of the day's schedule."
36,What should we consider if we decide to visit a beach in Mexico?,What should we consider if we decide to visit a beach in Mexico?,True,11,8,0.015384615384615385,,,False,"The cruise stops in Mexico and the Bahamas will provide opportunities to leave the ship and explore the destinations. We need to keep track of the times when the ship is scheduled to arrive and depart. The ship will not wait for passengers who are late returning from an independent excursion, so we should always allow a substantial amount of extra time. For organised cruise excursions, the cruise company should provide instructions about when and where to meet.

We should also keep an eye on the weather. Weather could affect swimming, outdoor activities, and excursions. If the weather is poor, there should still be plenty to do on the ship, including restaurants, shows, indoor activities, and family games. The itinerary should therefore avoid relying too heavily on one particular activity.

The final evening of the cruise could be another opportunity for a family dinner and reflection on the trip. We could look through photographs taken during the holiday and choose some of the best ones to share with the family. Before leaving the ship, everyone should check their cabins carefully and make sure passports, phones, wallets, and other valuables are packed. Luggage arrangements should also be checked because cruise ships often require bags to be left outside the cabin before disembarkation."
36,What should we consider if we decide to visit a beach in Mexico?,What should we consider if we decide to visit a beach in Mexico?,True,3,9,0.014925373134328358,,,False,"Accommodation in Orlando should be chosen based on location, price, facilities, and transport options. Staying closer to the theme parks could reduce travel time but may cost more. A hotel with a swimming pool and breakfast could be useful because it would give everyone somewhere to relax between activities. We should also check parking charges if we decide to rent a car. Resort fees and other additional hotel charges should be included in the final calculation rather than looking only at the advertised nightly rate.

Theme park tickets are another major expense. We need to decide which parks we are actually going to visit before buying tickets. Buying access to more parks than we can realistically visit would waste money. We should compare single-day tickets with multi-day or combination tickets and check whether there are any restrictions on dates. If we want to use express or fast-access options at Universal or similar services at Disney, these costs need to be added to the budget."
36,What should we consider if we decide to visit a beach in Mexico?,What should we consider if we decide to visit a beach in Mexico?,True,6,10,0.014705882352941176,,,False,"A shared packing checklist should be created several weeks before departure. Important items will include passports, travel documents, phones, chargers, medication, comfortable shoes, swimwear, sun protection, appropriate clothing for the cruise, formal or smart clothing if required for dinner, and any birthday decorations that we decide to bring from home. We should avoid packing too much because there will be opportunities to shop in Orlando and potentially at the cruise destinations.

The final two weeks before the trip should be used for confirmation rather than major planning. Flights, hotels, cruise bookings, excursions, restaurant reservations, theme park tickets, and transport should all be checked. We should confirm the times and locations of any excursions and make sure everyone knows when they need to be ready.

A final family meeting could take place shortly before departure. During the meeting, we can review the full itinerary, confirm who is responsible for each booking, discuss the birthday surprise, and make sure everyone understands the plan. We should also agree on what to do if someone gets separated from the group or if a planned activity is cancelled."
37,What activities are suggested for the Bahamas?,What activities are suggested for the Bahamas?,True,16,1,0.03252247488101534,3,0.46162402629852295,True,"Weather could significantly affect both destinations. If heavy rain or storms are expected, outdoor excursions may need to be cancelled or replaced. We should avoid paying for non-refundable activities too far in advance unless the cancellation terms are reasonable. If a beach day is cancelled, the family can spend more time on the ship or choose a shorter indoor activity near the port.

For each port, we should create a simple plan containing the arrival time, all-aboard time, main activity, meeting point, transport arrangements, expected cost, and backup activity. This will make it easier for everyone to understand what is happening without requiring one person to organise everything on the day.

The overall aim is for the Mexico and Bahamas stops to complement the cruise rather than becoming stressful. Mexico can provide more opportunities for culture, food, and sightseeing, while the Bahamas can focus more on beaches and relaxation. Both destinations should give us plenty of opportunities to take photographs and create memories for Mum's birthday trip."
37,What activities are suggested for the Bahamas?,What activities are suggested for the Bahamas?,True,14,2,0.031746031746031744,1,0.5760895013809204,True,"Food is another priority in Mexico. We would like to try authentic Mexican food rather than spending the entire day eating at tourist restaurants. We could research a few well-reviewed restaurants near the port and identify some dishes that the family would like to try. We should take into account dietary requirements and make sure that everyone knows what ingredients are likely to be included in unfamiliar dishes.

The family should also decide whether they want to spend part of the Mexico day at the beach. A beach could provide an opportunity to relax after several busy days in Orlando and on the ship. However, if we choose a beach excursion, we need to consider transport, changing facilities, food, sun protection, and how long it takes to get back to the ship. We should avoid booking a beach that is so far from the port that there is a significant risk of missing departure.

The Bahamas stop should probably be more relaxed. One of the main ideas is to spend time at a beautiful beach, swim, and enjoy the warm weather. Some people may want to snorkel or participate in another water activity. Others may simply want to sit on the beach, have lunch, and take photographs. We should not make everyone participate in the same activity, particularly if some family members are not comfortable with swimming or water sports."
37,What activities are suggested for the Bahamas?,What activities are suggested for the Bahamas?,True,11,3,0.0315136476426799,,,False,"The cruise stops in Mexico and the Bahamas will provide opportunities to leave the ship and explore the destinations. We need to keep track of the times when the ship is scheduled to arrive and depart. The ship will not wait for passengers who are late returning from an independent excursion, so we should always allow a substantial amount of extra time. For organised cruise excursions, the cruise company should provide instructions about when and where to meet.

We should also keep an eye on the weather. Weather could affect swimming, outdoor activities, and excursions. If the weather is poor, there should still be plenty to do on the ship, including restaurants, shows, indoor activities, and family games. The itinerary should therefore avoid relying too heavily on one particular activity.

The final evening of the cruise could be another opportunity for a family dinner and reflection on the trip. We could look through photographs taken during the holiday and choose some of the best ones to share with the family. Before leaving the ship, everyone should check their cabins carefully and make sure passports, phones, wallets, and other valuables are packed. Luggage arrangements should also be checked because cruise ships often require bags to be left outside the cabin before disembarkation."
37,What activities are suggested for the Bahamas?,What activities are suggested for the Bahamas?,True,13,4,0.03125,5,0.3361354470252991,False,"The cruise stops in Mexico and the Bahamas are an important part of the trip because they give the family opportunities to experience places outside the cruise ship. We want each destination to feel different and would prefer to have a rough plan before travelling. At the same time, we do not want every hour to be scheduled because part of the appeal of a cruise is being able to relax and decide what to do once we arrive.

The Mexico stop should focus more on sightseeing, culture, food, and experiencing the local area. The exact activities will depend on which Mexican port the cruise visits. One option would be to book an organised excursion through the cruise company. This could involve visiting historical sites, exploring the town, taking a guided tour, or visiting a beach resort. An organised excursion would make transport easier and would reduce the risk of having problems getting back to the ship before departure.

Another possibility in Mexico would be arranging an independent excursion. This could give us more flexibility and potentially cost less than a cruise-organised tour. However, we would need to research the transport carefully and make sure the excursion does not take us too far from the port. We should also check the cancellation policy in case the ship arrives late or weather affects the excursion."
37,What activities are suggested for the Bahamas?,What activities are suggested for the Bahamas?,True,10,5,0.02964426877470356,,,False,"Photography should also be an important part of the celebration. We should take family photographs throughout the cruise rather than relying entirely on one birthday photo. The ship is likely to have several scenic locations that would make good backgrounds, particularly in the evening. We could also arrange one more formal family photograph on the birthday itself. If the cruise company offers professional photography, we can consider whether the packages represent good value.

There should also be time for everyone to enjoy the cruise independently. Some family members may want to spend time around the swimming pool, while others might prefer the gym, live entertainment, bars, games, or other activities. It would be unrealistic to expect everyone to do everything together for the entire trip. We should identify a few activities that everyone wants to experience together and allow people to choose their own activities at other times.

The evenings could be used for entertainment. The ship may have live music, comedy, theatre shows, dancing, quizzes, and other performances. We should look at the daily schedule each morning and decide whether there are any shows that the whole family wants to attend. Some shows may require reservations, so these should be booked early. If Mum enjoys dancing or live music, one evening could be dedicated to going to one of the ship's entertainment venues together."
37,What activities are suggested for the Bahamas?,What activities are suggested for the Bahamas?,True,25,6,0.029631255487269532,,,False,"The cruise will be the centrepiece of the holiday. We want to spend plenty of time enjoying the ship rather than treating it simply as transportation between destinations. There should be several restaurants, swimming pools, entertainment venues, bars, live shows, and organised activities available. Some family members may want to spend time by the pool, while others may prefer to attend shows, use the gym, explore the ship, or participate in organised activities. We should look at the cruise schedule before travelling and identify activities that need to be booked in advance. It would also be useful to identify restaurants or experiences that have additional charges so that we can decide what is worth paying for.

Mum's 60th birthday needs to be the main focus of the trip. We want to arrange at least one proper birthday celebration, ideally on the cruise because the ship will provide a memorable setting. A special dinner with the whole family would be one possibility, followed by a birthday cake and drinks. We could also arrange decorations in the cabin or dining area and organise a surprise if the cruise company offers a birthday package. Another possibility would be to arrange a special excursion on or around her birthday, depending on where the ship is located that day. We should find out the exact birthday date in relation to the cruise itinerary before making any reservations."
37,What activities are suggested for the Bahamas?,What activities are suggested for the Bahamas?,True,26,7,0.029437229437229435,4,0.37415075302124023,True,"The cruise will stop at destinations in Mexico and the Bahamas. We want to have a different type of experience at each destination instead of simply visiting the same type of beach every time. In Mexico, we are interested in local culture, food, sightseeing, and possibly a guided excursion. In the Bahamas, the preference is for a more relaxed beach-focused day, although people may also want to snorkel, swim, shop, or explore the local area. We need to check the exact port times before booking anything because cruise ships have strict departure times. If we book an independent excursion, we need to make sure there is plenty of time to return to the ship.

There are a large number of practical details that need to be organised before the holiday. Flights need to be booked, accommodation in Orlando needs to be confirmed, and transport from the airport to the hotel and then from Orlando to the cruise port needs to be arranged. We also need to confirm the cruise booking, check passport requirements, purchase appropriate travel insurance, and make sure everyone has access to the booking information. It would be useful to create a shared itinerary containing flights, hotel information, cruise details, excursions, restaurant bookings, and important telephone numbers."
37,What activities are suggested for the Bahamas?,What activities are suggested for the Bahamas?,True,15,8,0.01639344262295082,2,0.4978765845298767,True,"Shopping could also be included in the Bahamas itinerary. Depending on the port, there may be markets and shops selling souvenirs, clothing, jewellery, food, and other items. We should decide in advance whether shopping is a major priority or simply something we will do if there is time. It would be sensible to leave enough room in the budget for souvenirs because family members may want to buy gifts.

We should compare cruise-organised excursions with independent excursions before making a decision. Cruise excursions are often more expensive, but they may provide more structured transport and reassurance about returning to the ship. Independent excursions can provide greater flexibility, but the responsibility for getting back to the ship falls on us. The decision should therefore consider not only price but also the length of the excursion, distance from the port, cancellation policies, and the needs of the family.

Safety and comfort should be considered for every excursion. Everyone should carry the essentials but avoid taking unnecessary valuables ashore. We should have a meeting point near the port in case members of the group become separated. Everyone should also know the ship's name and departure time. It would be useful for everyone to have a copy or screenshot of the day's schedule."
37,What activities are suggested for the Bahamas?,What activities are suggested for the Bahamas?,True,4,9,0.015384615384615385,,,False,"Transport needs to be planned for the entire holiday. The first journey will be from the airport to the Orlando hotel. We then need transport to Disney, Universal, restaurants, shopping areas, and eventually the cruise port. A rental car could provide flexibility but would introduce costs for the rental itself, fuel, parking, and insurance. Ride-sharing could be simpler for individual journeys, but multiple long journeys could become expensive. We should compare the estimated total cost of each option.

The cruise price should be broken down carefully. Some food and entertainment will probably be included, while speciality restaurants, premium drinks, certain activities, internet packages, excursions, and other services may cost extra. We should identify which optional costs are likely to apply to our family. A daily spending allowance for the cruise could help prevent unexpected expenses.

Excursions in Mexico and the Bahamas should have their own budget. Before booking, we should compare cruise excursions with independent tours and consider what is included in each price. An excursion advertised at a low price might exclude transportation, food, equipment, or entrance fees. We should calculate the full cost for the entire family before deciding."
37,What activities are suggested for the Bahamas?,What activities are suggested for the Bahamas?,True,7,10,0.014925373134328358,,,False,"The final itinerary should contain a day-by-day schedule with flights, accommodation, Orlando activities, transport, cruise information, port stops, excursions, birthday plans, and important contact information. However, it should not be so rigid that there is no room for spontaneous activities. The trip is ultimately a family celebration, so there should be plenty of time to relax, take photographs, enjoy meals together, and celebrate Mum's 60th birthday."
38,Why is the Bahamas stop intended to be more relaxed?,Why is the Bahamas stop intended to be more relaxed?,True,16,1,0.03252247488101534,2,0.6972178816795349,True,"Weather could significantly affect both destinations. If heavy rain or storms are expected, outdoor excursions may need to be cancelled or replaced. We should avoid paying for non-refundable activities too far in advance unless the cancellation terms are reasonable. If a beach day is cancelled, the family can spend more time on the ship or choose a shorter indoor activity near the port.

For each port, we should create a simple plan containing the arrival time, all-aboard time, main activity, meeting point, transport arrangements, expected cost, and backup activity. This will make it easier for everyone to understand what is happening without requiring one person to organise everything on the day.

The overall aim is for the Mexico and Bahamas stops to complement the cruise rather than becoming stressful. Mexico can provide more opportunities for culture, food, and sightseeing, while the Bahamas can focus more on beaches and relaxation. Both destinations should give us plenty of opportunities to take photographs and create memories for Mum's birthday trip."
38,Why is the Bahamas stop intended to be more relaxed?,Why is the Bahamas stop intended to be more relaxed?,True,13,2,0.032018442622950824,4,0.47957736253738403,False,"The cruise stops in Mexico and the Bahamas are an important part of the trip because they give the family opportunities to experience places outside the cruise ship. We want each destination to feel different and would prefer to have a rough plan before travelling. At the same time, we do not want every hour to be scheduled because part of the appeal of a cruise is being able to relax and decide what to do once we arrive.

The Mexico stop should focus more on sightseeing, culture, food, and experiencing the local area. The exact activities will depend on which Mexican port the cruise visits. One option would be to book an organised excursion through the cruise company. This could involve visiting historical sites, exploring the town, taking a guided tour, or visiting a beach resort. An organised excursion would make transport easier and would reduce the risk of having problems getting back to the ship before departure.

Another possibility in Mexico would be arranging an independent excursion. This could give us more flexibility and potentially cost less than a cruise-organised tour. However, we would need to research the transport carefully and make sure the excursion does not take us too far from the port. We should also check the cancellation policy in case the ship arrives late or weather affects the excursion."
38,Why is the Bahamas stop intended to be more relaxed?,Why is the Bahamas stop intended to be more relaxed?,True,26,3,0.0315136476426799,3,0.691247820854187,True,"The cruise will stop at destinations in Mexico and the Bahamas. We want to have a different type of experience at each destination instead of simply visiting the same type of beach every time. In Mexico, we are interested in local culture, food, sightseeing, and possibly a guided excursion. In the Bahamas, the preference is for a more relaxed beach-focused day, although people may also want to snorkel, swim, shop, or explore the local area. We need to check the exact port times before booking anything because cruise ships have strict departure times. If we book an independent excursion, we need to make sure there is plenty of time to return to the ship.

There are a large number of practical details that need to be organised before the holiday. Flights need to be booked, accommodation in Orlando needs to be confirmed, and transport from the airport to the hotel and then from Orlando to the cruise port needs to be arranged. We also need to confirm the cruise booking, check passport requirements, purchase appropriate travel insurance, and make sure everyone has access to the booking information. It would be useful to create a shared itinerary containing flights, hotel information, cruise details, excursions, restaurant bookings, and important telephone numbers."
38,Why is the Bahamas stop intended to be more relaxed?,Why is the Bahamas stop intended to be more relaxed?,True,14,4,0.03149801587301587,1,0.8427728414535522,True,"Food is another priority in Mexico. We would like to try authentic Mexican food rather than spending the entire day eating at tourist restaurants. We could research a few well-reviewed restaurants near the port and identify some dishes that the family would like to try. We should take into account dietary requirements and make sure that everyone knows what ingredients are likely to be included in unfamiliar dishes.

The family should also decide whether they want to spend part of the Mexico day at the beach. A beach could provide an opportunity to relax after several busy days in Orlando and on the ship. However, if we choose a beach excursion, we need to consider transport, changing facilities, food, sun protection, and how long it takes to get back to the ship. We should avoid booking a beach that is so far from the port that there is a significant risk of missing departure.

The Bahamas stop should probably be more relaxed. One of the main ideas is to spend time at a beautiful beach, swim, and enjoy the warm weather. Some people may want to snorkel or participate in another water activity. Others may simply want to sit on the beach, have lunch, and take photographs. We should not make everyone participate in the same activity, particularly if some family members are not comfortable with swimming or water sports."
38,Why is the Bahamas stop intended to be more relaxed?,Why is the Bahamas stop intended to be more relaxed?,True,15,5,0.03036576949620428,,,False,"Shopping could also be included in the Bahamas itinerary. Depending on the port, there may be markets and shops selling souvenirs, clothing, jewellery, food, and other items. We should decide in advance whether shopping is a major priority or simply something we will do if there is time. It would be sensible to leave enough room in the budget for souvenirs because family members may want to buy gifts.

We should compare cruise-organised excursions with independent excursions before making a decision. Cruise excursions are often more expensive, but they may provide more structured transport and reassurance about returning to the ship. Independent excursions can provide greater flexibility, but the responsibility for getting back to the ship falls on us. The decision should therefore consider not only price but also the length of the excursion, distance from the port, cancellation policies, and the needs of the family.

Safety and comfort should be considered for every excursion. Everyone should carry the essentials but avoid taking unnecessary valuables ashore. We should have a meeting point near the port in case members of the group become separated. Everyone should also know the ship's name and departure time. It would be useful for everyone to have a copy or screenshot of the day's schedule."
38,Why is the Bahamas stop intended to be more relaxed?,Why is the Bahamas stop intended to be more relaxed?,True,11,6,0.030303030303030304,5,0.21877823770046234,False,"The cruise stops in Mexico and the Bahamas will provide opportunities to leave the ship and explore the destinations. We need to keep track of the times when the ship is scheduled to arrive and depart. The ship will not wait for passengers who are late returning from an independent excursion, so we should always allow a substantial amount of extra time. For organised cruise excursions, the cruise company should provide instructions about when and where to meet.

We should also keep an eye on the weather. Weather could affect swimming, outdoor activities, and excursions. If the weather is poor, there should still be plenty to do on the ship, including restaurants, shows, indoor activities, and family games. The itinerary should therefore avoid relying too heavily on one particular activity.

The final evening of the cruise could be another opportunity for a family dinner and reflection on the trip. We could look through photographs taken during the holiday and choose some of the best ones to share with the family. Before leaving the ship, everyone should check their cabins carefully and make sure passports, phones, wallets, and other valuables are packed. Luggage arrangements should also be checked because cruise ships often require bags to be left outside the cabin before disembarkation."
38,Why is the Bahamas stop intended to be more relaxed?,Why is the Bahamas stop intended to be more relaxed?,True,7,7,0.030090497737556562,,,False,"The final itinerary should contain a day-by-day schedule with flights, accommodation, Orlando activities, transport, cruise information, port stops, excursions, birthday plans, and important contact information. However, it should not be so rigid that there is no room for spontaneous activities. The trip is ultimately a family celebration, so there should be plenty of time to relax, take photographs, enjoy meals together, and celebrate Mum's 60th birthday."
38,Why is the Bahamas stop intended to be more relaxed?,Why is the Bahamas stop intended to be more relaxed?,True,22,8,0.029418126757516764,,,False,"At the end of the Orlando stay, we need to travel to the cruise port. The exact port and departure time will determine when we need to leave the hotel. We should build in plenty of extra time because traffic around Orlando and the cruise port could cause delays. If we have rented a car, we need to arrange its return before boarding the ship. If we use a transfer service, the booking should be confirmed a few days beforehand. We should also make sure that all luggage is labelled correctly and that everyone has their cruise documents easily accessible.

The Orlando itinerary should therefore balance major attractions with rest. A possible structure would be arrival and relaxation on the first day, Disney on the second day, Universal on the third day, and shopping or a relaxed activity before travelling to the cruise port. However, this should remain flexible depending on flight times, ticket prices, weather, and how everyone feels. The goal is to arrive at the cruise feeling excited rather than exhausted."
38,Why is the Bahamas stop intended to be more relaxed?,Why is the Bahamas stop intended to be more relaxed?,True,4,9,0.02857142857142857,,,False,"Transport needs to be planned for the entire holiday. The first journey will be from the airport to the Orlando hotel. We then need transport to Disney, Universal, restaurants, shopping areas, and eventually the cruise port. A rental car could provide flexibility but would introduce costs for the rental itself, fuel, parking, and insurance. Ride-sharing could be simpler for individual journeys, but multiple long journeys could become expensive. We should compare the estimated total cost of each option.

The cruise price should be broken down carefully. Some food and entertainment will probably be included, while speciality restaurants, premium drinks, certain activities, internet packages, excursions, and other services may cost extra. We should identify which optional costs are likely to apply to our family. A daily spending allowance for the cruise could help prevent unexpected expenses.

Excursions in Mexico and the Bahamas should have their own budget. Before booking, we should compare cruise excursions with independent tours and consider what is included in each price. An excursion advertised at a low price might exclude transportation, food, equipment, or entrance fees. We should calculate the full cost for the entire family before deciding."
38,Why is the Bahamas stop intended to be more relaxed?,Why is the Bahamas stop intended to be more relaxed?,True,12,10,0.014925373134328358,,,False,"Overall, the cruise should combine relaxation, entertainment, family time, and the birthday celebration. The most important part is ensuring that Mum feels that the entire holiday has been organised around celebrating her 60th birthday while still allowing everyone else to enjoy the experience."
39,What water activities could the family do in the Bahamas?,What water activities could the family do in the Bahamas?,True,14,1,0.03252247488101534,1,0.789445161819458,True,"Food is another priority in Mexico. We would like to try authentic Mexican food rather than spending the entire day eating at tourist restaurants. We could research a few well-reviewed restaurants near the port and identify some dishes that the family would like to try. We should take into account dietary requirements and make sure that everyone knows what ingredients are likely to be included in unfamiliar dishes.

The family should also decide whether they want to spend part of the Mexico day at the beach. A beach could provide an opportunity to relax after several busy days in Orlando and on the ship. However, if we choose a beach excursion, we need to consider transport, changing facilities, food, sun protection, and how long it takes to get back to the ship. We should avoid booking a beach that is so far from the port that there is a significant risk of missing departure.

The Bahamas stop should probably be more relaxed. One of the main ideas is to spend time at a beautiful beach, swim, and enjoy the warm weather. Some people may want to snorkel or participate in another water activity. Others may simply want to sit on the beach, have lunch, and take photographs. We should not make everyone participate in the same activity, particularly if some family members are not comfortable with swimming or water sports."
39,What water activities could the family do in the Bahamas?,What water activities could the family do in the Bahamas?,True,16,2,0.03149801587301587,4,0.4533350467681885,False,"Weather could significantly affect both destinations. If heavy rain or storms are expected, outdoor excursions may need to be cancelled or replaced. We should avoid paying for non-refundable activities too far in advance unless the cancellation terms are reasonable. If a beach day is cancelled, the family can spend more time on the ship or choose a shorter indoor activity near the port.

For each port, we should create a simple plan containing the arrival time, all-aboard time, main activity, meeting point, transport arrangements, expected cost, and backup activity. This will make it easier for everyone to understand what is happening without requiring one person to organise everything on the day.

The overall aim is for the Mexico and Bahamas stops to complement the cruise rather than becoming stressful. Mexico can provide more opportunities for culture, food, and sightseeing, while the Bahamas can focus more on beaches and relaxation. Both destinations should give us plenty of opportunities to take photographs and create memories for Mum's birthday trip."
39,What water activities could the family do in the Bahamas?,What water activities could the family do in the Bahamas?,True,11,3,0.03128054740957967,2,0.48381975293159485,False,"The cruise stops in Mexico and the Bahamas will provide opportunities to leave the ship and explore the destinations. We need to keep track of the times when the ship is scheduled to arrive and depart. The ship will not wait for passengers who are late returning from an independent excursion, so we should always allow a substantial amount of extra time. For organised cruise excursions, the cruise company should provide instructions about when and where to meet.

We should also keep an eye on the weather. Weather could affect swimming, outdoor activities, and excursions. If the weather is poor, there should still be plenty to do on the ship, including restaurants, shows, indoor activities, and family games. The itinerary should therefore avoid relying too heavily on one particular activity.

The final evening of the cruise could be another opportunity for a family dinner and reflection on the trip. We could look through photographs taken during the holiday and choose some of the best ones to share with the family. Before leaving the ship, everyone should check their cabins carefully and make sure passports, phones, wallets, and other valuables are packed. Luggage arrangements should also be checked because cruise ships often require bags to be left outside the cabin before disembarkation."
39,What water activities could the family do in the Bahamas?,What water activities could the family do in the Bahamas?,True,13,4,0.031009615384615385,5,0.37552377581596375,False,"The cruise stops in Mexico and the Bahamas are an important part of the trip because they give the family opportunities to experience places outside the cruise ship. We want each destination to feel different and would prefer to have a rough plan before travelling. At the same time, we do not want every hour to be scheduled because part of the appeal of a cruise is being able to relax and decide what to do once we arrive.

The Mexico stop should focus more on sightseeing, culture, food, and experiencing the local area. The exact activities will depend on which Mexican port the cruise visits. One option would be to book an organised excursion through the cruise company. This could involve visiting historical sites, exploring the town, taking a guided tour, or visiting a beach resort. An organised excursion would make transport easier and would reduce the risk of having problems getting back to the ship before departure.

Another possibility in Mexico would be arranging an independent excursion. This could give us more flexibility and potentially cost less than a cruise-organised tour. However, we would need to research the transport carefully and make sure the excursion does not take us too far from the port. We should also check the cancellation policy in case the ship arrives late or weather affects the excursion."
39,What water activities could the family do in the Bahamas?,What water activities could the family do in the Bahamas?,True,15,5,0.030679156908665108,3,0.481478750705719,False,"Shopping could also be included in the Bahamas itinerary. Depending on the port, there may be markets and shops selling souvenirs, clothing, jewellery, food, and other items. We should decide in advance whether shopping is a major priority or simply something we will do if there is time. It would be sensible to leave enough room in the budget for souvenirs because family members may want to buy gifts.

We should compare cruise-organised excursions with independent excursions before making a decision. Cruise excursions are often more expensive, but they may provide more structured transport and reassurance about returning to the ship. Independent excursions can provide greater flexibility, but the responsibility for getting back to the ship falls on us. The decision should therefore consider not only price but also the length of the excursion, distance from the port, cancellation policies, and the needs of the family.

Safety and comfort should be considered for every excursion. Everyone should carry the essentials but avoid taking unnecessary valuables ashore. We should have a meeting point near the port in case members of the group become separated. Everyone should also know the ship's name and departure time. It would be useful for everyone to have a copy or screenshot of the day's schedule."
39,What water activities could the family do in the Bahamas?,What water activities could the family do in the Bahamas?,True,10,6,0.030536130536130537,,,False,"Photography should also be an important part of the celebration. We should take family photographs throughout the cruise rather than relying entirely on one birthday photo. The ship is likely to have several scenic locations that would make good backgrounds, particularly in the evening. We could also arrange one more formal family photograph on the birthday itself. If the cruise company offers professional photography, we can consider whether the packages represent good value.

There should also be time for everyone to enjoy the cruise independently. Some family members may want to spend time around the swimming pool, while others might prefer the gym, live entertainment, bars, games, or other activities. It would be unrealistic to expect everyone to do everything together for the entire trip. We should identify a few activities that everyone wants to experience together and allow people to choose their own activities at other times.

The evenings could be used for entertainment. The ship may have live music, comedy, theatre shows, dancing, quizzes, and other performances. We should look at the daily schedule each morning and decide whether there are any shows that the whole family wants to attend. Some shows may require reservations, so these should be booked early. If Mum enjoys dancing or live music, one evening could be dedicated to going to one of the ship's entertainment venues together."
39,What water activities could the family do in the Bahamas?,What water activities could the family do in the Bahamas?,True,21,7,0.029850746268656716,,,False,"We should not schedule every minute of the Universal day. Theme parks can become tiring, especially when the weather is hot. The group should take breaks for food and drinks and make sure everyone is comfortable. Mum's birthday is the reason for the trip, so we should make sure the theme park schedule is enjoyable for her rather than focusing entirely on the biggest rides. If some people want to spend several hours on more intense rides, other members of the family could have a more relaxed activity planned at the same time.

Shopping is another possible Orlando activity. There are several large outlet shopping centres where the group could spend a few hours looking for clothes, shoes, gifts, and other items. Shopping should probably be scheduled for an afternoon or evening rather than replacing one of the major attractions. We should also remember that anything bought in Orlando will need to fit into our luggage for the remainder of the trip, particularly because we will have to transport our bags to the cruise.

Food will be an important part of the Orlando experience. We should try a mixture of American restaurants and local or international food rather than eating at the theme parks for every meal. One evening could be used for a nicer family dinner to begin the birthday celebrations. We should research restaurants in advance if we want a particular location or type of food because popular restaurants can become busy."
39,What water activities could the family do in the Bahamas?,What water activities could the family do in the Bahamas?,True,25,8,0.029411764705882353,,,False,"The cruise will be the centrepiece of the holiday. We want to spend plenty of time enjoying the ship rather than treating it simply as transportation between destinations. There should be several restaurants, swimming pools, entertainment venues, bars, live shows, and organised activities available. Some family members may want to spend time by the pool, while others may prefer to attend shows, use the gym, explore the ship, or participate in organised activities. We should look at the cruise schedule before travelling and identify activities that need to be booked in advance. It would also be useful to identify restaurants or experiences that have additional charges so that we can decide what is worth paying for.

Mum's 60th birthday needs to be the main focus of the trip. We want to arrange at least one proper birthday celebration, ideally on the cruise because the ship will provide a memorable setting. A special dinner with the whole family would be one possibility, followed by a birthday cake and drinks. We could also arrange decorations in the cabin or dining area and organise a surprise if the cruise company offers a birthday package. Another possibility would be to arrange a special excursion on or around her birthday, depending on where the ship is located that day. We should find out the exact birthday date in relation to the cruise itinerary before making any reservations."
39,What water activities could the family do in the Bahamas?,What water activities could the family do in the Bahamas?,True,4,9,0.015873015873015872,,,False,"Transport needs to be planned for the entire holiday. The first journey will be from the airport to the Orlando hotel. We then need transport to Disney, Universal, restaurants, shopping areas, and eventually the cruise port. A rental car could provide flexibility but would introduce costs for the rental itself, fuel, parking, and insurance. Ride-sharing could be simpler for individual journeys, but multiple long journeys could become expensive. We should compare the estimated total cost of each option.

The cruise price should be broken down carefully. Some food and entertainment will probably be included, while speciality restaurants, premium drinks, certain activities, internet packages, excursions, and other services may cost extra. We should identify which optional costs are likely to apply to our family. A daily spending allowance for the cruise could help prevent unexpected expenses.

Excursions in Mexico and the Bahamas should have their own budget. Before booking, we should compare cruise excursions with independent tours and consider what is included in each price. An excursion advertised at a low price might exclude transportation, food, equipment, or entrance fees. We should calculate the full cost for the entire family before deciding."
39,What water activities could the family do in the Bahamas?,What water activities could the family do in the Bahamas?,True,20,10,0.014492753623188406,,,False,"If we visit Disney, we should decide in advance which attractions are priorities. It would be useful to make a short list of must-do rides and experiences rather than attempting to see everything. We should also plan where we want to eat because popular restaurants can require reservations. The group should arrange a meeting point in case people become separated, particularly because theme parks are large and busy. Everyone should carry their phone, but it would still be sensible to establish a clear meeting location and time.

The second major theme park day could be spent at Universal Orlando. Universal is particularly appealing to family members who enjoy rides and film-related attractions. We should look at the different areas of the park and decide whether we need a single-park or multi-park ticket. If the Harry Potter attractions are a priority, we need to consider whether a ticket allowing access to the relevant areas is necessary. We should also check whether an express pass is worthwhile based on expected crowds and the rides we want to experience."
40,What could we do in the Bahamas besides going to the beach?,What could we do in the Bahamas besides going to the beach?,True,14,1,0.03252247488101534,3,0.6490676999092102,False,"Food is another priority in Mexico. We would like to try authentic Mexican food rather than spending the entire day eating at tourist restaurants. We could research a few well-reviewed restaurants near the port and identify some dishes that the family would like to try. We should take into account dietary requirements and make sure that everyone knows what ingredients are likely to be included in unfamiliar dishes.

The family should also decide whether they want to spend part of the Mexico day at the beach. A beach could provide an opportunity to relax after several busy days in Orlando and on the ship. However, if we choose a beach excursion, we need to consider transport, changing facilities, food, sun protection, and how long it takes to get back to the ship. We should avoid booking a beach that is so far from the port that there is a significant risk of missing departure.

The Bahamas stop should probably be more relaxed. One of the main ideas is to spend time at a beautiful beach, swim, and enjoy the warm weather. Some people may want to snorkel or participate in another water activity. Others may simply want to sit on the beach, have lunch, and take photographs. We should not make everyone participate in the same activity, particularly if some family members are not comfortable with swimming or water sports."
40,What could we do in the Bahamas besides going to the beach?,What could we do in the Bahamas besides going to the beach?,True,16,2,0.03200204813108039,4,0.5937276482582092,False,"Weather could significantly affect both destinations. If heavy rain or storms are expected, outdoor excursions may need to be cancelled or replaced. We should avoid paying for non-refundable activities too far in advance unless the cancellation terms are reasonable. If a beach day is cancelled, the family can spend more time on the ship or choose a shorter indoor activity near the port.

For each port, we should create a simple plan containing the arrival time, all-aboard time, main activity, meeting point, transport arrangements, expected cost, and backup activity. This will make it easier for everyone to understand what is happening without requiring one person to organise everything on the day.

The overall aim is for the Mexico and Bahamas stops to complement the cruise rather than becoming stressful. Mexico can provide more opportunities for culture, food, and sightseeing, while the Bahamas can focus more on beaches and relaxation. Both destinations should give us plenty of opportunities to take photographs and create memories for Mum's birthday trip."
40,What could we do in the Bahamas besides going to the beach?,What could we do in the Bahamas besides going to the beach?,True,13,3,0.03125763125763126,,,False,"The cruise stops in Mexico and the Bahamas are an important part of the trip because they give the family opportunities to experience places outside the cruise ship. We want each destination to feel different and would prefer to have a rough plan before travelling. At the same time, we do not want every hour to be scheduled because part of the appeal of a cruise is being able to relax and decide what to do once we arrive.

The Mexico stop should focus more on sightseeing, culture, food, and experiencing the local area. The exact activities will depend on which Mexican port the cruise visits. One option would be to book an organised excursion through the cruise company. This could involve visiting historical sites, exploring the town, taking a guided tour, or visiting a beach resort. An organised excursion would make transport easier and would reduce the risk of having problems getting back to the ship before departure.

Another possibility in Mexico would be arranging an independent excursion. This could give us more flexibility and potentially cost less than a cruise-organised tour. However, we would need to research the transport carefully and make sure the excursion does not take us too far from the port. We should also check the cancellation policy in case the ship arrives late or weather affects the excursion."
40,What could we do in the Bahamas besides going to the beach?,What could we do in the Bahamas besides going to the beach?,True,26,4,0.03125,2,0.7416183352470398,True,"The cruise will stop at destinations in Mexico and the Bahamas. We want to have a different type of experience at each destination instead of simply visiting the same type of beach every time. In Mexico, we are interested in local culture, food, sightseeing, and possibly a guided excursion. In the Bahamas, the preference is for a more relaxed beach-focused day, although people may also want to snorkel, swim, shop, or explore the local area. We need to check the exact port times before booking anything because cruise ships have strict departure times. If we book an independent excursion, we need to make sure there is plenty of time to return to the ship.

There are a large number of practical details that need to be organised before the holiday. Flights need to be booked, accommodation in Orlando needs to be confirmed, and transport from the airport to the hotel and then from Orlando to the cruise port needs to be arranged. We also need to confirm the cruise booking, check passport requirements, purchase appropriate travel insurance, and make sure everyone has access to the booking information. It would be useful to create a shared itinerary containing flights, hotel information, cruise details, excursions, restaurant bookings, and important telephone numbers."
40,What could we do in the Bahamas besides going to the beach?,What could we do in the Bahamas besides going to the beach?,True,15,5,0.030886196246139225,1,0.8163042664527893,True,"Shopping could also be included in the Bahamas itinerary. Depending on the port, there may be markets and shops selling souvenirs, clothing, jewellery, food, and other items. We should decide in advance whether shopping is a major priority or simply something we will do if there is time. It would be sensible to leave enough room in the budget for souvenirs because family members may want to buy gifts.

We should compare cruise-organised excursions with independent excursions before making a decision. Cruise excursions are often more expensive, but they may provide more structured transport and reassurance about returning to the ship. Independent excursions can provide greater flexibility, but the responsibility for getting back to the ship falls on us. The decision should therefore consider not only price but also the length of the excursion, distance from the port, cancellation policies, and the needs of the family.

Safety and comfort should be considered for every excursion. Everyone should carry the essentials but avoid taking unnecessary valuables ashore. We should have a meeting point near the port in case members of the group become separated. Everyone should also know the ship's name and departure time. It would be useful for everyone to have a copy or screenshot of the day's schedule."
40,What could we do in the Bahamas besides going to the beach?,What could we do in the Bahamas besides going to the beach?,True,11,6,0.03007688828584351,5,0.4217667281627655,False,"The cruise stops in Mexico and the Bahamas will provide opportunities to leave the ship and explore the destinations. We need to keep track of the times when the ship is scheduled to arrive and depart. The ship will not wait for passengers who are late returning from an independent excursion, so we should always allow a substantial amount of extra time. For organised cruise excursions, the cruise company should provide instructions about when and where to meet.

We should also keep an eye on the weather. Weather could affect swimming, outdoor activities, and excursions. If the weather is poor, there should still be plenty to do on the ship, including restaurants, shows, indoor activities, and family games. The itinerary should therefore avoid relying too heavily on one particular activity.

The final evening of the cruise could be another opportunity for a family dinner and reflection on the trip. We could look through photographs taken during the holiday and choose some of the best ones to share with the family. Before leaving the ship, everyone should check their cabins carefully and make sure passports, phones, wallets, and other valuables are packed. Luggage arrangements should also be checked because cruise ships often require bags to be left outside the cabin before disembarkation."
40,What could we do in the Bahamas besides going to the beach?,What could we do in the Bahamas besides going to the beach?,True,4,7,0.02967032967032967,,,False,"Transport needs to be planned for the entire holiday. The first journey will be from the airport to the Orlando hotel. We then need transport to Disney, Universal, restaurants, shopping areas, and eventually the cruise port. A rental car could provide flexibility but would introduce costs for the rental itself, fuel, parking, and insurance. Ride-sharing could be simpler for individual journeys, but multiple long journeys could become expensive. We should compare the estimated total cost of each option.

The cruise price should be broken down carefully. Some food and entertainment will probably be included, while speciality restaurants, premium drinks, certain activities, internet packages, excursions, and other services may cost extra. We should identify which optional costs are likely to apply to our family. A daily spending allowance for the cruise could help prevent unexpected expenses.

Excursions in Mexico and the Bahamas should have their own budget. Before booking, we should compare cruise excursions with independent tours and consider what is included in each price. An excursion advertised at a low price might exclude transportation, food, equipment, or entrance fees. We should calculate the full cost for the entire family before deciding."
40,What could we do in the Bahamas besides going to the beach?,What could we do in the Bahamas besides going to the beach?,True,10,8,0.015151515151515152,,,False,"Photography should also be an important part of the celebration. We should take family photographs throughout the cruise rather than relying entirely on one birthday photo. The ship is likely to have several scenic locations that would make good backgrounds, particularly in the evening. We could also arrange one more formal family photograph on the birthday itself. If the cruise company offers professional photography, we can consider whether the packages represent good value.

There should also be time for everyone to enjoy the cruise independently. Some family members may want to spend time around the swimming pool, while others might prefer the gym, live entertainment, bars, games, or other activities. It would be unrealistic to expect everyone to do everything together for the entire trip. We should identify a few activities that everyone wants to experience together and allow people to choose their own activities at other times.

The evenings could be used for entertainment. The ship may have live music, comedy, theatre shows, dancing, quizzes, and other performances. We should look at the daily schedule each morning and decide whether there are any shows that the whole family wants to attend. Some shows may require reservations, so these should be booked early. If Mum enjoys dancing or live music, one evening could be dedicated to going to one of the ship's entertainment venues together."
40,What could we do in the Bahamas besides going to the beach?,What could we do in the Bahamas besides going to the beach?,True,25,9,0.014925373134328358,,,False,"The cruise will be the centrepiece of the holiday. We want to spend plenty of time enjoying the ship rather than treating it simply as transportation between destinations. There should be several restaurants, swimming pools, entertainment venues, bars, live shows, and organised activities available. Some family members may want to spend time by the pool, while others may prefer to attend shows, use the gym, explore the ship, or participate in organised activities. We should look at the cruise schedule before travelling and identify activities that need to be booked in advance. It would also be useful to identify restaurants or experiences that have additional charges so that we can decide what is worth paying for.

Mum's 60th birthday needs to be the main focus of the trip. We want to arrange at least one proper birthday celebration, ideally on the cruise because the ship will provide a memorable setting. A special dinner with the whole family would be one possibility, followed by a birthday cake and drinks. We could also arrange decorations in the cabin or dining area and organise a surprise if the cruise company offers a birthday package. Another possibility would be to arrange a special excursion on or around her birthday, depending on where the ship is located that day. We should find out the exact birthday date in relation to the cruise itinerary before making any reservations."
40,What could we do in the Bahamas besides going to the beach?,What could we do in the Bahamas besides going to the beach?,True,21,10,0.014705882352941176,,,False,"We should not schedule every minute of the Universal day. Theme parks can become tiring, especially when the weather is hot. The group should take breaks for food and drinks and make sure everyone is comfortable. Mum's birthday is the reason for the trip, so we should make sure the theme park schedule is enjoyable for her rather than focusing entirely on the biggest rides. If some people want to spend several hours on more intense rides, other members of the family could have a more relaxed activity planned at the same time.

Shopping is another possible Orlando activity. There are several large outlet shopping centres where the group could spend a few hours looking for clothes, shoes, gifts, and other items. Shopping should probably be scheduled for an afternoon or evening rather than replacing one of the major attractions. We should also remember that anything bought in Orlando will need to fit into our luggage for the remainder of the trip, particularly because we will have to transport our bags to the cruise.

Food will be an important part of the Orlando experience. We should try a mixture of American restaurants and local or international food rather than eating at the theme parks for every meal. One evening could be used for a nicer family dinner to begin the birthday celebrations. We should research restaurants in advance if we want a particular location or type of food because popular restaurants can become busy."
41,Why is it important to leave plenty of time before the ship departs?,Why is it important to leave plenty of time before the ship departs?,True,11,1,0.03278688524590164,1,0.7033666372299194,True,"The cruise stops in Mexico and the Bahamas will provide opportunities to leave the ship and explore the destinations. We need to keep track of the times when the ship is scheduled to arrive and depart. The ship will not wait for passengers who are late returning from an independent excursion, so we should always allow a substantial amount of extra time. For organised cruise excursions, the cruise company should provide instructions about when and where to meet.

We should also keep an eye on the weather. Weather could affect swimming, outdoor activities, and excursions. If the weather is poor, there should still be plenty to do on the ship, including restaurants, shows, indoor activities, and family games. The itinerary should therefore avoid relying too heavily on one particular activity.

The final evening of the cruise could be another opportunity for a family dinner and reflection on the trip. We could look through photographs taken during the holiday and choose some of the best ones to share with the family. Before leaving the ship, everyone should check their cabins carefully and make sure passports, phones, wallets, and other valuables are packed. Luggage arrangements should also be checked because cruise ships often require bags to be left outside the cabin before disembarkation."
41,Why is it important to leave plenty of time before the ship departs?,Why is it important to leave plenty of time before the ship departs?,True,26,2,0.0315136476426799,2,0.5303586721420288,True,"The cruise will stop at destinations in Mexico and the Bahamas. We want to have a different type of experience at each destination instead of simply visiting the same type of beach every time. In Mexico, we are interested in local culture, food, sightseeing, and possibly a guided excursion. In the Bahamas, the preference is for a more relaxed beach-focused day, although people may also want to snorkel, swim, shop, or explore the local area. We need to check the exact port times before booking anything because cruise ships have strict departure times. If we book an independent excursion, we need to make sure there is plenty of time to return to the ship.

There are a large number of practical details that need to be organised before the holiday. Flights need to be booked, accommodation in Orlando needs to be confirmed, and transport from the airport to the hotel and then from Orlando to the cruise port needs to be arranged. We also need to confirm the cruise booking, check passport requirements, purchase appropriate travel insurance, and make sure everyone has access to the booking information. It would be useful to create a shared itinerary containing flights, hotel information, cruise details, excursions, restaurant bookings, and important telephone numbers."
41,Why is it important to leave plenty of time before the ship departs?,Why is it important to leave plenty of time before the ship departs?,True,22,3,0.03149801587301587,3,0.5224707722663879,False,"At the end of the Orlando stay, we need to travel to the cruise port. The exact port and departure time will determine when we need to leave the hotel. We should build in plenty of extra time because traffic around Orlando and the cruise port could cause delays. If we have rented a car, we need to arrange its return before boarding the ship. If we use a transfer service, the booking should be confirmed a few days beforehand. We should also make sure that all luggage is labelled correctly and that everyone has their cruise documents easily accessible.

The Orlando itinerary should therefore balance major attractions with rest. A possible structure would be arrival and relaxation on the first day, Disney on the second day, Universal on the third day, and shopping or a relaxed activity before travelling to the cruise port. However, this should remain flexible depending on flight times, ticket prices, weather, and how everyone feels. The goal is to arrive at the cruise feeling excited rather than exhausted."
41,Why is it important to leave plenty of time before the ship departs?,Why is it important to leave plenty of time before the ship departs?,True,8,4,0.03149801587301587,,,False,"The cruise is the central part of the birthday holiday and will provide the main setting for the family celebration. After spending several days in Orlando, we will travel to the cruise port and board the ship. Before leaving Orlando, everyone should make sure they have their cruise documents, passports, medication if required, luggage, and any other important items. We should check the cruise company's boarding instructions carefully because there will be a specific arrival window and security process.

Once on board, everyone should take some time to explore the ship. The ship will probably have several restaurants, swimming pools, lounges, entertainment venues, shops, fitness facilities, and other activities. It would be useful to identify the main areas on the first day so that everyone knows where things are. We should also check the daily activity schedule because there may be events that require advance booking. Some activities will probably be included in the cruise fare, while others may have an additional cost."
41,Why is it important to leave plenty of time before the ship departs?,Why is it important to leave plenty of time before the ship departs?,True,10,5,0.030090497737556562,,,False,"Photography should also be an important part of the celebration. We should take family photographs throughout the cruise rather than relying entirely on one birthday photo. The ship is likely to have several scenic locations that would make good backgrounds, particularly in the evening. We could also arrange one more formal family photograph on the birthday itself. If the cruise company offers professional photography, we can consider whether the packages represent good value.

There should also be time for everyone to enjoy the cruise independently. Some family members may want to spend time around the swimming pool, while others might prefer the gym, live entertainment, bars, games, or other activities. It would be unrealistic to expect everyone to do everything together for the entire trip. We should identify a few activities that everyone wants to experience together and allow people to choose their own activities at other times.

The evenings could be used for entertainment. The ship may have live music, comedy, theatre shows, dancing, quizzes, and other performances. We should look at the daily schedule each morning and decide whether there are any shows that the whole family wants to attend. Some shows may require reservations, so these should be booked early. If Mum enjoys dancing or live music, one evening could be dedicated to going to one of the ship's entertainment venues together."
41,Why is it important to leave plenty of time before the ship departs?,Why is it important to leave plenty of time before the ship departs?,True,25,6,0.029437229437229435,4,0.4813325107097626,False,"The cruise will be the centrepiece of the holiday. We want to spend plenty of time enjoying the ship rather than treating it simply as transportation between destinations. There should be several restaurants, swimming pools, entertainment venues, bars, live shows, and organised activities available. Some family members may want to spend time by the pool, while others may prefer to attend shows, use the gym, explore the ship, or participate in organised activities. We should look at the cruise schedule before travelling and identify activities that need to be booked in advance. It would also be useful to identify restaurants or experiences that have additional charges so that we can decide what is worth paying for.

Mum's 60th birthday needs to be the main focus of the trip. We want to arrange at least one proper birthday celebration, ideally on the cruise because the ship will provide a memorable setting. A special dinner with the whole family would be one possibility, followed by a birthday cake and drinks. We could also arrange decorations in the cabin or dining area and organise a surprise if the cruise company offers a birthday package. Another possibility would be to arrange a special excursion on or around her birthday, depending on where the ship is located that day. We should find out the exact birthday date in relation to the cruise itinerary before making any reservations."
41,Why is it important to leave plenty of time before the ship departs?,Why is it important to leave plenty of time before the ship departs?,True,16,7,0.02919863597612958,,,False,"Weather could significantly affect both destinations. If heavy rain or storms are expected, outdoor excursions may need to be cancelled or replaced. We should avoid paying for non-refundable activities too far in advance unless the cancellation terms are reasonable. If a beach day is cancelled, the family can spend more time on the ship or choose a shorter indoor activity near the port.

For each port, we should create a simple plan containing the arrival time, all-aboard time, main activity, meeting point, transport arrangements, expected cost, and backup activity. This will make it easier for everyone to understand what is happening without requiring one person to organise everything on the day.

The overall aim is for the Mexico and Bahamas stops to complement the cruise rather than becoming stressful. Mexico can provide more opportunities for culture, food, and sightseeing, while the Bahamas can focus more on beaches and relaxation. Both destinations should give us plenty of opportunities to take photographs and create memories for Mum's birthday trip."
41,Why is it important to leave plenty of time before the ship departs?,Why is it important to leave plenty of time before the ship departs?,True,6,8,0.016129032258064516,5,0.4076876640319824,False,"A shared packing checklist should be created several weeks before departure. Important items will include passports, travel documents, phones, chargers, medication, comfortable shoes, swimwear, sun protection, appropriate clothing for the cruise, formal or smart clothing if required for dinner, and any birthday decorations that we decide to bring from home. We should avoid packing too much because there will be opportunities to shop in Orlando and potentially at the cruise destinations.

The final two weeks before the trip should be used for confirmation rather than major planning. Flights, hotels, cruise bookings, excursions, restaurant reservations, theme park tickets, and transport should all be checked. We should confirm the times and locations of any excursions and make sure everyone knows when they need to be ready.

A final family meeting could take place shortly before departure. During the meeting, we can review the full itinerary, confirm who is responsible for each booking, discuss the birthday surprise, and make sure everyone understands the plan. We should also agree on what to do if someone gets separated from the group or if a planned activity is cancelled."
41,Why is it important to leave plenty of time before the ship departs?,Why is it important to leave plenty of time before the ship departs?,True,5,9,0.015151515151515152,,,False,"Mum's birthday should have a separate budget. We could allocate money for a special dinner, birthday cake, decorations, flowers, a present, and potentially a professional photograph. We should decide whether the family will contribute equally or whether some expenses will be shared differently. It would be useful to agree on this before the trip so there are no misunderstandings.

Travel insurance should be purchased for the entire trip rather than only the cruise. The policy should be checked carefully to understand what it covers, including medical expenses, cancellation, delays, lost luggage, and cruise-related issues. Everyone should have access to their insurance details and emergency contact information.

Before leaving the UK, everyone should check their passport. Passports need to meet the relevant entry requirements for the countries visited, and everyone should make sure their personal details match the bookings. We should also check any visa or travel authorisation requirements that apply to British or other passport holders in the group. Copies of important documents should be stored securely online as well as being available offline."
41,Why is it important to leave plenty of time before the ship departs?,Why is it important to leave plenty of time before the ship departs?,True,12,10,0.014925373134328358,,,False,"Overall, the cruise should combine relaxation, entertainment, family time, and the birthday celebration. The most important part is ensuring that Mum feels that the entire holiday has been organised around celebrating her 60th birthday while still allowing everyone else to enjoy the experience."
42,What information should everyone have when going ashore?,What information should everyone have when going ashore?,True,5,1,0.03225806451612903,2,0.5507287383079529,False,"Mum's birthday should have a separate budget. We could allocate money for a special dinner, birthday cake, decorations, flowers, a present, and potentially a professional photograph. We should decide whether the family will contribute equally or whether some expenses will be shared differently. It would be useful to agree on this before the trip so there are no misunderstandings.

Travel insurance should be purchased for the entire trip rather than only the cruise. The policy should be checked carefully to understand what it covers, including medical expenses, cancellation, delays, lost luggage, and cruise-related issues. Everyone should have access to their insurance details and emergency contact information.

Before leaving the UK, everyone should check their passport. Passports need to meet the relevant entry requirements for the countries visited, and everyone should make sure their personal details match the bookings. We should also check any visa or travel authorisation requirements that apply to British or other passport holders in the group. Copies of important documents should be stored securely online as well as being available offline."
42,What information should everyone have when going ashore?,What information should everyone have when going ashore?,True,15,2,0.03149801587301587,1,0.7182985544204712,True,"Shopping could also be included in the Bahamas itinerary. Depending on the port, there may be markets and shops selling souvenirs, clothing, jewellery, food, and other items. We should decide in advance whether shopping is a major priority or simply something we will do if there is time. It would be sensible to leave enough room in the budget for souvenirs because family members may want to buy gifts.

We should compare cruise-organised excursions with independent excursions before making a decision. Cruise excursions are often more expensive, but they may provide more structured transport and reassurance about returning to the ship. Independent excursions can provide greater flexibility, but the responsibility for getting back to the ship falls on us. The decision should therefore consider not only price but also the length of the excursion, distance from the port, cancellation policies, and the needs of the family.

Safety and comfort should be considered for every excursion. Everyone should carry the essentials but avoid taking unnecessary valuables ashore. We should have a meeting point near the port in case members of the group become separated. Everyone should also know the ship's name and departure time. It would be useful for everyone to have a copy or screenshot of the day's schedule."
42,What information should everyone have when going ashore?,What information should everyone have when going ashore?,True,26,3,0.031009615384615385,,,False,"The cruise will stop at destinations in Mexico and the Bahamas. We want to have a different type of experience at each destination instead of simply visiting the same type of beach every time. In Mexico, we are interested in local culture, food, sightseeing, and possibly a guided excursion. In the Bahamas, the preference is for a more relaxed beach-focused day, although people may also want to snorkel, swim, shop, or explore the local area. We need to check the exact port times before booking anything because cruise ships have strict departure times. If we book an independent excursion, we need to make sure there is plenty of time to return to the ship.

There are a large number of practical details that need to be organised before the holiday. Flights need to be booked, accommodation in Orlando needs to be confirmed, and transport from the airport to the hotel and then from Orlando to the cruise port needs to be arranged. We also need to confirm the cruise booking, check passport requirements, purchase appropriate travel insurance, and make sure everyone has access to the booking information. It would be useful to create a shared itinerary containing flights, hotel information, cruise details, excursions, restaurant bookings, and important telephone numbers."
42,What information should everyone have when going ashore?,What information should everyone have when going ashore?,True,8,4,0.03007688828584351,4,0.35066646337509155,False,"The cruise is the central part of the birthday holiday and will provide the main setting for the family celebration. After spending several days in Orlando, we will travel to the cruise port and board the ship. Before leaving Orlando, everyone should make sure they have their cruise documents, passports, medication if required, luggage, and any other important items. We should check the cruise company's boarding instructions carefully because there will be a specific arrival window and security process.

Once on board, everyone should take some time to explore the ship. The ship will probably have several restaurants, swimming pools, lounges, entertainment venues, shops, fitness facilities, and other activities. It would be useful to identify the main areas on the first day so that everyone knows where things are. We should also check the daily activity schedule because there may be events that require advance booking. Some activities will probably be included in the cruise fare, while others may have an additional cost."
42,What information should everyone have when going ashore?,What information should everyone have when going ashore?,True,27,5,0.03007688828584351,5,0.31573647260665894,False,"The budget should be agreed before we start booking optional activities. The main expenses will include flights, Orlando accommodation, theme park tickets, transport, the cruise itself, food and drinks outside what is included in the cruise fare, excursions, shopping, travel insurance, and spending money. Mum's birthday celebration should have its own budget so that we can decide how much to spend on dinner, cake, decorations, and a present. Everyone should understand which costs are shared and which costs are personal. We should also keep some emergency money available in case transport costs more than expected or plans have to change.

The trip should be enjoyable for everyone, so the itinerary should not be completely packed. We should have a mixture of planned activities and free time. The most important things are spending time together, celebrating Mum's birthday, experiencing Orlando, enjoying the cruise, and making good memories as a family. Before the trip, we should hold a final planning meeting where everyone can review the itinerary, confirm their bookings, discuss what they want to do at each destination, and raise any concerns. A shared digital document or group chat could be used to keep everyone updated. The final itinerary should include all confirmed bookings as well as alternative options in case weather, transport problems, or other circumstances cause plans to change."
42,What information should everyone have when going ashore?,What information should everyone have when going ashore?,True,6,6,0.01639344262295082,3,0.3740135729312897,False,"A shared packing checklist should be created several weeks before departure. Important items will include passports, travel documents, phones, chargers, medication, comfortable shoes, swimwear, sun protection, appropriate clothing for the cruise, formal or smart clothing if required for dinner, and any birthday decorations that we decide to bring from home. We should avoid packing too much because there will be opportunities to shop in Orlando and potentially at the cruise destinations.

The final two weeks before the trip should be used for confirmation rather than major planning. Flights, hotels, cruise bookings, excursions, restaurant reservations, theme park tickets, and transport should all be checked. We should confirm the times and locations of any excursions and make sure everyone knows when they need to be ready.

A final family meeting could take place shortly before departure. During the meeting, we can review the full itinerary, confirm who is responsible for each booking, discuss the birthday surprise, and make sure everyone understands the plan. We should also agree on what to do if someone gets separated from the group or if a planned activity is cancelled."
42,What information should everyone have when going ashore?,What information should everyone have when going ashore?,True,10,7,0.01639344262295082,,,False,"Photography should also be an important part of the celebration. We should take family photographs throughout the cruise rather than relying entirely on one birthday photo. The ship is likely to have several scenic locations that would make good backgrounds, particularly in the evening. We could also arrange one more formal family photograph on the birthday itself. If the cruise company offers professional photography, we can consider whether the packages represent good value.

There should also be time for everyone to enjoy the cruise independently. Some family members may want to spend time around the swimming pool, while others might prefer the gym, live entertainment, bars, games, or other activities. It would be unrealistic to expect everyone to do everything together for the entire trip. We should identify a few activities that everyone wants to experience together and allow people to choose their own activities at other times.

The evenings could be used for entertainment. The ship may have live music, comedy, theatre shows, dancing, quizzes, and other performances. We should look at the daily schedule each morning and decide whether there are any shows that the whole family wants to attend. Some shows may require reservations, so these should be booked early. If Mum enjoys dancing or live music, one evening could be dedicated to going to one of the ship's entertainment venues together."
42,What information should everyone have when going ashore?,What information should everyone have when going ashore?,True,11,8,0.015873015873015872,,,False,"The cruise stops in Mexico and the Bahamas will provide opportunities to leave the ship and explore the destinations. We need to keep track of the times when the ship is scheduled to arrive and depart. The ship will not wait for passengers who are late returning from an independent excursion, so we should always allow a substantial amount of extra time. For organised cruise excursions, the cruise company should provide instructions about when and where to meet.

We should also keep an eye on the weather. Weather could affect swimming, outdoor activities, and excursions. If the weather is poor, there should still be plenty to do on the ship, including restaurants, shows, indoor activities, and family games. The itinerary should therefore avoid relying too heavily on one particular activity.

The final evening of the cruise could be another opportunity for a family dinner and reflection on the trip. We could look through photographs taken during the holiday and choose some of the best ones to share with the family. Before leaving the ship, everyone should check their cabins carefully and make sure passports, phones, wallets, and other valuables are packed. Luggage arrangements should also be checked because cruise ships often require bags to be left outside the cabin before disembarkation."
42,What information should everyone have when going ashore?,What information should everyone have when going ashore?,True,3,9,0.015384615384615385,,,False,"Accommodation in Orlando should be chosen based on location, price, facilities, and transport options. Staying closer to the theme parks could reduce travel time but may cost more. A hotel with a swimming pool and breakfast could be useful because it would give everyone somewhere to relax between activities. We should also check parking charges if we decide to rent a car. Resort fees and other additional hotel charges should be included in the final calculation rather than looking only at the advertised nightly rate.

Theme park tickets are another major expense. We need to decide which parks we are actually going to visit before buying tickets. Buying access to more parks than we can realistically visit would waste money. We should compare single-day tickets with multi-day or combination tickets and check whether there are any restrictions on dates. If we want to use express or fast-access options at Universal or similar services at Disney, these costs need to be added to the budget."
42,What information should everyone have when going ashore?,What information should everyone have when going ashore?,True,22,10,0.014705882352941176,,,False,"At the end of the Orlando stay, we need to travel to the cruise port. The exact port and departure time will determine when we need to leave the hotel. We should build in plenty of extra time because traffic around Orlando and the cruise port could cause delays. If we have rented a car, we need to arrange its return before boarding the ship. If we use a transfer service, the booking should be confirmed a few days beforehand. We should also make sure that all luggage is labelled correctly and that everyone has their cruise documents easily accessible.

The Orlando itinerary should therefore balance major attractions with rest. A possible structure would be arrival and relaxation on the first day, Disney on the second day, Universal on the third day, and shopping or a relaxed activity before travelling to the cruise port. However, this should remain flexible depending on flight times, ticket prices, weather, and how everyone feels. The goal is to arrive at the cruise feeling excited rather than exhausted."
43,What should the family do if bad weather affects an excursion?,What should the family do if bad weather affects an excursion?,True,11,1,0.03278688524590164,1,0.73000168800354,True,"The cruise stops in Mexico and the Bahamas will provide opportunities to leave the ship and explore the destinations. We need to keep track of the times when the ship is scheduled to arrive and depart. The ship will not wait for passengers who are late returning from an independent excursion, so we should always allow a substantial amount of extra time. For organised cruise excursions, the cruise company should provide instructions about when and where to meet.

We should also keep an eye on the weather. Weather could affect swimming, outdoor activities, and excursions. If the weather is poor, there should still be plenty to do on the ship, including restaurants, shows, indoor activities, and family games. The itinerary should therefore avoid relying too heavily on one particular activity.

The final evening of the cruise could be another opportunity for a family dinner and reflection on the trip. We could look through photographs taken during the holiday and choose some of the best ones to share with the family. Before leaving the ship, everyone should check their cabins carefully and make sure passports, phones, wallets, and other valuables are packed. Luggage arrangements should also be checked because cruise ships often require bags to be left outside the cabin before disembarkation."
43,What should the family do if bad weather affects an excursion?,What should the family do if bad weather affects an excursion?,True,16,2,0.03200204813108039,2,0.7050753235816956,True,"Weather could significantly affect both destinations. If heavy rain or storms are expected, outdoor excursions may need to be cancelled or replaced. We should avoid paying for non-refundable activities too far in advance unless the cancellation terms are reasonable. If a beach day is cancelled, the family can spend more time on the ship or choose a shorter indoor activity near the port.

For each port, we should create a simple plan containing the arrival time, all-aboard time, main activity, meeting point, transport arrangements, expected cost, and backup activity. This will make it easier for everyone to understand what is happening without requiring one person to organise everything on the day.

The overall aim is for the Mexico and Bahamas stops to complement the cruise rather than becoming stressful. Mexico can provide more opportunities for culture, food, and sightseeing, while the Bahamas can focus more on beaches and relaxation. Both destinations should give us plenty of opportunities to take photographs and create memories for Mum's birthday trip."
43,What should the family do if bad weather affects an excursion?,What should the family do if bad weather affects an excursion?,True,15,3,0.031024531024531024,,,False,"Shopping could also be included in the Bahamas itinerary. Depending on the port, there may be markets and shops selling souvenirs, clothing, jewellery, food, and other items. We should decide in advance whether shopping is a major priority or simply something we will do if there is time. It would be sensible to leave enough room in the budget for souvenirs because family members may want to buy gifts.

We should compare cruise-organised excursions with independent excursions before making a decision. Cruise excursions are often more expensive, but they may provide more structured transport and reassurance about returning to the ship. Independent excursions can provide greater flexibility, but the responsibility for getting back to the ship falls on us. The decision should therefore consider not only price but also the length of the excursion, distance from the port, cancellation policies, and the needs of the family.

Safety and comfort should be considered for every excursion. Everyone should carry the essentials but avoid taking unnecessary valuables ashore. We should have a meeting point near the port in case members of the group become separated. Everyone should also know the ship's name and departure time. It would be useful for everyone to have a copy or screenshot of the day's schedule."
43,What should the family do if bad weather affects an excursion?,What should the family do if bad weather affects an excursion?,True,14,4,0.030776515151515152,4,0.40260404348373413,False,"Food is another priority in Mexico. We would like to try authentic Mexican food rather than spending the entire day eating at tourist restaurants. We could research a few well-reviewed restaurants near the port and identify some dishes that the family would like to try. We should take into account dietary requirements and make sure that everyone knows what ingredients are likely to be included in unfamiliar dishes.

The family should also decide whether they want to spend part of the Mexico day at the beach. A beach could provide an opportunity to relax after several busy days in Orlando and on the ship. However, if we choose a beach excursion, we need to consider transport, changing facilities, food, sun protection, and how long it takes to get back to the ship. We should avoid booking a beach that is so far from the port that there is a significant risk of missing departure.

The Bahamas stop should probably be more relaxed. One of the main ideas is to spend time at a beautiful beach, swim, and enjoy the warm weather. Some people may want to snorkel or participate in another water activity. Others may simply want to sit on the beach, have lunch, and take photographs. We should not make everyone participate in the same activity, particularly if some family members are not comfortable with swimming or water sports."
43,What should the family do if bad weather affects an excursion?,What should the family do if bad weather affects an excursion?,True,6,5,0.030090497737556562,,,False,"A shared packing checklist should be created several weeks before departure. Important items will include passports, travel documents, phones, chargers, medication, comfortable shoes, swimwear, sun protection, appropriate clothing for the cruise, formal or smart clothing if required for dinner, and any birthday decorations that we decide to bring from home. We should avoid packing too much because there will be opportunities to shop in Orlando and potentially at the cruise destinations.

The final two weeks before the trip should be used for confirmation rather than major planning. Flights, hotels, cruise bookings, excursions, restaurant reservations, theme park tickets, and transport should all be checked. We should confirm the times and locations of any excursions and make sure everyone knows when they need to be ready.

A final family meeting could take place shortly before departure. During the meeting, we can review the full itinerary, confirm who is responsible for each booking, discuss the birthday surprise, and make sure everyone understands the plan. We should also agree on what to do if someone gets separated from the group or if a planned activity is cancelled."
43,What should the family do if bad weather affects an excursion?,What should the family do if bad weather affects an excursion?,True,21,6,0.029418126757516764,,,False,"We should not schedule every minute of the Universal day. Theme parks can become tiring, especially when the weather is hot. The group should take breaks for food and drinks and make sure everyone is comfortable. Mum's birthday is the reason for the trip, so we should make sure the theme park schedule is enjoyable for her rather than focusing entirely on the biggest rides. If some people want to spend several hours on more intense rides, other members of the family could have a more relaxed activity planned at the same time.

Shopping is another possible Orlando activity. There are several large outlet shopping centres where the group could spend a few hours looking for clothes, shoes, gifts, and other items. Shopping should probably be scheduled for an afternoon or evening rather than replacing one of the major attractions. We should also remember that anything bought in Orlando will need to fit into our luggage for the remainder of the trip, particularly because we will have to transport our bags to the cruise.

Food will be an important part of the Orlando experience. We should try a mixture of American restaurants and local or international food rather than eating at the theme parks for every meal. One evening could be used for a nicer family dinner to begin the birthday celebrations. We should research restaurants in advance if we want a particular location or type of food because popular restaurants can become busy."
43,What should the family do if bad weather affects an excursion?,What should the family do if bad weather affects an excursion?,True,13,7,0.016129032258064516,3,0.41122967004776,False,"The cruise stops in Mexico and the Bahamas are an important part of the trip because they give the family opportunities to experience places outside the cruise ship. We want each destination to feel different and would prefer to have a rough plan before travelling. At the same time, we do not want every hour to be scheduled because part of the appeal of a cruise is being able to relax and decide what to do once we arrive.

The Mexico stop should focus more on sightseeing, culture, food, and experiencing the local area. The exact activities will depend on which Mexican port the cruise visits. One option would be to book an organised excursion through the cruise company. This could involve visiting historical sites, exploring the town, taking a guided tour, or visiting a beach resort. An organised excursion would make transport easier and would reduce the risk of having problems getting back to the ship before departure.

Another possibility in Mexico would be arranging an independent excursion. This could give us more flexibility and potentially cost less than a cruise-organised tour. However, we would need to research the transport carefully and make sure the excursion does not take us too far from the port. We should also check the cancellation policy in case the ship arrives late or weather affects the excursion."
43,What should the family do if bad weather affects an excursion?,What should the family do if bad weather affects an excursion?,True,20,8,0.015625,,,False,"If we visit Disney, we should decide in advance which attractions are priorities. It would be useful to make a short list of must-do rides and experiences rather than attempting to see everything. We should also plan where we want to eat because popular restaurants can require reservations. The group should arrange a meeting point in case people become separated, particularly because theme parks are large and busy. Everyone should carry their phone, but it would still be sensible to establish a clear meeting location and time.

The second major theme park day could be spent at Universal Orlando. Universal is particularly appealing to family members who enjoy rides and film-related attractions. We should look at the different areas of the park and decide whether we need a single-park or multi-park ticket. If the Harry Potter attractions are a priority, we need to consider whether a ticket allowing access to the relevant areas is necessary. We should also check whether an express pass is worthwhile based on expected crowds and the rides we want to experience."
43,What should the family do if bad weather affects an excursion?,What should the family do if bad weather affects an excursion?,True,27,9,0.015384615384615385,5,0.2879534661769867,False,"The budget should be agreed before we start booking optional activities. The main expenses will include flights, Orlando accommodation, theme park tickets, transport, the cruise itself, food and drinks outside what is included in the cruise fare, excursions, shopping, travel insurance, and spending money. Mum's birthday celebration should have its own budget so that we can decide how much to spend on dinner, cake, decorations, and a present. Everyone should understand which costs are shared and which costs are personal. We should also keep some emergency money available in case transport costs more than expected or plans have to change.

The trip should be enjoyable for everyone, so the itinerary should not be completely packed. We should have a mixture of planned activities and free time. The most important things are spending time together, celebrating Mum's birthday, experiencing Orlando, enjoying the cruise, and making good memories as a family. Before the trip, we should hold a final planning meeting where everyone can review the itinerary, confirm their bookings, discuss what they want to do at each destination, and raise any concerns. A shared digital document or group chat could be used to keep everyone updated. The final itinerary should include all confirmed bookings as well as alternative options in case weather, transport problems, or other circumstances cause plans to change."
43,What should the family do if bad weather affects an excursion?,What should the family do if bad weather affects an excursion?,True,4,10,0.014925373134328358,,,False,"Transport needs to be planned for the entire holiday. The first journey will be from the airport to the Orlando hotel. We then need transport to Disney, Universal, restaurants, shopping areas, and eventually the cruise port. A rental car could provide flexibility but would introduce costs for the rental itself, fuel, parking, and insurance. Ride-sharing could be simpler for individual journeys, but multiple long journeys could become expensive. We should compare the estimated total cost of each option.

The cruise price should be broken down carefully. Some food and entertainment will probably be included, while speciality restaurants, premium drinks, certain activities, internet packages, excursions, and other services may cost extra. We should identify which optional costs are likely to apply to our family. A daily spending allowance for the cruise could help prevent unexpected expenses.

Excursions in Mexico and the Bahamas should have their own budget. Before booking, we should compare cruise excursions with independent tours and consider what is included in each price. An excursion advertised at a low price might exclude transportation, food, equipment, or entrance fees. We should calculate the full cost for the entire family before deciding."
44,What information should be included in the plan for each cruise port?,What information should be included in the plan for each cruise port?,True,26,1,0.032018442622950824,4,0.3436945974826813,False,"The cruise will stop at destinations in Mexico and the Bahamas. We want to have a different type of experience at each destination instead of simply visiting the same type of beach every time. In Mexico, we are interested in local culture, food, sightseeing, and possibly a guided excursion. In the Bahamas, the preference is for a more relaxed beach-focused day, although people may also want to snorkel, swim, shop, or explore the local area. We need to check the exact port times before booking anything because cruise ships have strict departure times. If we book an independent excursion, we need to make sure there is plenty of time to return to the ship.

There are a large number of practical details that need to be organised before the holiday. Flights need to be booked, accommodation in Orlando needs to be confirmed, and transport from the airport to the hotel and then from Orlando to the cruise port needs to be arranged. We also need to confirm the cruise booking, check passport requirements, purchase appropriate travel insurance, and make sure everyone has access to the booking information. It would be useful to create a shared itinerary containing flights, hotel information, cruise details, excursions, restaurant bookings, and important telephone numbers."
44,What information should be included in the plan for each cruise port?,What information should be included in the plan for each cruise port?,True,7,2,0.0315136476426799,1,0.4110877811908722,False,"The final itinerary should contain a day-by-day schedule with flights, accommodation, Orlando activities, transport, cruise information, port stops, excursions, birthday plans, and important contact information. However, it should not be so rigid that there is no room for spontaneous activities. The trip is ultimately a family celebration, so there should be plenty of time to relax, take photographs, enjoy meals together, and celebrate Mum's 60th birthday."
44,What information should be included in the plan for each cruise port?,What information should be included in the plan for each cruise port?,True,6,3,0.031054405392392875,5,0.31047531962394714,False,"A shared packing checklist should be created several weeks before departure. Important items will include passports, travel documents, phones, chargers, medication, comfortable shoes, swimwear, sun protection, appropriate clothing for the cruise, formal or smart clothing if required for dinner, and any birthday decorations that we decide to bring from home. We should avoid packing too much because there will be opportunities to shop in Orlando and potentially at the cruise destinations.

The final two weeks before the trip should be used for confirmation rather than major planning. Flights, hotels, cruise bookings, excursions, restaurant reservations, theme park tickets, and transport should all be checked. We should confirm the times and locations of any excursions and make sure everyone knows when they need to be ready.

A final family meeting could take place shortly before departure. During the meeting, we can review the full itinerary, confirm who is responsible for each booking, discuss the birthday surprise, and make sure everyone understands the plan. We should also agree on what to do if someone gets separated from the group or if a planned activity is cancelled."
44,What information should be included in the plan for each cruise port?,What information should be included in the plan for each cruise port?,True,27,4,0.03057889822595705,,,False,"The budget should be agreed before we start booking optional activities. The main expenses will include flights, Orlando accommodation, theme park tickets, transport, the cruise itself, food and drinks outside what is included in the cruise fare, excursions, shopping, travel insurance, and spending money. Mum's birthday celebration should have its own budget so that we can decide how much to spend on dinner, cake, decorations, and a present. Everyone should understand which costs are shared and which costs are personal. We should also keep some emergency money available in case transport costs more than expected or plans have to change.

The trip should be enjoyable for everyone, so the itinerary should not be completely packed. We should have a mixture of planned activities and free time. The most important things are spending time together, celebrating Mum's birthday, experiencing Orlando, enjoying the cruise, and making good memories as a family. Before the trip, we should hold a final planning meeting where everyone can review the itinerary, confirm their bookings, discuss what they want to do at each destination, and raise any concerns. A shared digital document or group chat could be used to keep everyone updated. The final itinerary should include all confirmed bookings as well as alternative options in case weather, transport problems, or other circumstances cause plans to change."
44,What information should be included in the plan for each cruise port?,What information should be included in the plan for each cruise port?,True,13,5,0.02967032967032967,2,0.36629557609558105,False,"The cruise stops in Mexico and the Bahamas are an important part of the trip because they give the family opportunities to experience places outside the cruise ship. We want each destination to feel different and would prefer to have a rough plan before travelling. At the same time, we do not want every hour to be scheduled because part of the appeal of a cruise is being able to relax and decide what to do once we arrive.

The Mexico stop should focus more on sightseeing, culture, food, and experiencing the local area. The exact activities will depend on which Mexican port the cruise visits. One option would be to book an organised excursion through the cruise company. This could involve visiting historical sites, exploring the town, taking a guided tour, or visiting a beach resort. An organised excursion would make transport easier and would reduce the risk of having problems getting back to the ship before departure.

Another possibility in Mexico would be arranging an independent excursion. This could give us more flexibility and potentially cost less than a cruise-organised tour. However, we would need to research the transport carefully and make sure the excursion does not take us too far from the port. We should also check the cancellation policy in case the ship arrives late or weather affects the excursion."
44,What information should be included in the plan for each cruise port?,What information should be included in the plan for each cruise port?,True,8,6,0.02877846790890269,,,False,"The cruise is the central part of the birthday holiday and will provide the main setting for the family celebration. After spending several days in Orlando, we will travel to the cruise port and board the ship. Before leaving Orlando, everyone should make sure they have their cruise documents, passports, medication if required, luggage, and any other important items. We should check the cruise company's boarding instructions carefully because there will be a specific arrival window and security process.

Once on board, everyone should take some time to explore the ship. The ship will probably have several restaurants, swimming pools, lounges, entertainment venues, shops, fitness facilities, and other activities. It would be useful to identify the main areas on the first day so that everyone knows where things are. We should also check the daily activity schedule because there may be events that require advance booking. Some activities will probably be included in the cruise fare, while others may have an additional cost."
44,What information should be included in the plan for each cruise port?,What information should be included in the plan for each cruise port?,True,4,7,0.01639344262295082,3,0.3646649420261383,False,"Transport needs to be planned for the entire holiday. The first journey will be from the airport to the Orlando hotel. We then need transport to Disney, Universal, restaurants, shopping areas, and eventually the cruise port. A rental car could provide flexibility but would introduce costs for the rental itself, fuel, parking, and insurance. Ride-sharing could be simpler for individual journeys, but multiple long journeys could become expensive. We should compare the estimated total cost of each option.

The cruise price should be broken down carefully. Some food and entertainment will probably be included, while speciality restaurants, premium drinks, certain activities, internet packages, excursions, and other services may cost extra. We should identify which optional costs are likely to apply to our family. A daily spending allowance for the cruise could help prevent unexpected expenses.

Excursions in Mexico and the Bahamas should have their own budget. Before booking, we should compare cruise excursions with independent tours and consider what is included in each price. An excursion advertised at a low price might exclude transportation, food, equipment, or entrance fees. We should calculate the full cost for the entire family before deciding."
44,What information should be included in the plan for each cruise port?,What information should be included in the plan for each cruise port?,True,11,8,0.015873015873015872,,,False,"The cruise stops in Mexico and the Bahamas will provide opportunities to leave the ship and explore the destinations. We need to keep track of the times when the ship is scheduled to arrive and depart. The ship will not wait for passengers who are late returning from an independent excursion, so we should always allow a substantial amount of extra time. For organised cruise excursions, the cruise company should provide instructions about when and where to meet.

We should also keep an eye on the weather. Weather could affect swimming, outdoor activities, and excursions. If the weather is poor, there should still be plenty to do on the ship, including restaurants, shows, indoor activities, and family games. The itinerary should therefore avoid relying too heavily on one particular activity.

The final evening of the cruise could be another opportunity for a family dinner and reflection on the trip. We could look through photographs taken during the holiday and choose some of the best ones to share with the family. Before leaving the ship, everyone should check their cabins carefully and make sure passports, phones, wallets, and other valuables are packed. Luggage arrangements should also be checked because cruise ships often require bags to be left outside the cabin before disembarkation."
44,What information should be included in the plan for each cruise port?,What information should be included in the plan for each cruise port?,True,22,9,0.015625,,,False,"At the end of the Orlando stay, we need to travel to the cruise port. The exact port and departure time will determine when we need to leave the hotel. We should build in plenty of extra time because traffic around Orlando and the cruise port could cause delays. If we have rented a car, we need to arrange its return before boarding the ship. If we use a transfer service, the booking should be confirmed a few days beforehand. We should also make sure that all luggage is labelled correctly and that everyone has their cruise documents easily accessible.

The Orlando itinerary should therefore balance major attractions with rest. A possible structure would be arrival and relaxation on the first day, Disney on the second day, Universal on the third day, and shopping or a relaxed activity before travelling to the cruise port. However, this should remain flexible depending on flight times, ticket prices, weather, and how everyone feels. The goal is to arrive at the cruise feeling excited rather than exhausted."
44,What information should be included in the plan for each cruise port?,What information should be included in the plan for each cruise port?,True,5,10,0.015151515151515152,,,False,"Mum's birthday should have a separate budget. We could allocate money for a special dinner, birthday cake, decorations, flowers, a present, and potentially a professional photograph. We should decide whether the family will contribute equally or whether some expenses will be shared differently. It would be useful to agree on this before the trip so there are no misunderstandings.

Travel insurance should be purchased for the entire trip rather than only the cruise. The policy should be checked carefully to understand what it covers, including medical expenses, cancellation, delays, lost luggage, and cruise-related issues. Everyone should have access to their insurance details and emergency contact information.

Before leaving the UK, everyone should check their passport. Passports need to meet the relevant entry requirements for the countries visited, and everyone should make sure their personal details match the bookings. We should also check any visa or travel authorisation requirements that apply to British or other passport holders in the group. Copies of important documents should be stored securely online as well as being available offline."
45,What documents should everyone check before leaving the UK?,What documents should everyone check before leaving the UK?,True,5,1,0.03278688524590164,1,0.9332426190376282,True,"Mum's birthday should have a separate budget. We could allocate money for a special dinner, birthday cake, decorations, flowers, a present, and potentially a professional photograph. We should decide whether the family will contribute equally or whether some expenses will be shared differently. It would be useful to agree on this before the trip so there are no misunderstandings.

Travel insurance should be purchased for the entire trip rather than only the cruise. The policy should be checked carefully to understand what it covers, including medical expenses, cancellation, delays, lost luggage, and cruise-related issues. Everyone should have access to their insurance details and emergency contact information.

Before leaving the UK, everyone should check their passport. Passports need to meet the relevant entry requirements for the countries visited, and everyone should make sure their personal details match the bookings. We should also check any visa or travel authorisation requirements that apply to British or other passport holders in the group. Copies of important documents should be stored securely online as well as being available offline."
45,What documents should everyone check before leaving the UK?,What documents should everyone check before leaving the UK?,True,11,2,0.031746031746031744,2,0.32088565826416016,False,"The cruise stops in Mexico and the Bahamas will provide opportunities to leave the ship and explore the destinations. We need to keep track of the times when the ship is scheduled to arrive and depart. The ship will not wait for passengers who are late returning from an independent excursion, so we should always allow a substantial amount of extra time. For organised cruise excursions, the cruise company should provide instructions about when and where to meet.

We should also keep an eye on the weather. Weather could affect swimming, outdoor activities, and excursions. If the weather is poor, there should still be plenty to do on the ship, including restaurants, shows, indoor activities, and family games. The itinerary should therefore avoid relying too heavily on one particular activity.

The final evening of the cruise could be another opportunity for a family dinner and reflection on the trip. We could look through photographs taken during the holiday and choose some of the best ones to share with the family. Before leaving the ship, everyone should check their cabins carefully and make sure passports, phones, wallets, and other valuables are packed. Luggage arrangements should also be checked because cruise ships often require bags to be left outside the cabin before disembarkation."
45,What documents should everyone check before leaving the UK?,What documents should everyone check before leaving the UK?,True,8,3,0.0315136476426799,4,0.25431954860687256,False,"The cruise is the central part of the birthday holiday and will provide the main setting for the family celebration. After spending several days in Orlando, we will travel to the cruise port and board the ship. Before leaving Orlando, everyone should make sure they have their cruise documents, passports, medication if required, luggage, and any other important items. We should check the cruise company's boarding instructions carefully because there will be a specific arrival window and security process.

Once on board, everyone should take some time to explore the ship. The ship will probably have several restaurants, swimming pools, lounges, entertainment venues, shops, fitness facilities, and other activities. It would be useful to identify the main areas on the first day so that everyone knows where things are. We should also check the daily activity schedule because there may be events that require advance booking. Some activities will probably be included in the cruise fare, while others may have an additional cost."
45,What documents should everyone check before leaving the UK?,What documents should everyone check before leaving the UK?,True,6,4,0.03128054740957967,3,0.30878445506095886,False,"A shared packing checklist should be created several weeks before departure. Important items will include passports, travel documents, phones, chargers, medication, comfortable shoes, swimwear, sun protection, appropriate clothing for the cruise, formal or smart clothing if required for dinner, and any birthday decorations that we decide to bring from home. We should avoid packing too much because there will be opportunities to shop in Orlando and potentially at the cruise destinations.

The final two weeks before the trip should be used for confirmation rather than major planning. Flights, hotels, cruise bookings, excursions, restaurant reservations, theme park tickets, and transport should all be checked. We should confirm the times and locations of any excursions and make sure everyone knows when they need to be ready.

A final family meeting could take place shortly before departure. During the meeting, we can review the full itinerary, confirm who is responsible for each booking, discuss the birthday surprise, and make sure everyone understands the plan. We should also agree on what to do if someone gets separated from the group or if a planned activity is cancelled."
45,What documents should everyone check before leaving the UK?,What documents should everyone check before leaving the UK?,True,15,5,0.029857397504456328,,,False,"Shopping could also be included in the Bahamas itinerary. Depending on the port, there may be markets and shops selling souvenirs, clothing, jewellery, food, and other items. We should decide in advance whether shopping is a major priority or simply something we will do if there is time. It would be sensible to leave enough room in the budget for souvenirs because family members may want to buy gifts.

We should compare cruise-organised excursions with independent excursions before making a decision. Cruise excursions are often more expensive, but they may provide more structured transport and reassurance about returning to the ship. Independent excursions can provide greater flexibility, but the responsibility for getting back to the ship falls on us. The decision should therefore consider not only price but also the length of the excursion, distance from the port, cancellation policies, and the needs of the family.

Safety and comfort should be considered for every excursion. Everyone should carry the essentials but avoid taking unnecessary valuables ashore. We should have a meeting point near the port in case members of the group become separated. Everyone should also know the ship's name and departure time. It would be useful for everyone to have a copy or screenshot of the day's schedule."
45,What documents should everyone check before leaving the UK?,What documents should everyone check before leaving the UK?,True,26,6,0.015625,,,False,"The cruise will stop at destinations in Mexico and the Bahamas. We want to have a different type of experience at each destination instead of simply visiting the same type of beach every time. In Mexico, we are interested in local culture, food, sightseeing, and possibly a guided excursion. In the Bahamas, the preference is for a more relaxed beach-focused day, although people may also want to snorkel, swim, shop, or explore the local area. We need to check the exact port times before booking anything because cruise ships have strict departure times. If we book an independent excursion, we need to make sure there is plenty of time to return to the ship.

There are a large number of practical details that need to be organised before the holiday. Flights need to be booked, accommodation in Orlando needs to be confirmed, and transport from the airport to the hotel and then from Orlando to the cruise port needs to be arranged. We also need to confirm the cruise booking, check passport requirements, purchase appropriate travel insurance, and make sure everyone has access to the booking information. It would be useful to create a shared itinerary containing flights, hotel information, cruise details, excursions, restaurant bookings, and important telephone numbers."
45,What documents should everyone check before leaving the UK?,What documents should everyone check before leaving the UK?,True,22,7,0.015625,,,False,"At the end of the Orlando stay, we need to travel to the cruise port. The exact port and departure time will determine when we need to leave the hotel. We should build in plenty of extra time because traffic around Orlando and the cruise port could cause delays. If we have rented a car, we need to arrange its return before boarding the ship. If we use a transfer service, the booking should be confirmed a few days beforehand. We should also make sure that all luggage is labelled correctly and that everyone has their cruise documents easily accessible.

The Orlando itinerary should therefore balance major attractions with rest. A possible structure would be arrival and relaxation on the first day, Disney on the second day, Universal on the third day, and shopping or a relaxed activity before travelling to the cruise port. However, this should remain flexible depending on flight times, ticket prices, weather, and how everyone feels. The goal is to arrive at the cruise feeling excited rather than exhausted."
45,What documents should everyone check before leaving the UK?,What documents should everyone check before leaving the UK?,True,18,8,0.015384615384615385,5,0.15254943072795868,False,"We plan to spend approximately three or four days in Orlando before boarding the cruise. The exact number of days will depend on flight prices, the cruise departure time, and how much time we want to spend at the theme parks. The main purpose of the Orlando section is to experience some of the city's famous attractions while still allowing everyone enough time to recover from the international flight. We do not want the first day to be overloaded with activities because everyone may be tired after travelling from the UK.

On arrival in Orlando, the first priority will be getting from the airport to the hotel. We need to compare the cost and convenience of a rental car, hotel shuttle, taxi, and ride-sharing services. If we rent a car, we need to consider parking costs at the hotel and theme parks as well as fuel and insurance. If we do not rent a car, we should check how easy it will be to get to the different attractions from our hotel. Ideally, the hotel should be reasonably central for the activities we plan to do and should have good transport options."
45,What documents should everyone check before leaving the UK?,What documents should everyone check before leaving the UK?,True,27,9,0.014925373134328358,,,False,"The budget should be agreed before we start booking optional activities. The main expenses will include flights, Orlando accommodation, theme park tickets, transport, the cruise itself, food and drinks outside what is included in the cruise fare, excursions, shopping, travel insurance, and spending money. Mum's birthday celebration should have its own budget so that we can decide how much to spend on dinner, cake, decorations, and a present. Everyone should understand which costs are shared and which costs are personal. We should also keep some emergency money available in case transport costs more than expected or plans have to change.

The trip should be enjoyable for everyone, so the itinerary should not be completely packed. We should have a mixture of planned activities and free time. The most important things are spending time together, celebrating Mum's birthday, experiencing Orlando, enjoying the cruise, and making good memories as a family. Before the trip, we should hold a final planning meeting where everyone can review the itinerary, confirm their bookings, discuss what they want to do at each destination, and raise any concerns. A shared digital document or group chat could be used to keep everyone updated. The final itinerary should include all confirmed bookings as well as alternative options in case weather, transport problems, or other circumstances cause plans to change."
45,What documents should everyone check before leaving the UK?,What documents should everyone check before leaving the UK?,True,9,10,0.014492753623188406,,,False,"Food will be one of the major parts of the cruise experience. There may be a main dining room, buffet, casual restaurants, speciality restaurants, cafes, and room service. We should check which options are included and which cost extra. Since this is a family birthday trip, it would be nice to have at least one special dinner where everyone sits together. We could choose one of the speciality restaurants if the cost is reasonable, or use the main dining room if we want a more traditional cruise experience.

Mum's 60th birthday should receive particular attention. We want to make the day feel different from the other days of the cruise. The first step is finding out whether the cruise company offers birthday packages. These could potentially include a cake, decorations, a special message, flowers, or a celebration arranged by the dining staff. We should contact the cruise company before travelling rather than assuming these services can be organised on the day.

A birthday dinner would probably be the main event. We could arrange for everyone to sit together, order a special meal, and have a birthday cake brought out at the end. It may also be possible to arrange decorations at the table or in Mum's cabin. Another idea is to organise a small surprise where the rest of the family knows the plan but Mum does not. We should be careful not to create an unnecessarily complicated surprise because the cruise schedule may change."
46,What should be included in the shared packing checklist?,What should be included in the shared packing checklist?,True,6,1,0.03278688524590164,1,0.9193607568740845,True,"A shared packing checklist should be created several weeks before departure. Important items will include passports, travel documents, phones, chargers, medication, comfortable shoes, swimwear, sun protection, appropriate clothing for the cruise, formal or smart clothing if required for dinner, and any birthday decorations that we decide to bring from home. We should avoid packing too much because there will be opportunities to shop in Orlando and potentially at the cruise destinations.

The final two weeks before the trip should be used for confirmation rather than major planning. Flights, hotels, cruise bookings, excursions, restaurant reservations, theme park tickets, and transport should all be checked. We should confirm the times and locations of any excursions and make sure everyone knows when they need to be ready.

A final family meeting could take place shortly before departure. During the meeting, we can review the full itinerary, confirm who is responsible for each booking, discuss the birthday surprise, and make sure everyone understands the plan. We should also agree on what to do if someone gets separated from the group or if a planned activity is cancelled."
46,What should be included in the shared packing checklist?,What should be included in the shared packing checklist?,True,27,2,0.031754032258064516,2,0.2724113464355469,False,"The budget should be agreed before we start booking optional activities. The main expenses will include flights, Orlando accommodation, theme park tickets, transport, the cruise itself, food and drinks outside what is included in the cruise fare, excursions, shopping, travel insurance, and spending money. Mum's birthday celebration should have its own budget so that we can decide how much to spend on dinner, cake, decorations, and a present. Everyone should understand which costs are shared and which costs are personal. We should also keep some emergency money available in case transport costs more than expected or plans have to change.

The trip should be enjoyable for everyone, so the itinerary should not be completely packed. We should have a mixture of planned activities and free time. The most important things are spending time together, celebrating Mum's birthday, experiencing Orlando, enjoying the cruise, and making good memories as a family. Before the trip, we should hold a final planning meeting where everyone can review the itinerary, confirm their bookings, discuss what they want to do at each destination, and raise any concerns. A shared digital document or group chat could be used to keep everyone updated. The final itinerary should include all confirmed bookings as well as alternative options in case weather, transport problems, or other circumstances cause plans to change."
46,What should be included in the shared packing checklist?,What should be included in the shared packing checklist?,True,5,3,0.03128054740957967,4,0.1329982727766037,False,"Mum's birthday should have a separate budget. We could allocate money for a special dinner, birthday cake, decorations, flowers, a present, and potentially a professional photograph. We should decide whether the family will contribute equally or whether some expenses will be shared differently. It would be useful to agree on this before the trip so there are no misunderstandings.

Travel insurance should be purchased for the entire trip rather than only the cruise. The policy should be checked carefully to understand what it covers, including medical expenses, cancellation, delays, lost luggage, and cruise-related issues. Everyone should have access to their insurance details and emergency contact information.

Before leaving the UK, everyone should check their passport. Passports need to meet the relevant entry requirements for the countries visited, and everyone should make sure their personal details match the bookings. We should also check any visa or travel authorisation requirements that apply to British or other passport holders in the group. Copies of important documents should be stored securely online as well as being available offline."
46,What should be included in the shared packing checklist?,What should be included in the shared packing checklist?,True,15,4,0.029857397504456328,5,0.06977604329586029,False,"Shopping could also be included in the Bahamas itinerary. Depending on the port, there may be markets and shops selling souvenirs, clothing, jewellery, food, and other items. We should decide in advance whether shopping is a major priority or simply something we will do if there is time. It would be sensible to leave enough room in the budget for souvenirs because family members may want to buy gifts.

We should compare cruise-organised excursions with independent excursions before making a decision. Cruise excursions are often more expensive, but they may provide more structured transport and reassurance about returning to the ship. Independent excursions can provide greater flexibility, but the responsibility for getting back to the ship falls on us. The decision should therefore consider not only price but also the length of the excursion, distance from the port, cancellation policies, and the needs of the family.

Safety and comfort should be considered for every excursion. Everyone should carry the essentials but avoid taking unnecessary valuables ashore. We should have a meeting point near the port in case members of the group become separated. Everyone should also know the ship's name and departure time. It would be useful for everyone to have a copy or screenshot of the day's schedule."
46,What should be included in the shared packing checklist?,What should be included in the shared packing checklist?,True,7,5,0.015873015873015872,,,False,"The final itinerary should contain a day-by-day schedule with flights, accommodation, Orlando activities, transport, cruise information, port stops, excursions, birthday plans, and important contact information. However, it should not be so rigid that there is no room for spontaneous activities. The trip is ultimately a family celebration, so there should be plenty of time to relax, take photographs, enjoy meals together, and celebrate Mum's 60th birthday."
46,What should be included in the shared packing checklist?,What should be included in the shared packing checklist?,True,11,6,0.015873015873015872,3,0.14260190725326538,False,"The cruise stops in Mexico and the Bahamas will provide opportunities to leave the ship and explore the destinations. We need to keep track of the times when the ship is scheduled to arrive and depart. The ship will not wait for passengers who are late returning from an independent excursion, so we should always allow a substantial amount of extra time. For organised cruise excursions, the cruise company should provide instructions about when and where to meet.

We should also keep an eye on the weather. Weather could affect swimming, outdoor activities, and excursions. If the weather is poor, there should still be plenty to do on the ship, including restaurants, shows, indoor activities, and family games. The itinerary should therefore avoid relying too heavily on one particular activity.

The final evening of the cruise could be another opportunity for a family dinner and reflection on the trip. We could look through photographs taken during the holiday and choose some of the best ones to share with the family. Before leaving the ship, everyone should check their cabins carefully and make sure passports, phones, wallets, and other valuables are packed. Luggage arrangements should also be checked because cruise ships often require bags to be left outside the cabin before disembarkation."
46,What should be included in the shared packing checklist?,What should be included in the shared packing checklist?,True,4,7,0.015625,,,False,"Transport needs to be planned for the entire holiday. The first journey will be from the airport to the Orlando hotel. We then need transport to Disney, Universal, restaurants, shopping areas, and eventually the cruise port. A rental car could provide flexibility but would introduce costs for the rental itself, fuel, parking, and insurance. Ride-sharing could be simpler for individual journeys, but multiple long journeys could become expensive. We should compare the estimated total cost of each option.

The cruise price should be broken down carefully. Some food and entertainment will probably be included, while speciality restaurants, premium drinks, certain activities, internet packages, excursions, and other services may cost extra. We should identify which optional costs are likely to apply to our family. A daily spending allowance for the cruise could help prevent unexpected expenses.

Excursions in Mexico and the Bahamas should have their own budget. Before booking, we should compare cruise excursions with independent tours and consider what is included in each price. An excursion advertised at a low price might exclude transportation, food, equipment, or entrance fees. We should calculate the full cost for the entire family before deciding."
46,What should be included in the shared packing checklist?,What should be included in the shared packing checklist?,True,20,8,0.015384615384615385,,,False,"If we visit Disney, we should decide in advance which attractions are priorities. It would be useful to make a short list of must-do rides and experiences rather than attempting to see everything. We should also plan where we want to eat because popular restaurants can require reservations. The group should arrange a meeting point in case people become separated, particularly because theme parks are large and busy. Everyone should carry their phone, but it would still be sensible to establish a clear meeting location and time.

The second major theme park day could be spent at Universal Orlando. Universal is particularly appealing to family members who enjoy rides and film-related attractions. We should look at the different areas of the park and decide whether we need a single-park or multi-park ticket. If the Harry Potter attractions are a priority, we need to consider whether a ticket allowing access to the relevant areas is necessary. We should also check whether an express pass is worthwhile based on expected crowds and the rides we want to experience."
46,What should be included in the shared packing checklist?,What should be included in the shared packing checklist?,True,24,9,0.015384615384615385,,,False,"The Orlando portion of the holiday will probably last around three or four days. We want to visit some of the biggest attractions without making the schedule so busy that everyone becomes exhausted before the cruise starts. Walt Disney World is one of the main priorities because Mum has always wanted to experience the Disney parks as part of a family trip. We also want to visit Universal Orlando, particularly because some members of the family are interested in the rides and attractions. We should leave at least one evening relatively free so that everyone can have dinner together and relax. Shopping may also be included, particularly if there are outlet malls close to our hotel. We need to decide whether renting a car is worthwhile or whether using taxis and ride-sharing services will be easier for a group of people."
46,What should be included in the shared packing checklist?,What should be included in the shared packing checklist?,True,19,10,0.014925373134328358,,,False,"The first evening should be relatively relaxed. After checking into the hotel, we could have dinner somewhere nearby and spend some time walking around the area or simply relaxing at the hotel. If everyone has enough energy, we could visit a shopping or entertainment area, but this should remain optional. We should avoid staying up too late because the next few days are likely to involve long periods at the theme parks. The first evening would also be a good opportunity to make sure everyone has their tickets, reservations, and transport arrangements ready.

One of the main priorities is visiting Walt Disney World. We need to decide which park we want to visit because there are several different Disney parks and it may not be realistic to visit all of them in one day. Magic Kingdom would provide the most traditional Disney experience, with the castle, classic attractions, and many of the characters and experiences people associate with Disney. EPCOT could be another option for the group because it combines rides with different international areas, restaurants, and cultural experiences. Hollywood Studios and Animal Kingdom are also possibilities, but trying to visit too many parks could make the day exhausting."
47,How many days are we planning to spend in Orlando?,How many days are we planning to spend in Orlando?,True,18,1,0.03252247488101534,1,0.8961153030395508,True,"We plan to spend approximately three or four days in Orlando before boarding the cruise. The exact number of days will depend on flight prices, the cruise departure time, and how much time we want to spend at the theme parks. The main purpose of the Orlando section is to experience some of the city's famous attractions while still allowing everyone enough time to recover from the international flight. We do not want the first day to be overloaded with activities because everyone may be tired after travelling from the UK.

On arrival in Orlando, the first priority will be getting from the airport to the hotel. We need to compare the cost and convenience of a rental car, hotel shuttle, taxi, and ride-sharing services. If we rent a car, we need to consider parking costs at the hotel and theme parks as well as fuel and insurance. If we do not rent a car, we should check how easy it will be to get to the different attractions from our hotel. Ideally, the hotel should be reasonably central for the activities we plan to do and should have good transport options."
47,How many days are we planning to spend in Orlando?,How many days are we planning to spend in Orlando?,True,23,2,0.03128054740957967,3,0.6197250485420227,False,"The main plan is to celebrate Mum’s 60th birthday with a special family holiday combining a few days in Orlando with a Caribbean cruise. The idea is to make the entire trip feel like one large birthday celebration rather than treating the cruise and Orlando as two completely separate holidays. We will fly from the UK to Orlando, spend several days exploring the city and visiting some of the major tourist attractions, and then travel to the cruise port to board the ship. After boarding, we will spend several days enjoying the facilities on the cruise ship and visiting different destinations in Mexico and the Bahamas. Once the cruise is finished, we will return to Orlando or travel directly to the airport depending on the cruise schedule and our flight arrangements."
47,How many days are we planning to spend in Orlando?,How many days are we planning to spend in Orlando?,True,21,3,0.03125763125763126,,,False,"We should not schedule every minute of the Universal day. Theme parks can become tiring, especially when the weather is hot. The group should take breaks for food and drinks and make sure everyone is comfortable. Mum's birthday is the reason for the trip, so we should make sure the theme park schedule is enjoyable for her rather than focusing entirely on the biggest rides. If some people want to spend several hours on more intense rides, other members of the family could have a more relaxed activity planned at the same time.

Shopping is another possible Orlando activity. There are several large outlet shopping centres where the group could spend a few hours looking for clothes, shoes, gifts, and other items. Shopping should probably be scheduled for an afternoon or evening rather than replacing one of the major attractions. We should also remember that anything bought in Orlando will need to fit into our luggage for the remainder of the trip, particularly because we will have to transport our bags to the cruise.

Food will be an important part of the Orlando experience. We should try a mixture of American restaurants and local or international food rather than eating at the theme parks for every meal. One evening could be used for a nicer family dinner to begin the birthday celebrations. We should research restaurants in advance if we want a particular location or type of food because popular restaurants can become busy."
47,How many days are we planning to spend in Orlando?,How many days are we planning to spend in Orlando?,True,2,4,0.03055037313432836,5,0.2282084822654724,False,"Planning the budget will be important because this holiday combines an international flight, several nights in Orlando, expensive theme park visits, a cruise, excursions, and a major birthday celebration. We should establish the approximate total budget before making too many optional bookings. The main costs will be flights, Orlando accommodation, transport, theme park tickets, cruise fares, food and drinks, excursions, travel insurance, birthday expenses, shopping, and general spending money.

Flights from the UK to Orlando will probably be one of the largest initial expenses. We should compare different airlines and flight times rather than looking only at the cheapest ticket. A cheaper flight that arrives at an inconvenient time could result in needing an additional hotel night or expensive transport. We should also consider baggage allowances because we will need luggage for both the Orlando part of the trip and the cruise. If the airline charges separately for checked bags, that should be included when comparing prices."
47,How many days are we planning to spend in Orlando?,How many days are we planning to spend in Orlando?,True,7,5,0.030117753623188408,,,False,"The final itinerary should contain a day-by-day schedule with flights, accommodation, Orlando activities, transport, cruise information, port stops, excursions, birthday plans, and important contact information. However, it should not be so rigid that there is no room for spontaneous activities. The trip is ultimately a family celebration, so there should be plenty of time to relax, take photographs, enjoy meals together, and celebrate Mum's 60th birthday."
47,How many days are we planning to spend in Orlando?,How many days are we planning to spend in Orlando?,True,19,6,0.029418126757516764,,,False,"The first evening should be relatively relaxed. After checking into the hotel, we could have dinner somewhere nearby and spend some time walking around the area or simply relaxing at the hotel. If everyone has enough energy, we could visit a shopping or entertainment area, but this should remain optional. We should avoid staying up too late because the next few days are likely to involve long periods at the theme parks. The first evening would also be a good opportunity to make sure everyone has their tickets, reservations, and transport arrangements ready.

One of the main priorities is visiting Walt Disney World. We need to decide which park we want to visit because there are several different Disney parks and it may not be realistic to visit all of them in one day. Magic Kingdom would provide the most traditional Disney experience, with the castle, classic attractions, and many of the characters and experiences people associate with Disney. EPCOT could be another option for the group because it combines rides with different international areas, restaurants, and cultural experiences. Hollywood Studios and Animal Kingdom are also possibilities, but trying to visit too many parks could make the day exhausting."
47,How many days are we planning to spend in Orlando?,How many days are we planning to spend in Orlando?,True,24,7,0.01639344262295082,2,0.7876867055892944,True,"The Orlando portion of the holiday will probably last around three or four days. We want to visit some of the biggest attractions without making the schedule so busy that everyone becomes exhausted before the cruise starts. Walt Disney World is one of the main priorities because Mum has always wanted to experience the Disney parks as part of a family trip. We also want to visit Universal Orlando, particularly because some members of the family are interested in the rides and attractions. We should leave at least one evening relatively free so that everyone can have dinner together and relax. Shopping may also be included, particularly if there are outlet malls close to our hotel. We need to decide whether renting a car is worthwhile or whether using taxis and ride-sharing services will be easier for a group of people."
47,How many days are we planning to spend in Orlando?,How many days are we planning to spend in Orlando?,True,22,8,0.015873015873015872,4,0.3961387872695923,False,"At the end of the Orlando stay, we need to travel to the cruise port. The exact port and departure time will determine when we need to leave the hotel. We should build in plenty of extra time because traffic around Orlando and the cruise port could cause delays. If we have rented a car, we need to arrange its return before boarding the ship. If we use a transfer service, the booking should be confirmed a few days beforehand. We should also make sure that all luggage is labelled correctly and that everyone has their cruise documents easily accessible.

The Orlando itinerary should therefore balance major attractions with rest. A possible structure would be arrival and relaxation on the first day, Disney on the second day, Universal on the third day, and shopping or a relaxed activity before travelling to the cruise port. However, this should remain flexible depending on flight times, ticket prices, weather, and how everyone feels. The goal is to arrive at the cruise feeling excited rather than exhausted."
47,How many days are we planning to spend in Orlando?,How many days are we planning to spend in Orlando?,True,27,9,0.015384615384615385,,,False,"The budget should be agreed before we start booking optional activities. The main expenses will include flights, Orlando accommodation, theme park tickets, transport, the cruise itself, food and drinks outside what is included in the cruise fare, excursions, shopping, travel insurance, and spending money. Mum's birthday celebration should have its own budget so that we can decide how much to spend on dinner, cake, decorations, and a present. Everyone should understand which costs are shared and which costs are personal. We should also keep some emergency money available in case transport costs more than expected or plans have to change.

The trip should be enjoyable for everyone, so the itinerary should not be completely packed. We should have a mixture of planned activities and free time. The most important things are spending time together, celebrating Mum's birthday, experiencing Orlando, enjoying the cruise, and making good memories as a family. Before the trip, we should hold a final planning meeting where everyone can review the itinerary, confirm their bookings, discuss what they want to do at each destination, and raise any concerns. A shared digital document or group chat could be used to keep everyone updated. The final itinerary should include all confirmed bookings as well as alternative options in case weather, transport problems, or other circumstances cause plans to change."
47,How many days are we planning to spend in Orlando?,How many days are we planning to spend in Orlando?,True,14,10,0.015151515151515152,,,False,"Food is another priority in Mexico. We would like to try authentic Mexican food rather than spending the entire day eating at tourist restaurants. We could research a few well-reviewed restaurants near the port and identify some dishes that the family would like to try. We should take into account dietary requirements and make sure that everyone knows what ingredients are likely to be included in unfamiliar dishes.

The family should also decide whether they want to spend part of the Mexico day at the beach. A beach could provide an opportunity to relax after several busy days in Orlando and on the ship. However, if we choose a beach excursion, we need to consider transport, changing facilities, food, sun protection, and how long it takes to get back to the ship. We should avoid booking a beach that is so far from the port that there is a significant risk of missing departure.

The Bahamas stop should probably be more relaxed. One of the main ideas is to spend time at a beautiful beach, swim, and enjoy the warm weather. Some people may want to snorkel or participate in another water activity. Others may simply want to sit on the beach, have lunch, and take photographs. We should not make everyone participate in the same activity, particularly if some family members are not comfortable with swimming or water sports."
48,What is the suggested structure for the Orlando itinerary?,What is the suggested structure for the Orlando itinerary?,True,22,1,0.03252247488101534,1,0.8780741691589355,True,"At the end of the Orlando stay, we need to travel to the cruise port. The exact port and departure time will determine when we need to leave the hotel. We should build in plenty of extra time because traffic around Orlando and the cruise port could cause delays. If we have rented a car, we need to arrange its return before boarding the ship. If we use a transfer service, the booking should be confirmed a few days beforehand. We should also make sure that all luggage is labelled correctly and that everyone has their cruise documents easily accessible.

The Orlando itinerary should therefore balance major attractions with rest. A possible structure would be arrival and relaxation on the first day, Disney on the second day, Universal on the third day, and shopping or a relaxed activity before travelling to the cruise port. However, this should remain flexible depending on flight times, ticket prices, weather, and how everyone feels. The goal is to arrive at the cruise feeling excited rather than exhausted."
48,What is the suggested structure for the Orlando itinerary?,What is the suggested structure for the Orlando itinerary?,True,7,2,0.031544957774465976,2,0.7269885540008545,False,"The final itinerary should contain a day-by-day schedule with flights, accommodation, Orlando activities, transport, cruise information, port stops, excursions, birthday plans, and important contact information. However, it should not be so rigid that there is no room for spontaneous activities. The trip is ultimately a family celebration, so there should be plenty of time to relax, take photographs, enjoy meals together, and celebrate Mum's 60th birthday."
48,What is the suggested structure for the Orlando itinerary?,What is the suggested structure for the Orlando itinerary?,True,27,3,0.0315136476426799,3,0.6188961863517761,False,"The budget should be agreed before we start booking optional activities. The main expenses will include flights, Orlando accommodation, theme park tickets, transport, the cruise itself, food and drinks outside what is included in the cruise fare, excursions, shopping, travel insurance, and spending money. Mum's birthday celebration should have its own budget so that we can decide how much to spend on dinner, cake, decorations, and a present. Everyone should understand which costs are shared and which costs are personal. We should also keep some emergency money available in case transport costs more than expected or plans have to change.

The trip should be enjoyable for everyone, so the itinerary should not be completely packed. We should have a mixture of planned activities and free time. The most important things are spending time together, celebrating Mum's birthday, experiencing Orlando, enjoying the cruise, and making good memories as a family. Before the trip, we should hold a final planning meeting where everyone can review the itinerary, confirm their bookings, discuss what they want to do at each destination, and raise any concerns. A shared digital document or group chat could be used to keep everyone updated. The final itinerary should include all confirmed bookings as well as alternative options in case weather, transport problems, or other circumstances cause plans to change."
48,What is the suggested structure for the Orlando itinerary?,What is the suggested structure for the Orlando itinerary?,True,26,4,0.030798389007344232,,,False,"The cruise will stop at destinations in Mexico and the Bahamas. We want to have a different type of experience at each destination instead of simply visiting the same type of beach every time. In Mexico, we are interested in local culture, food, sightseeing, and possibly a guided excursion. In the Bahamas, the preference is for a more relaxed beach-focused day, although people may also want to snorkel, swim, shop, or explore the local area. We need to check the exact port times before booking anything because cruise ships have strict departure times. If we book an independent excursion, we need to make sure there is plenty of time to return to the ship.

There are a large number of practical details that need to be organised before the holiday. Flights need to be booked, accommodation in Orlando needs to be confirmed, and transport from the airport to the hotel and then from Orlando to the cruise port needs to be arranged. We also need to confirm the cruise booking, check passport requirements, purchase appropriate travel insurance, and make sure everyone has access to the booking information. It would be useful to create a shared itinerary containing flights, hotel information, cruise details, excursions, restaurant bookings, and important telephone numbers."
48,What is the suggested structure for the Orlando itinerary?,What is the suggested structure for the Orlando itinerary?,True,18,5,0.029910714285714284,,,False,"We plan to spend approximately three or four days in Orlando before boarding the cruise. The exact number of days will depend on flight prices, the cruise departure time, and how much time we want to spend at the theme parks. The main purpose of the Orlando section is to experience some of the city's famous attractions while still allowing everyone enough time to recover from the international flight. We do not want the first day to be overloaded with activities because everyone may be tired after travelling from the UK.

On arrival in Orlando, the first priority will be getting from the airport to the hotel. We need to compare the cost and convenience of a rental car, hotel shuttle, taxi, and ride-sharing services. If we rent a car, we need to consider parking costs at the hotel and theme parks as well as fuel and insurance. If we do not rent a car, we should check how easy it will be to get to the different attractions from our hotel. Ideally, the hotel should be reasonably central for the activities we plan to do and should have good transport options."
48,What is the suggested structure for the Orlando itinerary?,What is the suggested structure for the Orlando itinerary?,True,23,6,0.029857397504456328,5,0.33024486899375916,False,"The main plan is to celebrate Mum’s 60th birthday with a special family holiday combining a few days in Orlando with a Caribbean cruise. The idea is to make the entire trip feel like one large birthday celebration rather than treating the cruise and Orlando as two completely separate holidays. We will fly from the UK to Orlando, spend several days exploring the city and visiting some of the major tourist attractions, and then travel to the cruise port to board the ship. After boarding, we will spend several days enjoying the facilities on the cruise ship and visiting different destinations in Mexico and the Bahamas. Once the cruise is finished, we will return to Orlando or travel directly to the airport depending on the cruise schedule and our flight arrangements."
48,What is the suggested structure for the Orlando itinerary?,What is the suggested structure for the Orlando itinerary?,True,2,7,0.029418126757516764,,,False,"Planning the budget will be important because this holiday combines an international flight, several nights in Orlando, expensive theme park visits, a cruise, excursions, and a major birthday celebration. We should establish the approximate total budget before making too many optional bookings. The main costs will be flights, Orlando accommodation, transport, theme park tickets, cruise fares, food and drinks, excursions, travel insurance, birthday expenses, shopping, and general spending money.

Flights from the UK to Orlando will probably be one of the largest initial expenses. We should compare different airlines and flight times rather than looking only at the cheapest ticket. A cheaper flight that arrives at an inconvenient time could result in needing an additional hotel night or expensive transport. We should also consider baggage allowances because we will need luggage for both the Orlando part of the trip and the cruise. If the airline charges separately for checked bags, that should be included when comparing prices."
48,What is the suggested structure for the Orlando itinerary?,What is the suggested structure for the Orlando itinerary?,True,21,8,0.02919863597612958,,,False,"We should not schedule every minute of the Universal day. Theme parks can become tiring, especially when the weather is hot. The group should take breaks for food and drinks and make sure everyone is comfortable. Mum's birthday is the reason for the trip, so we should make sure the theme park schedule is enjoyable for her rather than focusing entirely on the biggest rides. If some people want to spend several hours on more intense rides, other members of the family could have a more relaxed activity planned at the same time.

Shopping is another possible Orlando activity. There are several large outlet shopping centres where the group could spend a few hours looking for clothes, shoes, gifts, and other items. Shopping should probably be scheduled for an afternoon or evening rather than replacing one of the major attractions. We should also remember that anything bought in Orlando will need to fit into our luggage for the remainder of the trip, particularly because we will have to transport our bags to the cruise.

Food will be an important part of the Orlando experience. We should try a mixture of American restaurants and local or international food rather than eating at the theme parks for every meal. One evening could be used for a nicer family dinner to begin the birthday celebrations. We should research restaurants in advance if we want a particular location or type of food because popular restaurants can become busy."
48,What is the suggested structure for the Orlando itinerary?,What is the suggested structure for the Orlando itinerary?,True,24,9,0.015873015873015872,4,0.3942481577396393,False,"The Orlando portion of the holiday will probably last around three or four days. We want to visit some of the biggest attractions without making the schedule so busy that everyone becomes exhausted before the cruise starts. Walt Disney World is one of the main priorities because Mum has always wanted to experience the Disney parks as part of a family trip. We also want to visit Universal Orlando, particularly because some members of the family are interested in the rides and attractions. We should leave at least one evening relatively free so that everyone can have dinner together and relax. Shopping may also be included, particularly if there are outlet malls close to our hotel. We need to decide whether renting a car is worthwhile or whether using taxis and ride-sharing services will be easier for a group of people."
48,What is the suggested structure for the Orlando itinerary?,What is the suggested structure for the Orlando itinerary?,True,15,10,0.015625,,,False,"Shopping could also be included in the Bahamas itinerary. Depending on the port, there may be markets and shops selling souvenirs, clothing, jewellery, food, and other items. We should decide in advance whether shopping is a major priority or simply something we will do if there is time. It would be sensible to leave enough room in the budget for souvenirs because family members may want to buy gifts.

We should compare cruise-organised excursions with independent excursions before making a decision. Cruise excursions are often more expensive, but they may provide more structured transport and reassurance about returning to the ship. Independent excursions can provide greater flexibility, but the responsibility for getting back to the ship falls on us. The decision should therefore consider not only price but also the length of the excursion, distance from the port, cancellation policies, and the needs of the family.

Safety and comfort should be considered for every excursion. Everyone should carry the essentials but avoid taking unnecessary valuables ashore. We should have a meeting point near the port in case members of the group become separated. Everyone should also know the ship's name and departure time. It would be useful for everyone to have a copy or screenshot of the day's schedule."
49,What should happen on the first evening in Orlando?,What should happen on the first evening in Orlando?,True,19,1,0.032266458495966696,1,0.8335554003715515,True,"The first evening should be relatively relaxed. After checking into the hotel, we could have dinner somewhere nearby and spend some time walking around the area or simply relaxing at the hotel. If everyone has enough energy, we could visit a shopping or entertainment area, but this should remain optional. We should avoid staying up too late because the next few days are likely to involve long periods at the theme parks. The first evening would also be a good opportunity to make sure everyone has their tickets, reservations, and transport arrangements ready.

One of the main priorities is visiting Walt Disney World. We need to decide which park we want to visit because there are several different Disney parks and it may not be realistic to visit all of them in one day. Magic Kingdom would provide the most traditional Disney experience, with the castle, classic attractions, and many of the characters and experiences people associate with Disney. EPCOT could be another option for the group because it combines rides with different international areas, restaurants, and cultural experiences. Hollywood Studios and Animal Kingdom are also possibilities, but trying to visit too many parks could make the day exhausting."
49,What should happen on the first evening in Orlando?,What should happen on the first evening in Orlando?,True,18,2,0.03200204813108039,,,False,"We plan to spend approximately three or four days in Orlando before boarding the cruise. The exact number of days will depend on flight prices, the cruise departure time, and how much time we want to spend at the theme parks. The main purpose of the Orlando section is to experience some of the city's famous attractions while still allowing everyone enough time to recover from the international flight. We do not want the first day to be overloaded with activities because everyone may be tired after travelling from the UK.

On arrival in Orlando, the first priority will be getting from the airport to the hotel. We need to compare the cost and convenience of a rental car, hotel shuttle, taxi, and ride-sharing services. If we rent a car, we need to consider parking costs at the hotel and theme parks as well as fuel and insurance. If we do not rent a car, we should check how easy it will be to get to the different attractions from our hotel. Ideally, the hotel should be reasonably central for the activities we plan to do and should have good transport options."
49,What should happen on the first evening in Orlando?,What should happen on the first evening in Orlando?,True,21,3,0.03177805800756621,3,0.5229093432426453,False,"We should not schedule every minute of the Universal day. Theme parks can become tiring, especially when the weather is hot. The group should take breaks for food and drinks and make sure everyone is comfortable. Mum's birthday is the reason for the trip, so we should make sure the theme park schedule is enjoyable for her rather than focusing entirely on the biggest rides. If some people want to spend several hours on more intense rides, other members of the family could have a more relaxed activity planned at the same time.

Shopping is another possible Orlando activity. There are several large outlet shopping centres where the group could spend a few hours looking for clothes, shoes, gifts, and other items. Shopping should probably be scheduled for an afternoon or evening rather than replacing one of the major attractions. We should also remember that anything bought in Orlando will need to fit into our luggage for the remainder of the trip, particularly because we will have to transport our bags to the cruise.

Food will be an important part of the Orlando experience. We should try a mixture of American restaurants and local or international food rather than eating at the theme parks for every meal. One evening could be used for a nicer family dinner to begin the birthday celebrations. We should research restaurants in advance if we want a particular location or type of food because popular restaurants can become busy."
49,What should happen on the first evening in Orlando?,What should happen on the first evening in Orlando?,True,22,4,0.031754032258064516,2,0.5755169987678528,False,"At the end of the Orlando stay, we need to travel to the cruise port. The exact port and departure time will determine when we need to leave the hotel. We should build in plenty of extra time because traffic around Orlando and the cruise port could cause delays. If we have rented a car, we need to arrange its return before boarding the ship. If we use a transfer service, the booking should be confirmed a few days beforehand. We should also make sure that all luggage is labelled correctly and that everyone has their cruise documents easily accessible.

The Orlando itinerary should therefore balance major attractions with rest. A possible structure would be arrival and relaxation on the first day, Disney on the second day, Universal on the third day, and shopping or a relaxed activity before travelling to the cruise port. However, this should remain flexible depending on flight times, ticket prices, weather, and how everyone feels. The goal is to arrive at the cruise feeling excited rather than exhausted."
49,What should happen on the first evening in Orlando?,What should happen on the first evening in Orlando?,True,24,5,0.030776515151515152,4,0.45318982005119324,False,"The Orlando portion of the holiday will probably last around three or four days. We want to visit some of the biggest attractions without making the schedule so busy that everyone becomes exhausted before the cruise starts. Walt Disney World is one of the main priorities because Mum has always wanted to experience the Disney parks as part of a family trip. We also want to visit Universal Orlando, particularly because some members of the family are interested in the rides and attractions. We should leave at least one evening relatively free so that everyone can have dinner together and relax. Shopping may also be included, particularly if there are outlet malls close to our hotel. We need to decide whether renting a car is worthwhile or whether using taxis and ride-sharing services will be easier for a group of people."
49,What should happen on the first evening in Orlando?,What should happen on the first evening in Orlando?,True,8,6,0.030309988518943745,5,0.36087238788604736,False,"The cruise is the central part of the birthday holiday and will provide the main setting for the family celebration. After spending several days in Orlando, we will travel to the cruise port and board the ship. Before leaving Orlando, everyone should make sure they have their cruise documents, passports, medication if required, luggage, and any other important items. We should check the cruise company's boarding instructions carefully because there will be a specific arrival window and security process.

Once on board, everyone should take some time to explore the ship. The ship will probably have several restaurants, swimming pools, lounges, entertainment venues, shops, fitness facilities, and other activities. It would be useful to identify the main areas on the first day so that everyone knows where things are. We should also check the daily activity schedule because there may be events that require advance booking. Some activities will probably be included in the cruise fare, while others may have an additional cost."
49,What should happen on the first evening in Orlando?,What should happen on the first evening in Orlando?,True,23,7,0.029411764705882353,,,False,"The main plan is to celebrate Mum’s 60th birthday with a special family holiday combining a few days in Orlando with a Caribbean cruise. The idea is to make the entire trip feel like one large birthday celebration rather than treating the cruise and Orlando as two completely separate holidays. We will fly from the UK to Orlando, spend several days exploring the city and visiting some of the major tourist attractions, and then travel to the cruise port to board the ship. After boarding, we will spend several days enjoying the facilities on the cruise ship and visiting different destinations in Mexico and the Bahamas. Once the cruise is finished, we will return to Orlando or travel directly to the airport depending on the cruise schedule and our flight arrangements."
49,What should happen on the first evening in Orlando?,What should happen on the first evening in Orlando?,True,7,8,0.015151515151515152,,,False,"The final itinerary should contain a day-by-day schedule with flights, accommodation, Orlando activities, transport, cruise information, port stops, excursions, birthday plans, and important contact information. However, it should not be so rigid that there is no room for spontaneous activities. The trip is ultimately a family celebration, so there should be plenty of time to relax, take photographs, enjoy meals together, and celebrate Mum's 60th birthday."
49,What should happen on the first evening in Orlando?,What should happen on the first evening in Orlando?,True,4,9,0.014925373134328358,,,False,"Transport needs to be planned for the entire holiday. The first journey will be from the airport to the Orlando hotel. We then need transport to Disney, Universal, restaurants, shopping areas, and eventually the cruise port. A rental car could provide flexibility but would introduce costs for the rental itself, fuel, parking, and insurance. Ride-sharing could be simpler for individual journeys, but multiple long journeys could become expensive. We should compare the estimated total cost of each option.

The cruise price should be broken down carefully. Some food and entertainment will probably be included, while speciality restaurants, premium drinks, certain activities, internet packages, excursions, and other services may cost extra. We should identify which optional costs are likely to apply to our family. A daily spending allowance for the cruise could help prevent unexpected expenses.

Excursions in Mexico and the Bahamas should have their own budget. Before booking, we should compare cruise excursions with independent tours and consider what is included in each price. An excursion advertised at a low price might exclude transportation, food, equipment, or entrance fees. We should calculate the full cost for the entire family before deciding."
49,What should happen on the first evening in Orlando?,What should happen on the first evening in Orlando?,True,6,10,0.014492753623188406,,,False,"A shared packing checklist should be created several weeks before departure. Important items will include passports, travel documents, phones, chargers, medication, comfortable shoes, swimwear, sun protection, appropriate clothing for the cruise, formal or smart clothing if required for dinner, and any birthday decorations that we decide to bring from home. We should avoid packing too much because there will be opportunities to shop in Orlando and potentially at the cruise destinations.

The final two weeks before the trip should be used for confirmation rather than major planning. Flights, hotels, cruise bookings, excursions, restaurant reservations, theme park tickets, and transport should all be checked. We should confirm the times and locations of any excursions and make sure everyone knows when they need to be ready.

A final family meeting could take place shortly before departure. During the meeting, we can review the full itinerary, confirm who is responsible for each booking, discuss the birthday surprise, and make sure everyone understands the plan. We should also agree on what to do if someone gets separated from the group or if a planned activity is cancelled."
50,Why should the first day in Orlando not be overloaded with activities?,Why should the first day in Orlando not be overloaded with activities?,True,18,1,0.03278688524590164,1,0.915816605091095,True,"We plan to spend approximately three or four days in Orlando before boarding the cruise. The exact number of days will depend on flight prices, the cruise departure time, and how much time we want to spend at the theme parks. The main purpose of the Orlando section is to experience some of the city's famous attractions while still allowing everyone enough time to recover from the international flight. We do not want the first day to be overloaded with activities because everyone may be tired after travelling from the UK.

On arrival in Orlando, the first priority will be getting from the airport to the hotel. We need to compare the cost and convenience of a rental car, hotel shuttle, taxi, and ride-sharing services. If we rent a car, we need to consider parking costs at the hotel and theme parks as well as fuel and insurance. If we do not rent a car, we should check how easy it will be to get to the different attractions from our hotel. Ideally, the hotel should be reasonably central for the activities we plan to do and should have good transport options."
50,Why should the first day in Orlando not be overloaded with activities?,Why should the first day in Orlando not be overloaded with activities?,True,21,2,0.03149801587301587,,,False,"We should not schedule every minute of the Universal day. Theme parks can become tiring, especially when the weather is hot. The group should take breaks for food and drinks and make sure everyone is comfortable. Mum's birthday is the reason for the trip, so we should make sure the theme park schedule is enjoyable for her rather than focusing entirely on the biggest rides. If some people want to spend several hours on more intense rides, other members of the family could have a more relaxed activity planned at the same time.

Shopping is another possible Orlando activity. There are several large outlet shopping centres where the group could spend a few hours looking for clothes, shoes, gifts, and other items. Shopping should probably be scheduled for an afternoon or evening rather than replacing one of the major attractions. We should also remember that anything bought in Orlando will need to fit into our luggage for the remainder of the trip, particularly because we will have to transport our bags to the cruise.

Food will be an important part of the Orlando experience. We should try a mixture of American restaurants and local or international food rather than eating at the theme parks for every meal. One evening could be used for a nicer family dinner to begin the birthday celebrations. We should research restaurants in advance if we want a particular location or type of food because popular restaurants can become busy."
50,Why should the first day in Orlando not be overloaded with activities?,Why should the first day in Orlando not be overloaded with activities?,True,22,3,0.03125763125763126,3,0.7386883497238159,False,"At the end of the Orlando stay, we need to travel to the cruise port. The exact port and departure time will determine when we need to leave the hotel. We should build in plenty of extra time because traffic around Orlando and the cruise port could cause delays. If we have rented a car, we need to arrange its return before boarding the ship. If we use a transfer service, the booking should be confirmed a few days beforehand. We should also make sure that all luggage is labelled correctly and that everyone has their cruise documents easily accessible.

The Orlando itinerary should therefore balance major attractions with rest. A possible structure would be arrival and relaxation on the first day, Disney on the second day, Universal on the third day, and shopping or a relaxed activity before travelling to the cruise port. However, this should remain flexible depending on flight times, ticket prices, weather, and how everyone feels. The goal is to arrive at the cruise feeling excited rather than exhausted."
50,Why should the first day in Orlando not be overloaded with activities?,Why should the first day in Orlando not be overloaded with activities?,True,8,4,0.030834914611005692,5,0.6263304352760315,False,"The cruise is the central part of the birthday holiday and will provide the main setting for the family celebration. After spending several days in Orlando, we will travel to the cruise port and board the ship. Before leaving Orlando, everyone should make sure they have their cruise documents, passports, medication if required, luggage, and any other important items. We should check the cruise company's boarding instructions carefully because there will be a specific arrival window and security process.

Once on board, everyone should take some time to explore the ship. The ship will probably have several restaurants, swimming pools, lounges, entertainment venues, shops, fitness facilities, and other activities. It would be useful to identify the main areas on the first day so that everyone knows where things are. We should also check the daily activity schedule because there may be events that require advance booking. Some activities will probably be included in the cruise fare, while others may have an additional cost."
50,Why should the first day in Orlando not be overloaded with activities?,Why should the first day in Orlando not be overloaded with activities?,True,7,5,0.030776515151515152,4,0.6565046906471252,False,"The final itinerary should contain a day-by-day schedule with flights, accommodation, Orlando activities, transport, cruise information, port stops, excursions, birthday plans, and important contact information. However, it should not be so rigid that there is no room for spontaneous activities. The trip is ultimately a family celebration, so there should be plenty of time to relax, take photographs, enjoy meals together, and celebrate Mum's 60th birthday."
50,Why should the first day in Orlando not be overloaded with activities?,Why should the first day in Orlando not be overloaded with activities?,True,3,6,0.029211087420042643,,,False,"Accommodation in Orlando should be chosen based on location, price, facilities, and transport options. Staying closer to the theme parks could reduce travel time but may cost more. A hotel with a swimming pool and breakfast could be useful because it would give everyone somewhere to relax between activities. We should also check parking charges if we decide to rent a car. Resort fees and other additional hotel charges should be included in the final calculation rather than looking only at the advertised nightly rate.

Theme park tickets are another major expense. We need to decide which parks we are actually going to visit before buying tickets. Buying access to more parks than we can realistically visit would waste money. We should compare single-day tickets with multi-day or combination tickets and check whether there are any restrictions on dates. If we want to use express or fast-access options at Universal or similar services at Disney, these costs need to be added to the budget."
50,Why should the first day in Orlando not be overloaded with activities?,Why should the first day in Orlando not be overloaded with activities?,True,24,7,0.016129032258064516,,,False,"The Orlando portion of the holiday will probably last around three or four days. We want to visit some of the biggest attractions without making the schedule so busy that everyone becomes exhausted before the cruise starts. Walt Disney World is one of the main priorities because Mum has always wanted to experience the Disney parks as part of a family trip. We also want to visit Universal Orlando, particularly because some members of the family are interested in the rides and attractions. We should leave at least one evening relatively free so that everyone can have dinner together and relax. Shopping may also be included, particularly if there are outlet malls close to our hotel. We need to decide whether renting a car is worthwhile or whether using taxis and ride-sharing services will be easier for a group of people."
50,Why should the first day in Orlando not be overloaded with activities?,Why should the first day in Orlando not be overloaded with activities?,True,14,8,0.015384615384615385,,,False,"Food is another priority in Mexico. We would like to try authentic Mexican food rather than spending the entire day eating at tourist restaurants. We could research a few well-reviewed restaurants near the port and identify some dishes that the family would like to try. We should take into account dietary requirements and make sure that everyone knows what ingredients are likely to be included in unfamiliar dishes.

The family should also decide whether they want to spend part of the Mexico day at the beach. A beach could provide an opportunity to relax after several busy days in Orlando and on the ship. However, if we choose a beach excursion, we need to consider transport, changing facilities, food, sun protection, and how long it takes to get back to the ship. We should avoid booking a beach that is so far from the port that there is a significant risk of missing departure.

The Bahamas stop should probably be more relaxed. One of the main ideas is to spend time at a beautiful beach, swim, and enjoy the warm weather. Some people may want to snorkel or participate in another water activity. Others may simply want to sit on the beach, have lunch, and take photographs. We should not make everyone participate in the same activity, particularly if some family members are not comfortable with swimming or water sports."
50,Why should the first day in Orlando not be overloaded with activities?,Why should the first day in Orlando not be overloaded with activities?,True,19,9,0.015151515151515152,2,0.7542100548744202,False,"The first evening should be relatively relaxed. After checking into the hotel, we could have dinner somewhere nearby and spend some time walking around the area or simply relaxing at the hotel. If everyone has enough energy, we could visit a shopping or entertainment area, but this should remain optional. We should avoid staying up too late because the next few days are likely to involve long periods at the theme parks. The first evening would also be a good opportunity to make sure everyone has their tickets, reservations, and transport arrangements ready.

One of the main priorities is visiting Walt Disney World. We need to decide which park we want to visit because there are several different Disney parks and it may not be realistic to visit all of them in one day. Magic Kingdom would provide the most traditional Disney experience, with the castle, classic attractions, and many of the characters and experiences people associate with Disney. EPCOT could be another option for the group because it combines rides with different international areas, restaurants, and cultural experiences. Hollywood Studios and Animal Kingdom are also possibilities, but trying to visit too many parks could make the day exhausting."
50,Why should the first day in Orlando not be overloaded with activities?,Why should the first day in Orlando not be overloaded with activities?,True,20,10,0.014925373134328358,,,False,"If we visit Disney, we should decide in advance which attractions are priorities. It would be useful to make a short list of must-do rides and experiences rather than attempting to see everything. We should also plan where we want to eat because popular restaurants can require reservations. The group should arrange a meeting point in case people become separated, particularly because theme parks are large and busy. Everyone should carry their phone, but it would still be sensible to establish a clear meeting location and time.

The second major theme park day could be spent at Universal Orlando. Universal is particularly appealing to family members who enjoy rides and film-related attractions. We should look at the different areas of the park and decide whether we need a single-park or multi-park ticket. If the Harry Potter attractions are a priority, we need to consider whether a ticket allowing access to the relevant areas is necessary. We should also check whether an express pass is worthwhile based on expected crowds and the rides we want to experience."
51,What should be checked during the final two weeks before the trip?,What should be checked during the final two weeks before the trip?,True,6,1,0.03278688524590164,1,0.9291903972625732,True,"A shared packing checklist should be created several weeks before departure. Important items will include passports, travel documents, phones, chargers, medication, comfortable shoes, swimwear, sun protection, appropriate clothing for the cruise, formal or smart clothing if required for dinner, and any birthday decorations that we decide to bring from home. We should avoid packing too much because there will be opportunities to shop in Orlando and potentially at the cruise destinations.

The final two weeks before the trip should be used for confirmation rather than major planning. Flights, hotels, cruise bookings, excursions, restaurant reservations, theme park tickets, and transport should all be checked. We should confirm the times and locations of any excursions and make sure everyone knows when they need to be ready.

A final family meeting could take place shortly before departure. During the meeting, we can review the full itinerary, confirm who is responsible for each booking, discuss the birthday surprise, and make sure everyone understands the plan. We should also agree on what to do if someone gets separated from the group or if a planned activity is cancelled."
51,What should be checked during the final two weeks before the trip?,What should be checked during the final two weeks before the trip?,True,11,2,0.03225806451612903,4,0.35669365525245667,False,"The cruise stops in Mexico and the Bahamas will provide opportunities to leave the ship and explore the destinations. We need to keep track of the times when the ship is scheduled to arrive and depart. The ship will not wait for passengers who are late returning from an independent excursion, so we should always allow a substantial amount of extra time. For organised cruise excursions, the cruise company should provide instructions about when and where to meet.

We should also keep an eye on the weather. Weather could affect swimming, outdoor activities, and excursions. If the weather is poor, there should still be plenty to do on the ship, including restaurants, shows, indoor activities, and family games. The itinerary should therefore avoid relying too heavily on one particular activity.

The final evening of the cruise could be another opportunity for a family dinner and reflection on the trip. We could look through photographs taken during the holiday and choose some of the best ones to share with the family. Before leaving the ship, everyone should check their cabins carefully and make sure passports, phones, wallets, and other valuables are packed. Luggage arrangements should also be checked because cruise ships often require bags to be left outside the cabin before disembarkation."
51,What should be checked during the final two weeks before the trip?,What should be checked during the final two weeks before the trip?,True,5,3,0.031024531024531024,2,0.6752727627754211,False,"Mum's birthday should have a separate budget. We could allocate money for a special dinner, birthday cake, decorations, flowers, a present, and potentially a professional photograph. We should decide whether the family will contribute equally or whether some expenses will be shared differently. It would be useful to agree on this before the trip so there are no misunderstandings.

Travel insurance should be purchased for the entire trip rather than only the cruise. The policy should be checked carefully to understand what it covers, including medical expenses, cancellation, delays, lost luggage, and cruise-related issues. Everyone should have access to their insurance details and emergency contact information.

Before leaving the UK, everyone should check their passport. Passports need to meet the relevant entry requirements for the countries visited, and everyone should make sure their personal details match the bookings. We should also check any visa or travel authorisation requirements that apply to British or other passport holders in the group. Copies of important documents should be stored securely online as well as being available offline."
51,What should be checked during the final two weeks before the trip?,What should be checked during the final two weeks before the trip?,True,27,4,0.030117753623188408,5,0.33705130219459534,False,"The budget should be agreed before we start booking optional activities. The main expenses will include flights, Orlando accommodation, theme park tickets, transport, the cruise itself, food and drinks outside what is included in the cruise fare, excursions, shopping, travel insurance, and spending money. Mum's birthday celebration should have its own budget so that we can decide how much to spend on dinner, cake, decorations, and a present. Everyone should understand which costs are shared and which costs are personal. We should also keep some emergency money available in case transport costs more than expected or plans have to change.

The trip should be enjoyable for everyone, so the itinerary should not be completely packed. We should have a mixture of planned activities and free time. The most important things are spending time together, celebrating Mum's birthday, experiencing Orlando, enjoying the cruise, and making good memories as a family. Before the trip, we should hold a final planning meeting where everyone can review the itinerary, confirm their bookings, discuss what they want to do at each destination, and raise any concerns. A shared digital document or group chat could be used to keep everyone updated. The final itinerary should include all confirmed bookings as well as alternative options in case weather, transport problems, or other circumstances cause plans to change."
51,What should be checked during the final two weeks before the trip?,What should be checked during the final two weeks before the trip?,True,7,5,0.029877369007803793,3,0.389430969953537,False,"The final itinerary should contain a day-by-day schedule with flights, accommodation, Orlando activities, transport, cruise information, port stops, excursions, birthday plans, and important contact information. However, it should not be so rigid that there is no room for spontaneous activities. The trip is ultimately a family celebration, so there should be plenty of time to relax, take photographs, enjoy meals together, and celebrate Mum's 60th birthday."
51,What should be checked during the final two weeks before the trip?,What should be checked during the final two weeks before the trip?,True,26,6,0.015873015873015872,,,False,"The cruise will stop at destinations in Mexico and the Bahamas. We want to have a different type of experience at each destination instead of simply visiting the same type of beach every time. In Mexico, we are interested in local culture, food, sightseeing, and possibly a guided excursion. In the Bahamas, the preference is for a more relaxed beach-focused day, although people may also want to snorkel, swim, shop, or explore the local area. We need to check the exact port times before booking anything because cruise ships have strict departure times. If we book an independent excursion, we need to make sure there is plenty of time to return to the ship.

There are a large number of practical details that need to be organised before the holiday. Flights need to be booked, accommodation in Orlando needs to be confirmed, and transport from the airport to the hotel and then from Orlando to the cruise port needs to be arranged. We also need to confirm the cruise booking, check passport requirements, purchase appropriate travel insurance, and make sure everyone has access to the booking information. It would be useful to create a shared itinerary containing flights, hotel information, cruise details, excursions, restaurant bookings, and important telephone numbers."
51,What should be checked during the final two weeks before the trip?,What should be checked during the final two weeks before the trip?,True,22,7,0.015625,,,False,"At the end of the Orlando stay, we need to travel to the cruise port. The exact port and departure time will determine when we need to leave the hotel. We should build in plenty of extra time because traffic around Orlando and the cruise port could cause delays. If we have rented a car, we need to arrange its return before boarding the ship. If we use a transfer service, the booking should be confirmed a few days beforehand. We should also make sure that all luggage is labelled correctly and that everyone has their cruise documents easily accessible.

The Orlando itinerary should therefore balance major attractions with rest. A possible structure would be arrival and relaxation on the first day, Disney on the second day, Universal on the third day, and shopping or a relaxed activity before travelling to the cruise port. However, this should remain flexible depending on flight times, ticket prices, weather, and how everyone feels. The goal is to arrive at the cruise feeling excited rather than exhausted."
51,What should be checked during the final two weeks before the trip?,What should be checked during the final two weeks before the trip?,True,3,8,0.015384615384615385,,,False,"Accommodation in Orlando should be chosen based on location, price, facilities, and transport options. Staying closer to the theme parks could reduce travel time but may cost more. A hotel with a swimming pool and breakfast could be useful because it would give everyone somewhere to relax between activities. We should also check parking charges if we decide to rent a car. Resort fees and other additional hotel charges should be included in the final calculation rather than looking only at the advertised nightly rate.

Theme park tickets are another major expense. We need to decide which parks we are actually going to visit before buying tickets. Buying access to more parks than we can realistically visit would waste money. We should compare single-day tickets with multi-day or combination tickets and check whether there are any restrictions on dates. If we want to use express or fast-access options at Universal or similar services at Disney, these costs need to be added to the budget."
51,What should be checked during the final two weeks before the trip?,What should be checked during the final two weeks before the trip?,True,9,9,0.015151515151515152,,,False,"Food will be one of the major parts of the cruise experience. There may be a main dining room, buffet, casual restaurants, speciality restaurants, cafes, and room service. We should check which options are included and which cost extra. Since this is a family birthday trip, it would be nice to have at least one special dinner where everyone sits together. We could choose one of the speciality restaurants if the cost is reasonable, or use the main dining room if we want a more traditional cruise experience.

Mum's 60th birthday should receive particular attention. We want to make the day feel different from the other days of the cruise. The first step is finding out whether the cruise company offers birthday packages. These could potentially include a cake, decorations, a special message, flowers, or a celebration arranged by the dining staff. We should contact the cruise company before travelling rather than assuming these services can be organised on the day.

A birthday dinner would probably be the main event. We could arrange for everyone to sit together, order a special meal, and have a birthday cake brought out at the end. It may also be possible to arrange decorations at the table or in Mum's cabin. Another idea is to organise a small surprise where the rest of the family knows the plan but Mum does not. We should be careful not to create an unnecessarily complicated surprise because the cruise schedule may change."
51,What should be checked during the final two weeks before the trip?,What should be checked during the final two weeks before the trip?,True,16,10,0.014925373134328358,,,False,"Weather could significantly affect both destinations. If heavy rain or storms are expected, outdoor excursions may need to be cancelled or replaced. We should avoid paying for non-refundable activities too far in advance unless the cancellation terms are reasonable. If a beach day is cancelled, the family can spend more time on the ship or choose a shorter indoor activity near the port.

For each port, we should create a simple plan containing the arrival time, all-aboard time, main activity, meeting point, transport arrangements, expected cost, and backup activity. This will make it easier for everyone to understand what is happening without requiring one person to organise everything on the day.

The overall aim is for the Mexico and Bahamas stops to complement the cruise rather than becoming stressful. Mexico can provide more opportunities for culture, food, and sightseeing, while the Bahamas can focus more on beaches and relaxation. Both destinations should give us plenty of opportunities to take photographs and create memories for Mum's birthday trip."
52,How could we balance visiting Disney and Universal with having enough time to rest?,How could we balance visiting Disney and Universal with having enough time to rest?,True,20,1,0.032018442622950824,3,0.44622981548309326,False,"If we visit Disney, we should decide in advance which attractions are priorities. It would be useful to make a short list of must-do rides and experiences rather than attempting to see everything. We should also plan where we want to eat because popular restaurants can require reservations. The group should arrange a meeting point in case people become separated, particularly because theme parks are large and busy. Everyone should carry their phone, but it would still be sensible to establish a clear meeting location and time.

The second major theme park day could be spent at Universal Orlando. Universal is particularly appealing to family members who enjoy rides and film-related attractions. We should look at the different areas of the park and decide whether we need a single-park or multi-park ticket. If the Harry Potter attractions are a priority, we need to consider whether a ticket allowing access to the relevant areas is necessary. We should also check whether an express pass is worthwhile based on expected crowds and the rides we want to experience."
52,How could we balance visiting Disney and Universal with having enough time to rest?,How could we balance visiting Disney and Universal with having enough time to rest?,True,19,2,0.03200204813108039,4,0.3831108808517456,True,"The first evening should be relatively relaxed. After checking into the hotel, we could have dinner somewhere nearby and spend some time walking around the area or simply relaxing at the hotel. If everyone has enough energy, we could visit a shopping or entertainment area, but this should remain optional. We should avoid staying up too late because the next few days are likely to involve long periods at the theme parks. The first evening would also be a good opportunity to make sure everyone has their tickets, reservations, and transport arrangements ready.

One of the main priorities is visiting Walt Disney World. We need to decide which park we want to visit because there are several different Disney parks and it may not be realistic to visit all of them in one day. Magic Kingdom would provide the most traditional Disney experience, with the castle, classic attractions, and many of the characters and experiences people associate with Disney. EPCOT could be another option for the group because it combines rides with different international areas, restaurants, and cultural experiences. Hollywood Studios and Animal Kingdom are also possibilities, but trying to visit too many parks could make the day exhausting."
52,How could we balance visiting Disney and Universal with having enough time to rest?,How could we balance visiting Disney and Universal with having enough time to rest?,True,22,3,0.03131881575727918,1,0.7341390252113342,True,"At the end of the Orlando stay, we need to travel to the cruise port. The exact port and departure time will determine when we need to leave the hotel. We should build in plenty of extra time because traffic around Orlando and the cruise port could cause delays. If we have rented a car, we need to arrange its return before boarding the ship. If we use a transfer service, the booking should be confirmed a few days beforehand. We should also make sure that all luggage is labelled correctly and that everyone has their cruise documents easily accessible.

The Orlando itinerary should therefore balance major attractions with rest. A possible structure would be arrival and relaxation on the first day, Disney on the second day, Universal on the third day, and shopping or a relaxed activity before travelling to the cruise port. However, this should remain flexible depending on flight times, ticket prices, weather, and how everyone feels. The goal is to arrive at the cruise feeling excited rather than exhausted."
52,How could we balance visiting Disney and Universal with having enough time to rest?,How could we balance visiting Disney and Universal with having enough time to rest?,True,3,4,0.031024531024531024,5,0.3768300712108612,False,"Accommodation in Orlando should be chosen based on location, price, facilities, and transport options. Staying closer to the theme parks could reduce travel time but may cost more. A hotel with a swimming pool and breakfast could be useful because it would give everyone somewhere to relax between activities. We should also check parking charges if we decide to rent a car. Resort fees and other additional hotel charges should be included in the final calculation rather than looking only at the advertised nightly rate.

Theme park tickets are another major expense. We need to decide which parks we are actually going to visit before buying tickets. Buying access to more parks than we can realistically visit would waste money. We should compare single-day tickets with multi-day or combination tickets and check whether there are any restrictions on dates. If we want to use express or fast-access options at Universal or similar services at Disney, these costs need to be added to the budget."
52,How could we balance visiting Disney and Universal with having enough time to rest?,How could we balance visiting Disney and Universal with having enough time to rest?,True,21,5,0.030834914611005692,,,True,"We should not schedule every minute of the Universal day. Theme parks can become tiring, especially when the weather is hot. The group should take breaks for food and drinks and make sure everyone is comfortable. Mum's birthday is the reason for the trip, so we should make sure the theme park schedule is enjoyable for her rather than focusing entirely on the biggest rides. If some people want to spend several hours on more intense rides, other members of the family could have a more relaxed activity planned at the same time.

Shopping is another possible Orlando activity. There are several large outlet shopping centres where the group could spend a few hours looking for clothes, shoes, gifts, and other items. Shopping should probably be scheduled for an afternoon or evening rather than replacing one of the major attractions. We should also remember that anything bought in Orlando will need to fit into our luggage for the remainder of the trip, particularly because we will have to transport our bags to the cruise.

Food will be an important part of the Orlando experience. We should try a mixture of American restaurants and local or international food rather than eating at the theme parks for every meal. One evening could be used for a nicer family dinner to begin the birthday celebrations. We should research restaurants in advance if we want a particular location or type of food because popular restaurants can become busy."
52,How could we balance visiting Disney and Universal with having enough time to rest?,How could we balance visiting Disney and Universal with having enough time to rest?,True,24,6,0.030776515151515152,2,0.5646032691001892,True,"The Orlando portion of the holiday will probably last around three or four days. We want to visit some of the biggest attractions without making the schedule so busy that everyone becomes exhausted before the cruise starts. Walt Disney World is one of the main priorities because Mum has always wanted to experience the Disney parks as part of a family trip. We also want to visit Universal Orlando, particularly because some members of the family are interested in the rides and attractions. We should leave at least one evening relatively free so that everyone can have dinner together and relax. Shopping may also be included, particularly if there are outlet malls close to our hotel. We need to decide whether renting a car is worthwhile or whether using taxis and ride-sharing services will be easier for a group of people."
52,How could we balance visiting Disney and Universal with having enough time to rest?,How could we balance visiting Disney and Universal with having enough time to rest?,True,7,7,0.015384615384615385,,,False,"The final itinerary should contain a day-by-day schedule with flights, accommodation, Orlando activities, transport, cruise information, port stops, excursions, birthday plans, and important contact information. However, it should not be so rigid that there is no room for spontaneous activities. The trip is ultimately a family celebration, so there should be plenty of time to relax, take photographs, enjoy meals together, and celebrate Mum's 60th birthday."
52,How could we balance visiting Disney and Universal with having enough time to rest?,How could we balance visiting Disney and Universal with having enough time to rest?,True,13,8,0.015384615384615385,,,False,"The cruise stops in Mexico and the Bahamas are an important part of the trip because they give the family opportunities to experience places outside the cruise ship. We want each destination to feel different and would prefer to have a rough plan before travelling. At the same time, we do not want every hour to be scheduled because part of the appeal of a cruise is being able to relax and decide what to do once we arrive.

The Mexico stop should focus more on sightseeing, culture, food, and experiencing the local area. The exact activities will depend on which Mexican port the cruise visits. One option would be to book an organised excursion through the cruise company. This could involve visiting historical sites, exploring the town, taking a guided tour, or visiting a beach resort. An organised excursion would make transport easier and would reduce the risk of having problems getting back to the ship before departure.

Another possibility in Mexico would be arranging an independent excursion. This could give us more flexibility and potentially cost less than a cruise-organised tour. However, we would need to research the transport carefully and make sure the excursion does not take us too far from the port. We should also check the cancellation policy in case the ship arrives late or weather affects the excursion."
52,How could we balance visiting Disney and Universal with having enough time to rest?,How could we balance visiting Disney and Universal with having enough time to rest?,True,4,9,0.014925373134328358,,,False,"Transport needs to be planned for the entire holiday. The first journey will be from the airport to the Orlando hotel. We then need transport to Disney, Universal, restaurants, shopping areas, and eventually the cruise port. A rental car could provide flexibility but would introduce costs for the rental itself, fuel, parking, and insurance. Ride-sharing could be simpler for individual journeys, but multiple long journeys could become expensive. We should compare the estimated total cost of each option.

The cruise price should be broken down carefully. Some food and entertainment will probably be included, while speciality restaurants, premium drinks, certain activities, internet packages, excursions, and other services may cost extra. We should identify which optional costs are likely to apply to our family. A daily spending allowance for the cruise could help prevent unexpected expenses.

Excursions in Mexico and the Bahamas should have their own budget. Before booking, we should compare cruise excursions with independent tours and consider what is included in each price. An excursion advertised at a low price might exclude transportation, food, equipment, or entrance fees. We should calculate the full cost for the entire family before deciding."
52,How could we balance visiting Disney and Universal with having enough time to rest?,How could we balance visiting Disney and Universal with having enough time to rest?,True,18,10,0.014705882352941176,,,False,"We plan to spend approximately three or four days in Orlando before boarding the cruise. The exact number of days will depend on flight prices, the cruise departure time, and how much time we want to spend at the theme parks. The main purpose of the Orlando section is to experience some of the city's famous attractions while still allowing everyone enough time to recover from the international flight. We do not want the first day to be overloaded with activities because everyone may be tired after travelling from the UK.

On arrival in Orlando, the first priority will be getting from the airport to the hotel. We need to compare the cost and convenience of a rental car, hotel shuttle, taxi, and ride-sharing services. If we rent a car, we need to consider parking costs at the hotel and theme parks as well as fuel and insurance. If we do not rent a car, we should check how easy it will be to get to the different attractions from our hotel. Ideally, the hotel should be reasonably central for the activities we plan to do and should have good transport options."
53,How should we decide between a cruise excursion and an independent excursion?,How should we decide between a cruise excursion and an independent excursion?,True,15,1,0.03278688524590164,1,0.9262038469314575,True,"Shopping could also be included in the Bahamas itinerary. Depending on the port, there may be markets and shops selling souvenirs, clothing, jewellery, food, and other items. We should decide in advance whether shopping is a major priority or simply something we will do if there is time. It would be sensible to leave enough room in the budget for souvenirs because family members may want to buy gifts.

We should compare cruise-organised excursions with independent excursions before making a decision. Cruise excursions are often more expensive, but they may provide more structured transport and reassurance about returning to the ship. Independent excursions can provide greater flexibility, but the responsibility for getting back to the ship falls on us. The decision should therefore consider not only price but also the length of the excursion, distance from the port, cancellation policies, and the needs of the family.

Safety and comfort should be considered for every excursion. Everyone should carry the essentials but avoid taking unnecessary valuables ashore. We should have a meeting point near the port in case members of the group become separated. Everyone should also know the ship's name and departure time. It would be useful for everyone to have a copy or screenshot of the day's schedule."
53,How should we decide between a cruise excursion and an independent excursion?,How should we decide between a cruise excursion and an independent excursion?,True,26,2,0.031754032258064516,2,0.8194462060928345,False,"The cruise will stop at destinations in Mexico and the Bahamas. We want to have a different type of experience at each destination instead of simply visiting the same type of beach every time. In Mexico, we are interested in local culture, food, sightseeing, and possibly a guided excursion. In the Bahamas, the preference is for a more relaxed beach-focused day, although people may also want to snorkel, swim, shop, or explore the local area. We need to check the exact port times before booking anything because cruise ships have strict departure times. If we book an independent excursion, we need to make sure there is plenty of time to return to the ship.

There are a large number of practical details that need to be organised before the holiday. Flights need to be booked, accommodation in Orlando needs to be confirmed, and transport from the airport to the hotel and then from Orlando to the cruise port needs to be arranged. We also need to confirm the cruise booking, check passport requirements, purchase appropriate travel insurance, and make sure everyone has access to the booking information. It would be useful to create a shared itinerary containing flights, hotel information, cruise details, excursions, restaurant bookings, and important telephone numbers."
53,How should we decide between a cruise excursion and an independent excursion?,How should we decide between a cruise excursion and an independent excursion?,True,4,3,0.031746031746031744,3,0.7872945070266724,True,"Transport needs to be planned for the entire holiday. The first journey will be from the airport to the Orlando hotel. We then need transport to Disney, Universal, restaurants, shopping areas, and eventually the cruise port. A rental car could provide flexibility but would introduce costs for the rental itself, fuel, parking, and insurance. Ride-sharing could be simpler for individual journeys, but multiple long journeys could become expensive. We should compare the estimated total cost of each option.

The cruise price should be broken down carefully. Some food and entertainment will probably be included, while speciality restaurants, premium drinks, certain activities, internet packages, excursions, and other services may cost extra. We should identify which optional costs are likely to apply to our family. A daily spending allowance for the cruise could help prevent unexpected expenses.

Excursions in Mexico and the Bahamas should have their own budget. Before booking, we should compare cruise excursions with independent tours and consider what is included in each price. An excursion advertised at a low price might exclude transportation, food, equipment, or entrance fees. We should calculate the full cost for the entire family before deciding."
53,How should we decide between a cruise excursion and an independent excursion?,How should we decide between a cruise excursion and an independent excursion?,True,13,4,0.0315136476426799,5,0.7077487111091614,True,"The cruise stops in Mexico and the Bahamas are an important part of the trip because they give the family opportunities to experience places outside the cruise ship. We want each destination to feel different and would prefer to have a rough plan before travelling. At the same time, we do not want every hour to be scheduled because part of the appeal of a cruise is being able to relax and decide what to do once we arrive.

The Mexico stop should focus more on sightseeing, culture, food, and experiencing the local area. The exact activities will depend on which Mexican port the cruise visits. One option would be to book an organised excursion through the cruise company. This could involve visiting historical sites, exploring the town, taking a guided tour, or visiting a beach resort. An organised excursion would make transport easier and would reduce the risk of having problems getting back to the ship before departure.

Another possibility in Mexico would be arranging an independent excursion. This could give us more flexibility and potentially cost less than a cruise-organised tour. However, we would need to research the transport carefully and make sure the excursion does not take us too far from the port. We should also check the cancellation policy in case the ship arrives late or weather affects the excursion."
53,How should we decide between a cruise excursion and an independent excursion?,How should we decide between a cruise excursion and an independent excursion?,True,11,5,0.031009615384615385,4,0.7251238822937012,False,"The cruise stops in Mexico and the Bahamas will provide opportunities to leave the ship and explore the destinations. We need to keep track of the times when the ship is scheduled to arrive and depart. The ship will not wait for passengers who are late returning from an independent excursion, so we should always allow a substantial amount of extra time. For organised cruise excursions, the cruise company should provide instructions about when and where to meet.

We should also keep an eye on the weather. Weather could affect swimming, outdoor activities, and excursions. If the weather is poor, there should still be plenty to do on the ship, including restaurants, shows, indoor activities, and family games. The itinerary should therefore avoid relying too heavily on one particular activity.

The final evening of the cruise could be another opportunity for a family dinner and reflection on the trip. We could look through photographs taken during the holiday and choose some of the best ones to share with the family. Before leaving the ship, everyone should check their cabins carefully and make sure passports, phones, wallets, and other valuables are packed. Luggage arrangements should also be checked because cruise ships often require bags to be left outside the cabin before disembarkation."
53,How should we decide between a cruise excursion and an independent excursion?,How should we decide between a cruise excursion and an independent excursion?,True,27,6,0.029418126757516764,,,False,"The budget should be agreed before we start booking optional activities. The main expenses will include flights, Orlando accommodation, theme park tickets, transport, the cruise itself, food and drinks outside what is included in the cruise fare, excursions, shopping, travel insurance, and spending money. Mum's birthday celebration should have its own budget so that we can decide how much to spend on dinner, cake, decorations, and a present. Everyone should understand which costs are shared and which costs are personal. We should also keep some emergency money available in case transport costs more than expected or plans have to change.

The trip should be enjoyable for everyone, so the itinerary should not be completely packed. We should have a mixture of planned activities and free time. The most important things are spending time together, celebrating Mum's birthday, experiencing Orlando, enjoying the cruise, and making good memories as a family. Before the trip, we should hold a final planning meeting where everyone can review the itinerary, confirm their bookings, discuss what they want to do at each destination, and raise any concerns. A shared digital document or group chat could be used to keep everyone updated. The final itinerary should include all confirmed bookings as well as alternative options in case weather, transport problems, or other circumstances cause plans to change."
53,How should we decide between a cruise excursion and an independent excursion?,How should we decide between a cruise excursion and an independent excursion?,True,10,7,0.029411764705882353,,,False,"Photography should also be an important part of the celebration. We should take family photographs throughout the cruise rather than relying entirely on one birthday photo. The ship is likely to have several scenic locations that would make good backgrounds, particularly in the evening. We could also arrange one more formal family photograph on the birthday itself. If the cruise company offers professional photography, we can consider whether the packages represent good value.

There should also be time for everyone to enjoy the cruise independently. Some family members may want to spend time around the swimming pool, while others might prefer the gym, live entertainment, bars, games, or other activities. It would be unrealistic to expect everyone to do everything together for the entire trip. We should identify a few activities that everyone wants to experience together and allow people to choose their own activities at other times.

The evenings could be used for entertainment. The ship may have live music, comedy, theatre shows, dancing, quizzes, and other performances. We should look at the daily schedule each morning and decide whether there are any shows that the whole family wants to attend. Some shows may require reservations, so these should be booked early. If Mum enjoys dancing or live music, one evening could be dedicated to going to one of the ship's entertainment venues together."
53,How should we decide between a cruise excursion and an independent excursion?,How should we decide between a cruise excursion and an independent excursion?,True,5,8,0.015151515151515152,,,False,"Mum's birthday should have a separate budget. We could allocate money for a special dinner, birthday cake, decorations, flowers, a present, and potentially a professional photograph. We should decide whether the family will contribute equally or whether some expenses will be shared differently. It would be useful to agree on this before the trip so there are no misunderstandings.

Travel insurance should be purchased for the entire trip rather than only the cruise. The policy should be checked carefully to understand what it covers, including medical expenses, cancellation, delays, lost luggage, and cruise-related issues. Everyone should have access to their insurance details and emergency contact information.

Before leaving the UK, everyone should check their passport. Passports need to meet the relevant entry requirements for the countries visited, and everyone should make sure their personal details match the bookings. We should also check any visa or travel authorisation requirements that apply to British or other passport holders in the group. Copies of important documents should be stored securely online as well as being available offline."
53,How should we decide between a cruise excursion and an independent excursion?,How should we decide between a cruise excursion and an independent excursion?,True,6,9,0.015151515151515152,,,False,"A shared packing checklist should be created several weeks before departure. Important items will include passports, travel documents, phones, chargers, medication, comfortable shoes, swimwear, sun protection, appropriate clothing for the cruise, formal or smart clothing if required for dinner, and any birthday decorations that we decide to bring from home. We should avoid packing too much because there will be opportunities to shop in Orlando and potentially at the cruise destinations.

The final two weeks before the trip should be used for confirmation rather than major planning. Flights, hotels, cruise bookings, excursions, restaurant reservations, theme park tickets, and transport should all be checked. We should confirm the times and locations of any excursions and make sure everyone knows when they need to be ready.

A final family meeting could take place shortly before departure. During the meeting, we can review the full itinerary, confirm who is responsible for each booking, discuss the birthday surprise, and make sure everyone understands the plan. We should also agree on what to do if someone gets separated from the group or if a planned activity is cancelled."
53,How should we decide between a cruise excursion and an independent excursion?,How should we decide between a cruise excursion and an independent excursion?,True,25,10,0.014925373134328358,,,False,"The cruise will be the centrepiece of the holiday. We want to spend plenty of time enjoying the ship rather than treating it simply as transportation between destinations. There should be several restaurants, swimming pools, entertainment venues, bars, live shows, and organised activities available. Some family members may want to spend time by the pool, while others may prefer to attend shows, use the gym, explore the ship, or participate in organised activities. We should look at the cruise schedule before travelling and identify activities that need to be booked in advance. It would also be useful to identify restaurants or experiences that have additional charges so that we can decide what is worth paying for.

Mum's 60th birthday needs to be the main focus of the trip. We want to arrange at least one proper birthday celebration, ideally on the cruise because the ship will provide a memorable setting. A special dinner with the whole family would be one possibility, followed by a birthday cake and drinks. We could also arrange decorations in the cabin or dining area and organise a surprise if the cruise company offers a birthday package. Another possibility would be to arrange a special excursion on or around her birthday, depending on where the ship is located that day. We should find out the exact birthday date in relation to the cruise itinerary before making any reservations."
54,How can we make Mum's birthday feel special without making the itinerary too complicated?,How can we make Mum's birthday feel special without making the itinerary too complicated?,True,25,1,0.03252247488101534,,,True,"The cruise will be the centrepiece of the holiday. We want to spend plenty of time enjoying the ship rather than treating it simply as transportation between destinations. There should be several restaurants, swimming pools, entertainment venues, bars, live shows, and organised activities available. Some family members may want to spend time by the pool, while others may prefer to attend shows, use the gym, explore the ship, or participate in organised activities. We should look at the cruise schedule before travelling and identify activities that need to be booked in advance. It would also be useful to identify restaurants or experiences that have additional charges so that we can decide what is worth paying for.

Mum's 60th birthday needs to be the main focus of the trip. We want to arrange at least one proper birthday celebration, ideally on the cruise because the ship will provide a memorable setting. A special dinner with the whole family would be one possibility, followed by a birthday cake and drinks. We could also arrange decorations in the cabin or dining area and organise a surprise if the cruise company offers a birthday package. Another possibility would be to arrange a special excursion on or around her birthday, depending on where the ship is located that day. We should find out the exact birthday date in relation to the cruise itinerary before making any reservations."
54,How can we make Mum's birthday feel special without making the itinerary too complicated?,How can we make Mum's birthday feel special without making the itinerary too complicated?,True,9,2,0.032018442622950824,1,0.8635875582695007,True,"Food will be one of the major parts of the cruise experience. There may be a main dining room, buffet, casual restaurants, speciality restaurants, cafes, and room service. We should check which options are included and which cost extra. Since this is a family birthday trip, it would be nice to have at least one special dinner where everyone sits together. We could choose one of the speciality restaurants if the cost is reasonable, or use the main dining room if we want a more traditional cruise experience.

Mum's 60th birthday should receive particular attention. We want to make the day feel different from the other days of the cruise. The first step is finding out whether the cruise company offers birthday packages. These could potentially include a cake, decorations, a special message, flowers, or a celebration arranged by the dining staff. We should contact the cruise company before travelling rather than assuming these services can be organised on the day.

A birthday dinner would probably be the main event. We could arrange for everyone to sit together, order a special meal, and have a birthday cake brought out at the end. It may also be possible to arrange decorations at the table or in Mum's cabin. Another idea is to organise a small surprise where the rest of the family knows the plan but Mum does not. We should be careful not to create an unnecessarily complicated surprise because the cruise schedule may change."
54,How can we make Mum's birthday feel special without making the itinerary too complicated?,How can we make Mum's birthday feel special without making the itinerary too complicated?,True,27,3,0.03125763125763126,2,0.8242501616477966,False,"The budget should be agreed before we start booking optional activities. The main expenses will include flights, Orlando accommodation, theme park tickets, transport, the cruise itself, food and drinks outside what is included in the cruise fare, excursions, shopping, travel insurance, and spending money. Mum's birthday celebration should have its own budget so that we can decide how much to spend on dinner, cake, decorations, and a present. Everyone should understand which costs are shared and which costs are personal. We should also keep some emergency money available in case transport costs more than expected or plans have to change.

The trip should be enjoyable for everyone, so the itinerary should not be completely packed. We should have a mixture of planned activities and free time. The most important things are spending time together, celebrating Mum's birthday, experiencing Orlando, enjoying the cruise, and making good memories as a family. Before the trip, we should hold a final planning meeting where everyone can review the itinerary, confirm their bookings, discuss what they want to do at each destination, and raise any concerns. A shared digital document or group chat could be used to keep everyone updated. The final itinerary should include all confirmed bookings as well as alternative options in case weather, transport problems, or other circumstances cause plans to change."
54,How can we make Mum's birthday feel special without making the itinerary too complicated?,How can we make Mum's birthday feel special without making the itinerary too complicated?,True,12,4,0.0304147465437788,,,False,"Overall, the cruise should combine relaxation, entertainment, family time, and the birthday celebration. The most important part is ensuring that Mum feels that the entire holiday has been organised around celebrating her 60th birthday while still allowing everyone else to enjoy the experience."
54,How can we make Mum's birthday feel special without making the itinerary too complicated?,How can we make Mum's birthday feel special without making the itinerary too complicated?,True,21,5,0.03036576949620428,,,False,"We should not schedule every minute of the Universal day. Theme parks can become tiring, especially when the weather is hot. The group should take breaks for food and drinks and make sure everyone is comfortable. Mum's birthday is the reason for the trip, so we should make sure the theme park schedule is enjoyable for her rather than focusing entirely on the biggest rides. If some people want to spend several hours on more intense rides, other members of the family could have a more relaxed activity planned at the same time.

Shopping is another possible Orlando activity. There are several large outlet shopping centres where the group could spend a few hours looking for clothes, shoes, gifts, and other items. Shopping should probably be scheduled for an afternoon or evening rather than replacing one of the major attractions. We should also remember that anything bought in Orlando will need to fit into our luggage for the remainder of the trip, particularly because we will have to transport our bags to the cruise.

Food will be an important part of the Orlando experience. We should try a mixture of American restaurants and local or international food rather than eating at the theme parks for every meal. One evening could be used for a nicer family dinner to begin the birthday celebrations. We should research restaurants in advance if we want a particular location or type of food because popular restaurants can become busy."
54,How can we make Mum's birthday feel special without making the itinerary too complicated?,How can we make Mum's birthday feel special without making the itinerary too complicated?,True,5,6,0.030090497737556562,4,0.7990196347236633,False,"Mum's birthday should have a separate budget. We could allocate money for a special dinner, birthday cake, decorations, flowers, a present, and potentially a professional photograph. We should decide whether the family will contribute equally or whether some expenses will be shared differently. It would be useful to agree on this before the trip so there are no misunderstandings.

Travel insurance should be purchased for the entire trip rather than only the cruise. The policy should be checked carefully to understand what it covers, including medical expenses, cancellation, delays, lost luggage, and cruise-related issues. Everyone should have access to their insurance details and emergency contact information.

Before leaving the UK, everyone should check their passport. Passports need to meet the relevant entry requirements for the countries visited, and everyone should make sure their personal details match the bookings. We should also check any visa or travel authorisation requirements that apply to British or other passport holders in the group. Copies of important documents should be stored securely online as well as being available offline."
54,How can we make Mum's birthday feel special without making the itinerary too complicated?,How can we make Mum's birthday feel special without making the itinerary too complicated?,True,23,7,0.03007688828584351,3,0.8163042664527893,False,"The main plan is to celebrate Mum’s 60th birthday with a special family holiday combining a few days in Orlando with a Caribbean cruise. The idea is to make the entire trip feel like one large birthday celebration rather than treating the cruise and Orlando as two completely separate holidays. We will fly from the UK to Orlando, spend several days exploring the city and visiting some of the major tourist attractions, and then travel to the cruise port to board the ship. After boarding, we will spend several days enjoying the facilities on the cruise ship and visiting different destinations in Mexico and the Bahamas. Once the cruise is finished, we will return to Orlando or travel directly to the airport depending on the cruise schedule and our flight arrangements."
54,How can we make Mum's birthday feel special without making the itinerary too complicated?,How can we make Mum's birthday feel special without making the itinerary too complicated?,True,17,8,0.015625,,,False,"For her 60th birthday, she would love something thoughtful that feels a little special. She likes nice things such as perfume, jewellery, handbags, shoes, clothes and skincare, especially if they are good quality and something she probably wouldn’t buy for herself. Personal gifts would also mean a lot, such as a nice photo album, something personalised, or a gift that reminds her of her family and the memories they have shared.

She would also really enjoy being treated to something rather than just receiving a physical gift. A nice meal, afternoon tea, spa day, hotel stay or a short trip would all be lovely. She also enjoys Nigerian food and things that connect to her culture, so traditional clothing, food or something with a personal connection to her Nigerian heritage could be a great choice. Overall, the main thing is that it feels thoughtful and shows that some effort has gone into making her 60th birthday memorable."
54,How can we make Mum's birthday feel special without making the itinerary too complicated?,How can we make Mum's birthday feel special without making the itinerary too complicated?,True,7,9,0.015151515151515152,,,False,"The final itinerary should contain a day-by-day schedule with flights, accommodation, Orlando activities, transport, cruise information, port stops, excursions, birthday plans, and important contact information. However, it should not be so rigid that there is no room for spontaneous activities. The trip is ultimately a family celebration, so there should be plenty of time to relax, take photographs, enjoy meals together, and celebrate Mum's 60th birthday."
54,How can we make Mum's birthday feel special without making the itinerary too complicated?,How can we make Mum's birthday feel special without making the itinerary too complicated?,True,16,10,0.014925373134328358,5,0.765120267868042,False,"Weather could significantly affect both destinations. If heavy rain or storms are expected, outdoor excursions may need to be cancelled or replaced. We should avoid paying for non-refundable activities too far in advance unless the cancellation terms are reasonable. If a beach day is cancelled, the family can spend more time on the ship or choose a shorter indoor activity near the port.

For each port, we should create a simple plan containing the arrival time, all-aboard time, main activity, meeting point, transport arrangements, expected cost, and backup activity. This will make it easier for everyone to understand what is happening without requiring one person to organise everything on the day.

The overall aim is for the Mexico and Bahamas stops to complement the cruise rather than becoming stressful. Mexico can provide more opportunities for culture, food, and sightseeing, while the Bahamas can focus more on beaches and relaxation. Both destinations should give us plenty of opportunities to take photographs and create memories for Mum's birthday trip."
55,What should we consider when planning transport from the UK through Orlando and onto the cruise?,What should we consider when planning transport from the UK through Orlando and onto the cruise?,True,18,1,0.03225806451612903,2,0.8536326289176941,True,"We plan to spend approximately three or four days in Orlando before boarding the cruise. The exact number of days will depend on flight prices, the cruise departure time, and how much time we want to spend at the theme parks. The main purpose of the Orlando section is to experience some of the city's famous attractions while still allowing everyone enough time to recover from the international flight. We do not want the first day to be overloaded with activities because everyone may be tired after travelling from the UK.

On arrival in Orlando, the first priority will be getting from the airport to the hotel. We need to compare the cost and convenience of a rental car, hotel shuttle, taxi, and ride-sharing services. If we rent a car, we need to consider parking costs at the hotel and theme parks as well as fuel and insurance. If we do not rent a car, we should check how easy it will be to get to the different attractions from our hotel. Ideally, the hotel should be reasonably central for the activities we plan to do and should have good transport options."
55,What should we consider when planning transport from the UK through Orlando and onto the cruise?,What should we consider when planning transport from the UK through Orlando and onto the cruise?,True,4,2,0.031746031746031744,3,0.7663815021514893,True,"Transport needs to be planned for the entire holiday. The first journey will be from the airport to the Orlando hotel. We then need transport to Disney, Universal, restaurants, shopping areas, and eventually the cruise port. A rental car could provide flexibility but would introduce costs for the rental itself, fuel, parking, and insurance. Ride-sharing could be simpler for individual journeys, but multiple long journeys could become expensive. We should compare the estimated total cost of each option.

The cruise price should be broken down carefully. Some food and entertainment will probably be included, while speciality restaurants, premium drinks, certain activities, internet packages, excursions, and other services may cost extra. We should identify which optional costs are likely to apply to our family. A daily spending allowance for the cruise could help prevent unexpected expenses.

Excursions in Mexico and the Bahamas should have their own budget. Before booking, we should compare cruise excursions with independent tours and consider what is included in each price. An excursion advertised at a low price might exclude transportation, food, equipment, or entrance fees. We should calculate the full cost for the entire family before deciding."
55,What should we consider when planning transport from the UK through Orlando and onto the cruise?,What should we consider when planning transport from the UK through Orlando and onto the cruise?,True,23,3,0.03076923076923077,4,0.7323052883148193,False,"The main plan is to celebrate Mum’s 60th birthday with a special family holiday combining a few days in Orlando with a Caribbean cruise. The idea is to make the entire trip feel like one large birthday celebration rather than treating the cruise and Orlando as two completely separate holidays. We will fly from the UK to Orlando, spend several days exploring the city and visiting some of the major tourist attractions, and then travel to the cruise port to board the ship. After boarding, we will spend several days enjoying the facilities on the cruise ship and visiting different destinations in Mexico and the Bahamas. Once the cruise is finished, we will return to Orlando or travel directly to the airport depending on the cruise schedule and our flight arrangements."
55,What should we consider when planning transport from the UK through Orlando and onto the cruise?,What should we consider when planning transport from the UK through Orlando and onto the cruise?,True,2,4,0.030679156908665108,1,0.8649622201919556,False,"Planning the budget will be important because this holiday combines an international flight, several nights in Orlando, expensive theme park visits, a cruise, excursions, and a major birthday celebration. We should establish the approximate total budget before making too many optional bookings. The main costs will be flights, Orlando accommodation, transport, theme park tickets, cruise fares, food and drinks, excursions, travel insurance, birthday expenses, shopping, and general spending money.

Flights from the UK to Orlando will probably be one of the largest initial expenses. We should compare different airlines and flight times rather than looking only at the cheapest ticket. A cheaper flight that arrives at an inconvenient time could result in needing an additional hotel night or expensive transport. We should also consider baggage allowances because we will need luggage for both the Orlando part of the trip and the cruise. If the airline charges separately for checked bags, that should be included when comparing prices."
55,What should we consider when planning transport from the UK through Orlando and onto the cruise?,What should we consider when planning transport from the UK through Orlando and onto the cruise?,True,6,5,0.03007688828584351,5,0.7163977026939392,False,"A shared packing checklist should be created several weeks before departure. Important items will include passports, travel documents, phones, chargers, medication, comfortable shoes, swimwear, sun protection, appropriate clothing for the cruise, formal or smart clothing if required for dinner, and any birthday decorations that we decide to bring from home. We should avoid packing too much because there will be opportunities to shop in Orlando and potentially at the cruise destinations.

The final two weeks before the trip should be used for confirmation rather than major planning. Flights, hotels, cruise bookings, excursions, restaurant reservations, theme park tickets, and transport should all be checked. We should confirm the times and locations of any excursions and make sure everyone knows when they need to be ready.

A final family meeting could take place shortly before departure. During the meeting, we can review the full itinerary, confirm who is responsible for each booking, discuss the birthday surprise, and make sure everyone understands the plan. We should also agree on what to do if someone gets separated from the group or if a planned activity is cancelled."
55,What should we consider when planning transport from the UK through Orlando and onto the cruise?,What should we consider when planning transport from the UK through Orlando and onto the cruise?,True,26,6,0.029910714285714284,,,True,"The cruise will stop at destinations in Mexico and the Bahamas. We want to have a different type of experience at each destination instead of simply visiting the same type of beach every time. In Mexico, we are interested in local culture, food, sightseeing, and possibly a guided excursion. In the Bahamas, the preference is for a more relaxed beach-focused day, although people may also want to snorkel, swim, shop, or explore the local area. We need to check the exact port times before booking anything because cruise ships have strict departure times. If we book an independent excursion, we need to make sure there is plenty of time to return to the ship.

There are a large number of practical details that need to be organised before the holiday. Flights need to be booked, accommodation in Orlando needs to be confirmed, and transport from the airport to the hotel and then from Orlando to the cruise port needs to be arranged. We also need to confirm the cruise booking, check passport requirements, purchase appropriate travel insurance, and make sure everyone has access to the booking information. It would be useful to create a shared itinerary containing flights, hotel information, cruise details, excursions, restaurant bookings, and important telephone numbers."
55,What should we consider when planning transport from the UK through Orlando and onto the cruise?,What should we consider when planning transport from the UK through Orlando and onto the cruise?,True,7,7,0.02919863597612958,,,False,"The final itinerary should contain a day-by-day schedule with flights, accommodation, Orlando activities, transport, cruise information, port stops, excursions, birthday plans, and important contact information. However, it should not be so rigid that there is no room for spontaneous activities. The trip is ultimately a family celebration, so there should be plenty of time to relax, take photographs, enjoy meals together, and celebrate Mum's 60th birthday."
55,What should we consider when planning transport from the UK through Orlando and onto the cruise?,What should we consider when planning transport from the UK through Orlando and onto the cruise?,True,22,8,0.01639344262295082,,,True,"At the end of the Orlando stay, we need to travel to the cruise port. The exact port and departure time will determine when we need to leave the hotel. We should build in plenty of extra time because traffic around Orlando and the cruise port could cause delays. If we have rented a car, we need to arrange its return before boarding the ship. If we use a transfer service, the booking should be confirmed a few days beforehand. We should also make sure that all luggage is labelled correctly and that everyone has their cruise documents easily accessible.

The Orlando itinerary should therefore balance major attractions with rest. A possible structure would be arrival and relaxation on the first day, Disney on the second day, Universal on the third day, and shopping or a relaxed activity before travelling to the cruise port. However, this should remain flexible depending on flight times, ticket prices, weather, and how everyone feels. The goal is to arrive at the cruise feeling excited rather than exhausted."
55,What should we consider when planning transport from the UK through Orlando and onto the cruise?,What should we consider when planning transport from the UK through Orlando and onto the cruise?,True,27,9,0.015625,,,False,"The budget should be agreed before we start booking optional activities. The main expenses will include flights, Orlando accommodation, theme park tickets, transport, the cruise itself, food and drinks outside what is included in the cruise fare, excursions, shopping, travel insurance, and spending money. Mum's birthday celebration should have its own budget so that we can decide how much to spend on dinner, cake, decorations, and a present. Everyone should understand which costs are shared and which costs are personal. We should also keep some emergency money available in case transport costs more than expected or plans have to change.

The trip should be enjoyable for everyone, so the itinerary should not be completely packed. We should have a mixture of planned activities and free time. The most important things are spending time together, celebrating Mum's birthday, experiencing Orlando, enjoying the cruise, and making good memories as a family. Before the trip, we should hold a final planning meeting where everyone can review the itinerary, confirm their bookings, discuss what they want to do at each destination, and raise any concerns. A shared digital document or group chat could be used to keep everyone updated. The final itinerary should include all confirmed bookings as well as alternative options in case weather, transport problems, or other circumstances cause plans to change."
55,What should we consider when planning transport from the UK through Orlando and onto the cruise?,What should we consider when planning transport from the UK through Orlando and onto the cruise?,True,8,10,0.015151515151515152,,,False,"The cruise is the central part of the birthday holiday and will provide the main setting for the family celebration. After spending several days in Orlando, we will travel to the cruise port and board the ship. Before leaving Orlando, everyone should make sure they have their cruise documents, passports, medication if required, luggage, and any other important items. We should check the cruise company's boarding instructions carefully because there will be a specific arrival window and security process.

Once on board, everyone should take some time to explore the ship. The ship will probably have several restaurants, swimming pools, lounges, entertainment venues, shops, fitness facilities, and other activities. It would be useful to identify the main areas on the first day so that everyone knows where things are. We should also check the daily activity schedule because there may be events that require advance booking. Some activities will probably be included in the cruise fare, while others may have an additional cost."
56,How should Mexico and the Bahamas differ as part of the holiday?,How should Mexico and the Bahamas differ as part of the holiday?,True,13,1,0.03252247488101534,4,0.6726978421211243,True,"The cruise stops in Mexico and the Bahamas are an important part of the trip because they give the family opportunities to experience places outside the cruise ship. We want each destination to feel different and would prefer to have a rough plan before travelling. At the same time, we do not want every hour to be scheduled because part of the appeal of a cruise is being able to relax and decide what to do once we arrive.

The Mexico stop should focus more on sightseeing, culture, food, and experiencing the local area. The exact activities will depend on which Mexican port the cruise visits. One option would be to book an organised excursion through the cruise company. This could involve visiting historical sites, exploring the town, taking a guided tour, or visiting a beach resort. An organised excursion would make transport easier and would reduce the risk of having problems getting back to the ship before departure.

Another possibility in Mexico would be arranging an independent excursion. This could give us more flexibility and potentially cost less than a cruise-organised tour. However, we would need to research the transport carefully and make sure the excursion does not take us too far from the port. We should also check the cancellation policy in case the ship arrives late or weather affects the excursion."
56,How should Mexico and the Bahamas differ as part of the holiday?,How should Mexico and the Bahamas differ as part of the holiday?,True,26,2,0.031754032258064516,1,0.8345285654067993,True,"The cruise will stop at destinations in Mexico and the Bahamas. We want to have a different type of experience at each destination instead of simply visiting the same type of beach every time. In Mexico, we are interested in local culture, food, sightseeing, and possibly a guided excursion. In the Bahamas, the preference is for a more relaxed beach-focused day, although people may also want to snorkel, swim, shop, or explore the local area. We need to check the exact port times before booking anything because cruise ships have strict departure times. If we book an independent excursion, we need to make sure there is plenty of time to return to the ship.

There are a large number of practical details that need to be organised before the holiday. Flights need to be booked, accommodation in Orlando needs to be confirmed, and transport from the airport to the hotel and then from Orlando to the cruise port needs to be arranged. We also need to confirm the cruise booking, check passport requirements, purchase appropriate travel insurance, and make sure everyone has access to the booking information. It would be useful to create a shared itinerary containing flights, hotel information, cruise details, excursions, restaurant bookings, and important telephone numbers."
56,How should Mexico and the Bahamas differ as part of the holiday?,How should Mexico and the Bahamas differ as part of the holiday?,True,14,3,0.03149801587301587,3,0.6944897174835205,True,"Food is another priority in Mexico. We would like to try authentic Mexican food rather than spending the entire day eating at tourist restaurants. We could research a few well-reviewed restaurants near the port and identify some dishes that the family would like to try. We should take into account dietary requirements and make sure that everyone knows what ingredients are likely to be included in unfamiliar dishes.

The family should also decide whether they want to spend part of the Mexico day at the beach. A beach could provide an opportunity to relax after several busy days in Orlando and on the ship. However, if we choose a beach excursion, we need to consider transport, changing facilities, food, sun protection, and how long it takes to get back to the ship. We should avoid booking a beach that is so far from the port that there is a significant risk of missing departure.

The Bahamas stop should probably be more relaxed. One of the main ideas is to spend time at a beautiful beach, swim, and enjoy the warm weather. Some people may want to snorkel or participate in another water activity. Others may simply want to sit on the beach, have lunch, and take photographs. We should not make everyone participate in the same activity, particularly if some family members are not comfortable with swimming or water sports."
56,How should Mexico and the Bahamas differ as part of the holiday?,How should Mexico and the Bahamas differ as part of the holiday?,True,16,4,0.031099324975891997,2,0.8033130764961243,True,"Weather could significantly affect both destinations. If heavy rain or storms are expected, outdoor excursions may need to be cancelled or replaced. We should avoid paying for non-refundable activities too far in advance unless the cancellation terms are reasonable. If a beach day is cancelled, the family can spend more time on the ship or choose a shorter indoor activity near the port.

For each port, we should create a simple plan containing the arrival time, all-aboard time, main activity, meeting point, transport arrangements, expected cost, and backup activity. This will make it easier for everyone to understand what is happening without requiring one person to organise everything on the day.

The overall aim is for the Mexico and Bahamas stops to complement the cruise rather than becoming stressful. Mexico can provide more opportunities for culture, food, and sightseeing, while the Bahamas can focus more on beaches and relaxation. Both destinations should give us plenty of opportunities to take photographs and create memories for Mum's birthday trip."
56,How should Mexico and the Bahamas differ as part of the holiday?,How should Mexico and the Bahamas differ as part of the holiday?,True,23,5,0.03057889822595705,,,False,"The main plan is to celebrate Mum’s 60th birthday with a special family holiday combining a few days in Orlando with a Caribbean cruise. The idea is to make the entire trip feel like one large birthday celebration rather than treating the cruise and Orlando as two completely separate holidays. We will fly from the UK to Orlando, spend several days exploring the city and visiting some of the major tourist attractions, and then travel to the cruise port to board the ship. After boarding, we will spend several days enjoying the facilities on the cruise ship and visiting different destinations in Mexico and the Bahamas. Once the cruise is finished, we will return to Orlando or travel directly to the airport depending on the cruise schedule and our flight arrangements."
56,How should Mexico and the Bahamas differ as part of the holiday?,How should Mexico and the Bahamas differ as part of the holiday?,True,11,6,0.03007688828584351,5,0.5795199871063232,False,"The cruise stops in Mexico and the Bahamas will provide opportunities to leave the ship and explore the destinations. We need to keep track of the times when the ship is scheduled to arrive and depart. The ship will not wait for passengers who are late returning from an independent excursion, so we should always allow a substantial amount of extra time. For organised cruise excursions, the cruise company should provide instructions about when and where to meet.

We should also keep an eye on the weather. Weather could affect swimming, outdoor activities, and excursions. If the weather is poor, there should still be plenty to do on the ship, including restaurants, shows, indoor activities, and family games. The itinerary should therefore avoid relying too heavily on one particular activity.

The final evening of the cruise could be another opportunity for a family dinner and reflection on the trip. We could look through photographs taken during the holiday and choose some of the best ones to share with the family. Before leaving the ship, everyone should check their cabins carefully and make sure passports, phones, wallets, and other valuables are packed. Luggage arrangements should also be checked because cruise ships often require bags to be left outside the cabin before disembarkation."
56,How should Mexico and the Bahamas differ as part of the holiday?,How should Mexico and the Bahamas differ as part of the holiday?,True,4,7,0.03007688828584351,,,False,"Transport needs to be planned for the entire holiday. The first journey will be from the airport to the Orlando hotel. We then need transport to Disney, Universal, restaurants, shopping areas, and eventually the cruise port. A rental car could provide flexibility but would introduce costs for the rental itself, fuel, parking, and insurance. Ride-sharing could be simpler for individual journeys, but multiple long journeys could become expensive. We should compare the estimated total cost of each option.

The cruise price should be broken down carefully. Some food and entertainment will probably be included, while speciality restaurants, premium drinks, certain activities, internet packages, excursions, and other services may cost extra. We should identify which optional costs are likely to apply to our family. A daily spending allowance for the cruise could help prevent unexpected expenses.

Excursions in Mexico and the Bahamas should have their own budget. Before booking, we should compare cruise excursions with independent tours and consider what is included in each price. An excursion advertised at a low price might exclude transportation, food, equipment, or entrance fees. We should calculate the full cost for the entire family before deciding."
56,How should Mexico and the Bahamas differ as part of the holiday?,How should Mexico and the Bahamas differ as part of the holiday?,True,12,8,0.02877846790890269,,,False,"Overall, the cruise should combine relaxation, entertainment, family time, and the birthday celebration. The most important part is ensuring that Mum feels that the entire holiday has been organised around celebrating her 60th birthday while still allowing everyone else to enjoy the experience."
56,How should Mexico and the Bahamas differ as part of the holiday?,How should Mexico and the Bahamas differ as part of the holiday?,True,15,9,0.015384615384615385,,,False,"Shopping could also be included in the Bahamas itinerary. Depending on the port, there may be markets and shops selling souvenirs, clothing, jewellery, food, and other items. We should decide in advance whether shopping is a major priority or simply something we will do if there is time. It would be sensible to leave enough room in the budget for souvenirs because family members may want to buy gifts.

We should compare cruise-organised excursions with independent excursions before making a decision. Cruise excursions are often more expensive, but they may provide more structured transport and reassurance about returning to the ship. Independent excursions can provide greater flexibility, but the responsibility for getting back to the ship falls on us. The decision should therefore consider not only price but also the length of the excursion, distance from the port, cancellation policies, and the needs of the family.

Safety and comfort should be considered for every excursion. Everyone should carry the essentials but avoid taking unnecessary valuables ashore. We should have a meeting point near the port in case members of the group become separated. Everyone should also know the ship's name and departure time. It would be useful for everyone to have a copy or screenshot of the day's schedule."
56,How should Mexico and the Bahamas differ as part of the holiday?,How should Mexico and the Bahamas differ as part of the holiday?,True,2,10,0.015384615384615385,,,False,"Planning the budget will be important because this holiday combines an international flight, several nights in Orlando, expensive theme park visits, a cruise, excursions, and a major birthday celebration. We should establish the approximate total budget before making too many optional bookings. The main costs will be flights, Orlando accommodation, transport, theme park tickets, cruise fares, food and drinks, excursions, travel insurance, birthday expenses, shopping, and general spending money.

Flights from the UK to Orlando will probably be one of the largest initial expenses. We should compare different airlines and flight times rather than looking only at the cheapest ticket. A cheaper flight that arrives at an inconvenient time could result in needing an additional hotel night or expensive transport. We should also consider baggage allowances because we will need luggage for both the Orlando part of the trip and the cruise. If the airline charges separately for checked bags, that should be included when comparing prices."
57,How much will the entire holiday cost?,How much will the entire holiday cost?,False,4,1,0.03252247488101534,1,0.25122079253196716,False,"Transport needs to be planned for the entire holiday. The first journey will be from the airport to the Orlando hotel. We then need transport to Disney, Universal, restaurants, shopping areas, and eventually the cruise port. A rental car could provide flexibility but would introduce costs for the rental itself, fuel, parking, and insurance. Ride-sharing could be simpler for individual journeys, but multiple long journeys could become expensive. We should compare the estimated total cost of each option.

The cruise price should be broken down carefully. Some food and entertainment will probably be included, while speciality restaurants, premium drinks, certain activities, internet packages, excursions, and other services may cost extra. We should identify which optional costs are likely to apply to our family. A daily spending allowance for the cruise could help prevent unexpected expenses.

Excursions in Mexico and the Bahamas should have their own budget. Before booking, we should compare cruise excursions with independent tours and consider what is included in each price. An excursion advertised at a low price might exclude transportation, food, equipment, or entrance fees. We should calculate the full cost for the entire family before deciding."
57,How much will the entire holiday cost?,How much will the entire holiday cost?,False,27,2,0.03200204813108039,5,0.11311853677034378,False,"The budget should be agreed before we start booking optional activities. The main expenses will include flights, Orlando accommodation, theme park tickets, transport, the cruise itself, food and drinks outside what is included in the cruise fare, excursions, shopping, travel insurance, and spending money. Mum's birthday celebration should have its own budget so that we can decide how much to spend on dinner, cake, decorations, and a present. Everyone should understand which costs are shared and which costs are personal. We should also keep some emergency money available in case transport costs more than expected or plans have to change.

The trip should be enjoyable for everyone, so the itinerary should not be completely packed. We should have a mixture of planned activities and free time. The most important things are spending time together, celebrating Mum's birthday, experiencing Orlando, enjoying the cruise, and making good memories as a family. Before the trip, we should hold a final planning meeting where everyone can review the itinerary, confirm their bookings, discuss what they want to do at each destination, and raise any concerns. A shared digital document or group chat could be used to keep everyone updated. The final itinerary should include all confirmed bookings as well as alternative options in case weather, transport problems, or other circumstances cause plans to change."
57,How much will the entire holiday cost?,How much will the entire holiday cost?,False,2,3,0.03177805800756621,2,0.2110917717218399,False,"Planning the budget will be important because this holiday combines an international flight, several nights in Orlando, expensive theme park visits, a cruise, excursions, and a major birthday celebration. We should establish the approximate total budget before making too many optional bookings. The main costs will be flights, Orlando accommodation, transport, theme park tickets, cruise fares, food and drinks, excursions, travel insurance, birthday expenses, shopping, and general spending money.

Flights from the UK to Orlando will probably be one of the largest initial expenses. We should compare different airlines and flight times rather than looking only at the cheapest ticket. A cheaper flight that arrives at an inconvenient time could result in needing an additional hotel night or expensive transport. We should also consider baggage allowances because we will need luggage for both the Orlando part of the trip and the cruise. If the airline charges separately for checked bags, that should be included when comparing prices."
57,How much will the entire holiday cost?,How much will the entire holiday cost?,False,3,4,0.030117753623188408,,,False,"Accommodation in Orlando should be chosen based on location, price, facilities, and transport options. Staying closer to the theme parks could reduce travel time but may cost more. A hotel with a swimming pool and breakfast could be useful because it would give everyone somewhere to relax between activities. We should also check parking charges if we decide to rent a car. Resort fees and other additional hotel charges should be included in the final calculation rather than looking only at the advertised nightly rate.

Theme park tickets are another major expense. We need to decide which parks we are actually going to visit before buying tickets. Buying access to more parks than we can realistically visit would waste money. We should compare single-day tickets with multi-day or combination tickets and check whether there are any restrictions on dates. If we want to use express or fast-access options at Universal or similar services at Disney, these costs need to be added to the budget."
57,How much will the entire holiday cost?,How much will the entire holiday cost?,False,18,5,0.015873015873015872,,,False,"We plan to spend approximately three or four days in Orlando before boarding the cruise. The exact number of days will depend on flight prices, the cruise departure time, and how much time we want to spend at the theme parks. The main purpose of the Orlando section is to experience some of the city's famous attractions while still allowing everyone enough time to recover from the international flight. We do not want the first day to be overloaded with activities because everyone may be tired after travelling from the UK.

On arrival in Orlando, the first priority will be getting from the airport to the hotel. We need to compare the cost and convenience of a rental car, hotel shuttle, taxi, and ride-sharing services. If we rent a car, we need to consider parking costs at the hotel and theme parks as well as fuel and insurance. If we do not rent a car, we should check how easy it will be to get to the different attractions from our hotel. Ideally, the hotel should be reasonably central for the activities we plan to do and should have good transport options."
57,How much will the entire holiday cost?,How much will the entire holiday cost?,False,23,6,0.015625,,,False,"The main plan is to celebrate Mum’s 60th birthday with a special family holiday combining a few days in Orlando with a Caribbean cruise. The idea is to make the entire trip feel like one large birthday celebration rather than treating the cruise and Orlando as two completely separate holidays. We will fly from the UK to Orlando, spend several days exploring the city and visiting some of the major tourist attractions, and then travel to the cruise port to board the ship. After boarding, we will spend several days enjoying the facilities on the cruise ship and visiting different destinations in Mexico and the Bahamas. Once the cruise is finished, we will return to Orlando or travel directly to the airport depending on the cruise schedule and our flight arrangements."
57,How much will the entire holiday cost?,How much will the entire holiday cost?,False,5,7,0.015384615384615385,4,0.127359539270401,False,"Mum's birthday should have a separate budget. We could allocate money for a special dinner, birthday cake, decorations, flowers, a present, and potentially a professional photograph. We should decide whether the family will contribute equally or whether some expenses will be shared differently. It would be useful to agree on this before the trip so there are no misunderstandings.

Travel insurance should be purchased for the entire trip rather than only the cruise. The policy should be checked carefully to understand what it covers, including medical expenses, cancellation, delays, lost luggage, and cruise-related issues. Everyone should have access to their insurance details and emergency contact information.

Before leaving the UK, everyone should check their passport. Passports need to meet the relevant entry requirements for the countries visited, and everyone should make sure their personal details match the bookings. We should also check any visa or travel authorisation requirements that apply to British or other passport holders in the group. Copies of important documents should be stored securely online as well as being available offline."
57,How much will the entire holiday cost?,How much will the entire holiday cost?,False,15,8,0.015151515151515152,,,False,"Shopping could also be included in the Bahamas itinerary. Depending on the port, there may be markets and shops selling souvenirs, clothing, jewellery, food, and other items. We should decide in advance whether shopping is a major priority or simply something we will do if there is time. It would be sensible to leave enough room in the budget for souvenirs because family members may want to buy gifts.

We should compare cruise-organised excursions with independent excursions before making a decision. Cruise excursions are often more expensive, but they may provide more structured transport and reassurance about returning to the ship. Independent excursions can provide greater flexibility, but the responsibility for getting back to the ship falls on us. The decision should therefore consider not only price but also the length of the excursion, distance from the port, cancellation policies, and the needs of the family.

Safety and comfort should be considered for every excursion. Everyone should carry the essentials but avoid taking unnecessary valuables ashore. We should have a meeting point near the port in case members of the group become separated. Everyone should also know the ship's name and departure time. It would be useful for everyone to have a copy or screenshot of the day's schedule."
57,How much will the entire holiday cost?,How much will the entire holiday cost?,False,8,9,0.015151515151515152,,,False,"The cruise is the central part of the birthday holiday and will provide the main setting for the family celebration. After spending several days in Orlando, we will travel to the cruise port and board the ship. Before leaving Orlando, everyone should make sure they have their cruise documents, passports, medication if required, luggage, and any other important items. We should check the cruise company's boarding instructions carefully because there will be a specific arrival window and security process.

Once on board, everyone should take some time to explore the ship. The ship will probably have several restaurants, swimming pools, lounges, entertainment venues, shops, fitness facilities, and other activities. It would be useful to identify the main areas on the first day so that everyone knows where things are. We should also check the daily activity schedule because there may be events that require advance booking. Some activities will probably be included in the cruise fare, while others may have an additional cost."
57,How much will the entire holiday cost?,How much will the entire holiday cost?,False,12,10,0.014925373134328358,3,0.1305847316980362,False,"Overall, the cruise should combine relaxation, entertainment, family time, and the birthday celebration. The most important part is ensuring that Mum feels that the entire holiday has been organised around celebrating her 60th birthday while still allowing everyone else to enjoy the experience."
58,Which cruise ship are we taking?,Which cruise ship are we taking?,False,8,1,0.03225806451612903,2,0.38214197754859924,False,"The cruise is the central part of the birthday holiday and will provide the main setting for the family celebration. After spending several days in Orlando, we will travel to the cruise port and board the ship. Before leaving Orlando, everyone should make sure they have their cruise documents, passports, medication if required, luggage, and any other important items. We should check the cruise company's boarding instructions carefully because there will be a specific arrival window and security process.

Once on board, everyone should take some time to explore the ship. The ship will probably have several restaurants, swimming pools, lounges, entertainment venues, shops, fitness facilities, and other activities. It would be useful to identify the main areas on the first day so that everyone knows where things are. We should also check the daily activity schedule because there may be events that require advance booking. Some activities will probably be included in the cruise fare, while others may have an additional cost."
58,Which cruise ship are we taking?,Which cruise ship are we taking?,False,26,2,0.030886196246139225,3,0.2751070559024811,False,"The cruise will stop at destinations in Mexico and the Bahamas. We want to have a different type of experience at each destination instead of simply visiting the same type of beach every time. In Mexico, we are interested in local culture, food, sightseeing, and possibly a guided excursion. In the Bahamas, the preference is for a more relaxed beach-focused day, although people may also want to snorkel, swim, shop, or explore the local area. We need to check the exact port times before booking anything because cruise ships have strict departure times. If we book an independent excursion, we need to make sure there is plenty of time to return to the ship.

There are a large number of practical details that need to be organised before the holiday. Flights need to be booked, accommodation in Orlando needs to be confirmed, and transport from the airport to the hotel and then from Orlando to the cruise port needs to be arranged. We also need to confirm the cruise booking, check passport requirements, purchase appropriate travel insurance, and make sure everyone has access to the booking information. It would be useful to create a shared itinerary containing flights, hotel information, cruise details, excursions, restaurant bookings, and important telephone numbers."
58,Which cruise ship are we taking?,Which cruise ship are we taking?,False,10,3,0.030798389007344232,,,False,"Photography should also be an important part of the celebration. We should take family photographs throughout the cruise rather than relying entirely on one birthday photo. The ship is likely to have several scenic locations that would make good backgrounds, particularly in the evening. We could also arrange one more formal family photograph on the birthday itself. If the cruise company offers professional photography, we can consider whether the packages represent good value.

There should also be time for everyone to enjoy the cruise independently. Some family members may want to spend time around the swimming pool, while others might prefer the gym, live entertainment, bars, games, or other activities. It would be unrealistic to expect everyone to do everything together for the entire trip. We should identify a few activities that everyone wants to experience together and allow people to choose their own activities at other times.

The evenings could be used for entertainment. The ship may have live music, comedy, theatre shows, dancing, quizzes, and other performances. We should look at the daily schedule each morning and decide whether there are any shows that the whole family wants to attend. Some shows may require reservations, so these should be booked early. If Mum enjoys dancing or live music, one evening could be dedicated to going to one of the ship's entertainment venues together."
58,Which cruise ship are we taking?,Which cruise ship are we taking?,False,11,4,0.030776515151515152,4,0.2540140748023987,False,"The cruise stops in Mexico and the Bahamas will provide opportunities to leave the ship and explore the destinations. We need to keep track of the times when the ship is scheduled to arrive and depart. The ship will not wait for passengers who are late returning from an independent excursion, so we should always allow a substantial amount of extra time. For organised cruise excursions, the cruise company should provide instructions about when and where to meet.

We should also keep an eye on the weather. Weather could affect swimming, outdoor activities, and excursions. If the weather is poor, there should still be plenty to do on the ship, including restaurants, shows, indoor activities, and family games. The itinerary should therefore avoid relying too heavily on one particular activity.

The final evening of the cruise could be another opportunity for a family dinner and reflection on the trip. We could look through photographs taken during the holiday and choose some of the best ones to share with the family. Before leaving the ship, everyone should check their cabins carefully and make sure passports, phones, wallets, and other valuables are packed. Luggage arrangements should also be checked because cruise ships often require bags to be left outside the cabin before disembarkation."
58,Which cruise ship are we taking?,Which cruise ship are we taking?,False,23,5,0.03057889822595705,1,0.45318982005119324,False,"The main plan is to celebrate Mum’s 60th birthday with a special family holiday combining a few days in Orlando with a Caribbean cruise. The idea is to make the entire trip feel like one large birthday celebration rather than treating the cruise and Orlando as two completely separate holidays. We will fly from the UK to Orlando, spend several days exploring the city and visiting some of the major tourist attractions, and then travel to the cruise port to board the ship. After boarding, we will spend several days enjoying the facilities on the cruise ship and visiting different destinations in Mexico and the Bahamas. Once the cruise is finished, we will return to Orlando or travel directly to the airport depending on the cruise schedule and our flight arrangements."
58,Which cruise ship are we taking?,Which cruise ship are we taking?,False,25,6,0.029631255487269532,5,0.2438543736934662,False,"The cruise will be the centrepiece of the holiday. We want to spend plenty of time enjoying the ship rather than treating it simply as transportation between destinations. There should be several restaurants, swimming pools, entertainment venues, bars, live shows, and organised activities available. Some family members may want to spend time by the pool, while others may prefer to attend shows, use the gym, explore the ship, or participate in organised activities. We should look at the cruise schedule before travelling and identify activities that need to be booked in advance. It would also be useful to identify restaurants or experiences that have additional charges so that we can decide what is worth paying for.

Mum's 60th birthday needs to be the main focus of the trip. We want to arrange at least one proper birthday celebration, ideally on the cruise because the ship will provide a memorable setting. A special dinner with the whole family would be one possibility, followed by a birthday cake and drinks. We could also arrange decorations in the cabin or dining area and organise a surprise if the cruise company offers a birthday package. Another possibility would be to arrange a special excursion on or around her birthday, depending on where the ship is located that day. We should find out the exact birthday date in relation to the cruise itinerary before making any reservations."
58,Which cruise ship are we taking?,Which cruise ship are we taking?,False,13,7,0.01639344262295082,,,False,"The cruise stops in Mexico and the Bahamas are an important part of the trip because they give the family opportunities to experience places outside the cruise ship. We want each destination to feel different and would prefer to have a rough plan before travelling. At the same time, we do not want every hour to be scheduled because part of the appeal of a cruise is being able to relax and decide what to do once we arrive.

The Mexico stop should focus more on sightseeing, culture, food, and experiencing the local area. The exact activities will depend on which Mexican port the cruise visits. One option would be to book an organised excursion through the cruise company. This could involve visiting historical sites, exploring the town, taking a guided tour, or visiting a beach resort. An organised excursion would make transport easier and would reduce the risk of having problems getting back to the ship before departure.

Another possibility in Mexico would be arranging an independent excursion. This could give us more flexibility and potentially cost less than a cruise-organised tour. However, we would need to research the transport carefully and make sure the excursion does not take us too far from the port. We should also check the cancellation policy in case the ship arrives late or weather affects the excursion."
58,Which cruise ship are we taking?,Which cruise ship are we taking?,False,15,8,0.015625,,,False,"Shopping could also be included in the Bahamas itinerary. Depending on the port, there may be markets and shops selling souvenirs, clothing, jewellery, food, and other items. We should decide in advance whether shopping is a major priority or simply something we will do if there is time. It would be sensible to leave enough room in the budget for souvenirs because family members may want to buy gifts.

We should compare cruise-organised excursions with independent excursions before making a decision. Cruise excursions are often more expensive, but they may provide more structured transport and reassurance about returning to the ship. Independent excursions can provide greater flexibility, but the responsibility for getting back to the ship falls on us. The decision should therefore consider not only price but also the length of the excursion, distance from the port, cancellation policies, and the needs of the family.

Safety and comfort should be considered for every excursion. Everyone should carry the essentials but avoid taking unnecessary valuables ashore. We should have a meeting point near the port in case members of the group become separated. Everyone should also know the ship's name and departure time. It would be useful for everyone to have a copy or screenshot of the day's schedule."
58,Which cruise ship are we taking?,Which cruise ship are we taking?,False,4,9,0.015384615384615385,,,False,"Transport needs to be planned for the entire holiday. The first journey will be from the airport to the Orlando hotel. We then need transport to Disney, Universal, restaurants, shopping areas, and eventually the cruise port. A rental car could provide flexibility but would introduce costs for the rental itself, fuel, parking, and insurance. Ride-sharing could be simpler for individual journeys, but multiple long journeys could become expensive. We should compare the estimated total cost of each option.

The cruise price should be broken down carefully. Some food and entertainment will probably be included, while speciality restaurants, premium drinks, certain activities, internet packages, excursions, and other services may cost extra. We should identify which optional costs are likely to apply to our family. A daily spending allowance for the cruise could help prevent unexpected expenses.

Excursions in Mexico and the Bahamas should have their own budget. Before booking, we should compare cruise excursions with independent tours and consider what is included in each price. An excursion advertised at a low price might exclude transportation, food, equipment, or entrance fees. We should calculate the full cost for the entire family before deciding."
58,Which cruise ship are we taking?,Which cruise ship are we taking?,False,16,10,0.015384615384615385,,,False,"Weather could significantly affect both destinations. If heavy rain or storms are expected, outdoor excursions may need to be cancelled or replaced. We should avoid paying for non-refundable activities too far in advance unless the cancellation terms are reasonable. If a beach day is cancelled, the family can spend more time on the ship or choose a shorter indoor activity near the port.

For each port, we should create a simple plan containing the arrival time, all-aboard time, main activity, meeting point, transport arrangements, expected cost, and backup activity. This will make it easier for everyone to understand what is happening without requiring one person to organise everything on the day.

The overall aim is for the Mexico and Bahamas stops to complement the cruise rather than becoming stressful. Mexico can provide more opportunities for culture, food, and sightseeing, while the Bahamas can focus more on beaches and relaxation. Both destinations should give us plenty of opportunities to take photographs and create memories for Mum's birthday trip."
59,What exact dates are we travelling?,What exact dates are we travelling?,False,26,1,0.032018442622950824,5,0.11477493494749069,False,"The cruise will stop at destinations in Mexico and the Bahamas. We want to have a different type of experience at each destination instead of simply visiting the same type of beach every time. In Mexico, we are interested in local culture, food, sightseeing, and possibly a guided excursion. In the Bahamas, the preference is for a more relaxed beach-focused day, although people may also want to snorkel, swim, shop, or explore the local area. We need to check the exact port times before booking anything because cruise ships have strict departure times. If we book an independent excursion, we need to make sure there is plenty of time to return to the ship.

There are a large number of practical details that need to be organised before the holiday. Flights need to be booked, accommodation in Orlando needs to be confirmed, and transport from the airport to the hotel and then from Orlando to the cruise port needs to be arranged. We also need to confirm the cruise booking, check passport requirements, purchase appropriate travel insurance, and make sure everyone has access to the booking information. It would be useful to create a shared itinerary containing flights, hotel information, cruise details, excursions, restaurant bookings, and important telephone numbers."
59,What exact dates are we travelling?,What exact dates are we travelling?,False,22,2,0.031054405392392875,2,0.18853339552879333,False,"At the end of the Orlando stay, we need to travel to the cruise port. The exact port and departure time will determine when we need to leave the hotel. We should build in plenty of extra time because traffic around Orlando and the cruise port could cause delays. If we have rented a car, we need to arrange its return before boarding the ship. If we use a transfer service, the booking should be confirmed a few days beforehand. We should also make sure that all luggage is labelled correctly and that everyone has their cruise documents easily accessible.

The Orlando itinerary should therefore balance major attractions with rest. A possible structure would be arrival and relaxation on the first day, Disney on the second day, Universal on the third day, and shopping or a relaxed activity before travelling to the cruise port. However, this should remain flexible depending on flight times, ticket prices, weather, and how everyone feels. The goal is to arrive at the cruise feeling excited rather than exhausted."
59,What exact dates are we travelling?,What exact dates are we travelling?,False,6,3,0.0304147465437788,4,0.1271643191576004,False,"A shared packing checklist should be created several weeks before departure. Important items will include passports, travel documents, phones, chargers, medication, comfortable shoes, swimwear, sun protection, appropriate clothing for the cruise, formal or smart clothing if required for dinner, and any birthday decorations that we decide to bring from home. We should avoid packing too much because there will be opportunities to shop in Orlando and potentially at the cruise destinations.

The final two weeks before the trip should be used for confirmation rather than major planning. Flights, hotels, cruise bookings, excursions, restaurant reservations, theme park tickets, and transport should all be checked. We should confirm the times and locations of any excursions and make sure everyone knows when they need to be ready.

A final family meeting could take place shortly before departure. During the meeting, we can review the full itinerary, confirm who is responsible for each booking, discuss the birthday surprise, and make sure everyone understands the plan. We should also agree on what to do if someone gets separated from the group or if a planned activity is cancelled."
59,What exact dates are we travelling?,What exact dates are we travelling?,False,5,4,0.03007688828584351,,,False,"Mum's birthday should have a separate budget. We could allocate money for a special dinner, birthday cake, decorations, flowers, a present, and potentially a professional photograph. We should decide whether the family will contribute equally or whether some expenses will be shared differently. It would be useful to agree on this before the trip so there are no misunderstandings.

Travel insurance should be purchased for the entire trip rather than only the cruise. The policy should be checked carefully to understand what it covers, including medical expenses, cancellation, delays, lost luggage, and cruise-related issues. Everyone should have access to their insurance details and emergency contact information.

Before leaving the UK, everyone should check their passport. Passports need to meet the relevant entry requirements for the countries visited, and everyone should make sure their personal details match the bookings. We should also check any visa or travel authorisation requirements that apply to British or other passport holders in the group. Copies of important documents should be stored securely online as well as being available offline."
59,What exact dates are we travelling?,What exact dates are we travelling?,False,27,5,0.02919863597612958,,,False,"The budget should be agreed before we start booking optional activities. The main expenses will include flights, Orlando accommodation, theme park tickets, transport, the cruise itself, food and drinks outside what is included in the cruise fare, excursions, shopping, travel insurance, and spending money. Mum's birthday celebration should have its own budget so that we can decide how much to spend on dinner, cake, decorations, and a present. Everyone should understand which costs are shared and which costs are personal. We should also keep some emergency money available in case transport costs more than expected or plans have to change.

The trip should be enjoyable for everyone, so the itinerary should not be completely packed. We should have a mixture of planned activities and free time. The most important things are spending time together, celebrating Mum's birthday, experiencing Orlando, enjoying the cruise, and making good memories as a family. Before the trip, we should hold a final planning meeting where everyone can review the itinerary, confirm their bookings, discuss what they want to do at each destination, and raise any concerns. A shared digital document or group chat could be used to keep everyone updated. The final itinerary should include all confirmed bookings as well as alternative options in case weather, transport problems, or other circumstances cause plans to change."
59,What exact dates are we travelling?,What exact dates are we travelling?,False,25,6,0.01639344262295082,1,0.2348279356956482,False,"The cruise will be the centrepiece of the holiday. We want to spend plenty of time enjoying the ship rather than treating it simply as transportation between destinations. There should be several restaurants, swimming pools, entertainment venues, bars, live shows, and organised activities available. Some family members may want to spend time by the pool, while others may prefer to attend shows, use the gym, explore the ship, or participate in organised activities. We should look at the cruise schedule before travelling and identify activities that need to be booked in advance. It would also be useful to identify restaurants or experiences that have additional charges so that we can decide what is worth paying for.

Mum's 60th birthday needs to be the main focus of the trip. We want to arrange at least one proper birthday celebration, ideally on the cruise because the ship will provide a memorable setting. A special dinner with the whole family would be one possibility, followed by a birthday cake and drinks. We could also arrange decorations in the cabin or dining area and organise a surprise if the cruise company offers a birthday package. Another possibility would be to arrange a special excursion on or around her birthday, depending on where the ship is located that day. We should find out the exact birthday date in relation to the cruise itinerary before making any reservations."
59,What exact dates are we travelling?,What exact dates are we travelling?,False,7,7,0.015873015873015872,,,False,"The final itinerary should contain a day-by-day schedule with flights, accommodation, Orlando activities, transport, cruise information, port stops, excursions, birthday plans, and important contact information. However, it should not be so rigid that there is no room for spontaneous activities. The trip is ultimately a family celebration, so there should be plenty of time to relax, take photographs, enjoy meals together, and celebrate Mum's 60th birthday."
59,What exact dates are we travelling?,What exact dates are we travelling?,False,18,8,0.015873015873015872,3,0.18790671229362488,False,"We plan to spend approximately three or four days in Orlando before boarding the cruise. The exact number of days will depend on flight prices, the cruise departure time, and how much time we want to spend at the theme parks. The main purpose of the Orlando section is to experience some of the city's famous attractions while still allowing everyone enough time to recover from the international flight. We do not want the first day to be overloaded with activities because everyone may be tired after travelling from the UK.

On arrival in Orlando, the first priority will be getting from the airport to the hotel. We need to compare the cost and convenience of a rental car, hotel shuttle, taxi, and ride-sharing services. If we rent a car, we need to consider parking costs at the hotel and theme parks as well as fuel and insurance. If we do not rent a car, we should check how easy it will be to get to the different attractions from our hotel. Ideally, the hotel should be reasonably central for the activities we plan to do and should have good transport options."
59,What exact dates are we travelling?,What exact dates are we travelling?,False,16,9,0.015625,,,False,"Weather could significantly affect both destinations. If heavy rain or storms are expected, outdoor excursions may need to be cancelled or replaced. We should avoid paying for non-refundable activities too far in advance unless the cancellation terms are reasonable. If a beach day is cancelled, the family can spend more time on the ship or choose a shorter indoor activity near the port.

For each port, we should create a simple plan containing the arrival time, all-aboard time, main activity, meeting point, transport arrangements, expected cost, and backup activity. This will make it easier for everyone to understand what is happening without requiring one person to organise everything on the day.

The overall aim is for the Mexico and Bahamas stops to complement the cruise rather than becoming stressful. Mexico can provide more opportunities for culture, food, and sightseeing, while the Bahamas can focus more on beaches and relaxation. Both destinations should give us plenty of opportunities to take photographs and create memories for Mum's birthday trip."
59,What exact dates are we travelling?,What exact dates are we travelling?,False,11,10,0.015384615384615385,,,False,"The cruise stops in Mexico and the Bahamas will provide opportunities to leave the ship and explore the destinations. We need to keep track of the times when the ship is scheduled to arrive and depart. The ship will not wait for passengers who are late returning from an independent excursion, so we should always allow a substantial amount of extra time. For organised cruise excursions, the cruise company should provide instructions about when and where to meet.

We should also keep an eye on the weather. Weather could affect swimming, outdoor activities, and excursions. If the weather is poor, there should still be plenty to do on the ship, including restaurants, shows, indoor activities, and family games. The itinerary should therefore avoid relying too heavily on one particular activity.

The final evening of the cruise could be another opportunity for a family dinner and reflection on the trip. We could look through photographs taken during the holiday and choose some of the best ones to share with the family. Before leaving the ship, everyone should check their cabins carefully and make sure passports, phones, wallets, and other valuables are packed. Luggage arrangements should also be checked because cruise ships often require bags to be left outside the cabin before disembarkation."
60,Which airline should we book?,Which airline should we book?,False,26,1,0.03252247488101534,4,0.19346752762794495,False,"The cruise will stop at destinations in Mexico and the Bahamas. We want to have a different type of experience at each destination instead of simply visiting the same type of beach every time. In Mexico, we are interested in local culture, food, sightseeing, and possibly a guided excursion. In the Bahamas, the preference is for a more relaxed beach-focused day, although people may also want to snorkel, swim, shop, or explore the local area. We need to check the exact port times before booking anything because cruise ships have strict departure times. If we book an independent excursion, we need to make sure there is plenty of time to return to the ship.

There are a large number of practical details that need to be organised before the holiday. Flights need to be booked, accommodation in Orlando needs to be confirmed, and transport from the airport to the hotel and then from Orlando to the cruise port needs to be arranged. We also need to confirm the cruise booking, check passport requirements, purchase appropriate travel insurance, and make sure everyone has access to the booking information. It would be useful to create a shared itinerary containing flights, hotel information, cruise details, excursions, restaurant bookings, and important telephone numbers."
60,Which airline should we book?,Which airline should we book?,False,2,2,0.03177805800756621,1,0.3208218216896057,False,"Planning the budget will be important because this holiday combines an international flight, several nights in Orlando, expensive theme park visits, a cruise, excursions, and a major birthday celebration. We should establish the approximate total budget before making too many optional bookings. The main costs will be flights, Orlando accommodation, transport, theme park tickets, cruise fares, food and drinks, excursions, travel insurance, birthday expenses, shopping, and general spending money.

Flights from the UK to Orlando will probably be one of the largest initial expenses. We should compare different airlines and flight times rather than looking only at the cheapest ticket. A cheaper flight that arrives at an inconvenient time could result in needing an additional hotel night or expensive transport. We should also consider baggage allowances because we will need luggage for both the Orlando part of the trip and the cruise. If the airline charges separately for checked bags, that should be included when comparing prices."
60,Which airline should we book?,Which airline should we book?,False,6,3,0.031754032258064516,5,0.1810317486524582,False,"A shared packing checklist should be created several weeks before departure. Important items will include passports, travel documents, phones, chargers, medication, comfortable shoes, swimwear, sun protection, appropriate clothing for the cruise, formal or smart clothing if required for dinner, and any birthday decorations that we decide to bring from home. We should avoid packing too much because there will be opportunities to shop in Orlando and potentially at the cruise destinations.

The final two weeks before the trip should be used for confirmation rather than major planning. Flights, hotels, cruise bookings, excursions, restaurant reservations, theme park tickets, and transport should all be checked. We should confirm the times and locations of any excursions and make sure everyone knows when they need to be ready.

A final family meeting could take place shortly before departure. During the meeting, we can review the full itinerary, confirm who is responsible for each booking, discuss the birthday surprise, and make sure everyone understands the plan. We should also agree on what to do if someone gets separated from the group or if a planned activity is cancelled."
60,Which airline should we book?,Which airline should we book?,False,27,4,0.031024531024531024,2,0.2113846242427826,False,"The budget should be agreed before we start booking optional activities. The main expenses will include flights, Orlando accommodation, theme park tickets, transport, the cruise itself, food and drinks outside what is included in the cruise fare, excursions, shopping, travel insurance, and spending money. Mum's birthday celebration should have its own budget so that we can decide how much to spend on dinner, cake, decorations, and a present. Everyone should understand which costs are shared and which costs are personal. We should also keep some emergency money available in case transport costs more than expected or plans have to change.

The trip should be enjoyable for everyone, so the itinerary should not be completely packed. We should have a mixture of planned activities and free time. The most important things are spending time together, celebrating Mum's birthday, experiencing Orlando, enjoying the cruise, and making good memories as a family. Before the trip, we should hold a final planning meeting where everyone can review the itinerary, confirm their bookings, discuss what they want to do at each destination, and raise any concerns. A shared digital document or group chat could be used to keep everyone updated. The final itinerary should include all confirmed bookings as well as alternative options in case weather, transport problems, or other circumstances cause plans to change."
60,Which airline should we book?,Which airline should we book?,False,7,5,0.015873015873015872,,,False,"The final itinerary should contain a day-by-day schedule with flights, accommodation, Orlando activities, transport, cruise information, port stops, excursions, birthday plans, and important contact information. However, it should not be so rigid that there is no room for spontaneous activities. The trip is ultimately a family celebration, so there should be plenty of time to relax, take photographs, enjoy meals together, and celebrate Mum's 60th birthday."
60,Which airline should we book?,Which airline should we book?,False,19,6,0.015625,,,False,"The first evening should be relatively relaxed. After checking into the hotel, we could have dinner somewhere nearby and spend some time walking around the area or simply relaxing at the hotel. If everyone has enough energy, we could visit a shopping or entertainment area, but this should remain optional. We should avoid staying up too late because the next few days are likely to involve long periods at the theme parks. The first evening would also be a good opportunity to make sure everyone has their tickets, reservations, and transport arrangements ready.

One of the main priorities is visiting Walt Disney World. We need to decide which park we want to visit because there are several different Disney parks and it may not be realistic to visit all of them in one day. Magic Kingdom would provide the most traditional Disney experience, with the castle, classic attractions, and many of the characters and experiences people associate with Disney. EPCOT could be another option for the group because it combines rides with different international areas, restaurants, and cultural experiences. Hollywood Studios and Animal Kingdom are also possibilities, but trying to visit too many parks could make the day exhausting."
60,Which airline should we book?,Which airline should we book?,False,8,7,0.015384615384615385,,,False,"The cruise is the central part of the birthday holiday and will provide the main setting for the family celebration. After spending several days in Orlando, we will travel to the cruise port and board the ship. Before leaving Orlando, everyone should make sure they have their cruise documents, passports, medication if required, luggage, and any other important items. We should check the cruise company's boarding instructions carefully because there will be a specific arrival window and security process.

Once on board, everyone should take some time to explore the ship. The ship will probably have several restaurants, swimming pools, lounges, entertainment venues, shops, fitness facilities, and other activities. It would be useful to identify the main areas on the first day so that everyone knows where things are. We should also check the daily activity schedule because there may be events that require advance booking. Some activities will probably be included in the cruise fare, while others may have an additional cost."
60,Which airline should we book?,Which airline should we book?,False,10,8,0.015151515151515152,,,False,"Photography should also be an important part of the celebration. We should take family photographs throughout the cruise rather than relying entirely on one birthday photo. The ship is likely to have several scenic locations that would make good backgrounds, particularly in the evening. We could also arrange one more formal family photograph on the birthday itself. If the cruise company offers professional photography, we can consider whether the packages represent good value.

There should also be time for everyone to enjoy the cruise independently. Some family members may want to spend time around the swimming pool, while others might prefer the gym, live entertainment, bars, games, or other activities. It would be unrealistic to expect everyone to do everything together for the entire trip. We should identify a few activities that everyone wants to experience together and allow people to choose their own activities at other times.

The evenings could be used for entertainment. The ship may have live music, comedy, theatre shows, dancing, quizzes, and other performances. We should look at the daily schedule each morning and decide whether there are any shows that the whole family wants to attend. Some shows may require reservations, so these should be booked early. If Mum enjoys dancing or live music, one evening could be dedicated to going to one of the ship's entertainment venues together."
60,Which airline should we book?,Which airline should we book?,False,5,9,0.014925373134328358,3,0.19849920272827148,False,"Mum's birthday should have a separate budget. We could allocate money for a special dinner, birthday cake, decorations, flowers, a present, and potentially a professional photograph. We should decide whether the family will contribute equally or whether some expenses will be shared differently. It would be useful to agree on this before the trip so there are no misunderstandings.

Travel insurance should be purchased for the entire trip rather than only the cruise. The policy should be checked carefully to understand what it covers, including medical expenses, cancellation, delays, lost luggage, and cruise-related issues. Everyone should have access to their insurance details and emergency contact information.

Before leaving the UK, everyone should check their passport. Passports need to meet the relevant entry requirements for the countries visited, and everyone should make sure their personal details match the bookings. We should also check any visa or travel authorisation requirements that apply to British or other passport holders in the group. Copies of important documents should be stored securely online as well as being available offline."
60,Which airline should we book?,Which airline should we book?,False,13,10,0.014925373134328358,,,False,"The cruise stops in Mexico and the Bahamas are an important part of the trip because they give the family opportunities to experience places outside the cruise ship. We want each destination to feel different and would prefer to have a rough plan before travelling. At the same time, we do not want every hour to be scheduled because part of the appeal of a cruise is being able to relax and decide what to do once we arrive.

The Mexico stop should focus more on sightseeing, culture, food, and experiencing the local area. The exact activities will depend on which Mexican port the cruise visits. One option would be to book an organised excursion through the cruise company. This could involve visiting historical sites, exploring the town, taking a guided tour, or visiting a beach resort. An organised excursion would make transport easier and would reduce the risk of having problems getting back to the ship before departure.

Another possibility in Mexico would be arranging an independent excursion. This could give us more flexibility and potentially cost less than a cruise-organised tour. However, we would need to research the transport carefully and make sure the excursion does not take us too far from the port. We should also check the cancellation policy in case the ship arrives late or weather affects the excursion."
61,Which Orlando hotel should we stay at?,Which Orlando hotel should we stay at?,False,3,1,0.03252247488101534,1,0.6194487810134888,False,"Accommodation in Orlando should be chosen based on location, price, facilities, and transport options. Staying closer to the theme parks could reduce travel time but may cost more. A hotel with a swimming pool and breakfast could be useful because it would give everyone somewhere to relax between activities. We should also check parking charges if we decide to rent a car. Resort fees and other additional hotel charges should be included in the final calculation rather than looking only at the advertised nightly rate.

Theme park tickets are another major expense. We need to decide which parks we are actually going to visit before buying tickets. Buying access to more parks than we can realistically visit would waste money. We should compare single-day tickets with multi-day or combination tickets and check whether there are any restrictions on dates. If we want to use express or fast-access options at Universal or similar services at Disney, these costs need to be added to the budget."
61,Which Orlando hotel should we stay at?,Which Orlando hotel should we stay at?,False,22,2,0.032266458495966696,4,0.3241824209690094,False,"At the end of the Orlando stay, we need to travel to the cruise port. The exact port and departure time will determine when we need to leave the hotel. We should build in plenty of extra time because traffic around Orlando and the cruise port could cause delays. If we have rented a car, we need to arrange its return before boarding the ship. If we use a transfer service, the booking should be confirmed a few days beforehand. We should also make sure that all luggage is labelled correctly and that everyone has their cruise documents easily accessible.

The Orlando itinerary should therefore balance major attractions with rest. A possible structure would be arrival and relaxation on the first day, Disney on the second day, Universal on the third day, and shopping or a relaxed activity before travelling to the cruise port. However, this should remain flexible depending on flight times, ticket prices, weather, and how everyone feels. The goal is to arrive at the cruise feeling excited rather than exhausted."
61,Which Orlando hotel should we stay at?,Which Orlando hotel should we stay at?,False,18,3,0.03200204813108039,2,0.35763537883758545,False,"We plan to spend approximately three or four days in Orlando before boarding the cruise. The exact number of days will depend on flight prices, the cruise departure time, and how much time we want to spend at the theme parks. The main purpose of the Orlando section is to experience some of the city's famous attractions while still allowing everyone enough time to recover from the international flight. We do not want the first day to be overloaded with activities because everyone may be tired after travelling from the UK.

On arrival in Orlando, the first priority will be getting from the airport to the hotel. We need to compare the cost and convenience of a rental car, hotel shuttle, taxi, and ride-sharing services. If we rent a car, we need to consider parking costs at the hotel and theme parks as well as fuel and insurance. If we do not rent a car, we should check how easy it will be to get to the different attractions from our hotel. Ideally, the hotel should be reasonably central for the activities we plan to do and should have good transport options."
61,Which Orlando hotel should we stay at?,Which Orlando hotel should we stay at?,False,24,4,0.030776515151515152,3,0.35588735342025757,False,"The Orlando portion of the holiday will probably last around three or four days. We want to visit some of the biggest attractions without making the schedule so busy that everyone becomes exhausted before the cruise starts. Walt Disney World is one of the main priorities because Mum has always wanted to experience the Disney parks as part of a family trip. We also want to visit Universal Orlando, particularly because some members of the family are interested in the rides and attractions. We should leave at least one evening relatively free so that everyone can have dinner together and relax. Shopping may also be included, particularly if there are outlet malls close to our hotel. We need to decide whether renting a car is worthwhile or whether using taxis and ride-sharing services will be easier for a group of people."
61,Which Orlando hotel should we stay at?,Which Orlando hotel should we stay at?,False,2,5,0.03076923076923077,,,False,"Planning the budget will be important because this holiday combines an international flight, several nights in Orlando, expensive theme park visits, a cruise, excursions, and a major birthday celebration. We should establish the approximate total budget before making too many optional bookings. The main costs will be flights, Orlando accommodation, transport, theme park tickets, cruise fares, food and drinks, excursions, travel insurance, birthday expenses, shopping, and general spending money.

Flights from the UK to Orlando will probably be one of the largest initial expenses. We should compare different airlines and flight times rather than looking only at the cheapest ticket. A cheaper flight that arrives at an inconvenient time could result in needing an additional hotel night or expensive transport. We should also consider baggage allowances because we will need luggage for both the Orlando part of the trip and the cruise. If the airline charges separately for checked bags, that should be included when comparing prices."
61,Which Orlando hotel should we stay at?,Which Orlando hotel should we stay at?,False,19,6,0.029418126757516764,5,0.29266148805618286,False,"The first evening should be relatively relaxed. After checking into the hotel, we could have dinner somewhere nearby and spend some time walking around the area or simply relaxing at the hotel. If everyone has enough energy, we could visit a shopping or entertainment area, but this should remain optional. We should avoid staying up too late because the next few days are likely to involve long periods at the theme parks. The first evening would also be a good opportunity to make sure everyone has their tickets, reservations, and transport arrangements ready.

One of the main priorities is visiting Walt Disney World. We need to decide which park we want to visit because there are several different Disney parks and it may not be realistic to visit all of them in one day. Magic Kingdom would provide the most traditional Disney experience, with the castle, classic attractions, and many of the characters and experiences people associate with Disney. EPCOT could be another option for the group because it combines rides with different international areas, restaurants, and cultural experiences. Hollywood Studios and Animal Kingdom are also possibilities, but trying to visit too many parks could make the day exhausting."
61,Which Orlando hotel should we stay at?,Which Orlando hotel should we stay at?,False,26,7,0.015625,,,False,"The cruise will stop at destinations in Mexico and the Bahamas. We want to have a different type of experience at each destination instead of simply visiting the same type of beach every time. In Mexico, we are interested in local culture, food, sightseeing, and possibly a guided excursion. In the Bahamas, the preference is for a more relaxed beach-focused day, although people may also want to snorkel, swim, shop, or explore the local area. We need to check the exact port times before booking anything because cruise ships have strict departure times. If we book an independent excursion, we need to make sure there is plenty of time to return to the ship.

There are a large number of practical details that need to be organised before the holiday. Flights need to be booked, accommodation in Orlando needs to be confirmed, and transport from the airport to the hotel and then from Orlando to the cruise port needs to be arranged. We also need to confirm the cruise booking, check passport requirements, purchase appropriate travel insurance, and make sure everyone has access to the booking information. It would be useful to create a shared itinerary containing flights, hotel information, cruise details, excursions, restaurant bookings, and important telephone numbers."
61,Which Orlando hotel should we stay at?,Which Orlando hotel should we stay at?,False,23,8,0.015151515151515152,,,False,"The main plan is to celebrate Mum’s 60th birthday with a special family holiday combining a few days in Orlando with a Caribbean cruise. The idea is to make the entire trip feel like one large birthday celebration rather than treating the cruise and Orlando as two completely separate holidays. We will fly from the UK to Orlando, spend several days exploring the city and visiting some of the major tourist attractions, and then travel to the cruise port to board the ship. After boarding, we will spend several days enjoying the facilities on the cruise ship and visiting different destinations in Mexico and the Bahamas. Once the cruise is finished, we will return to Orlando or travel directly to the airport depending on the cruise schedule and our flight arrangements."
61,Which Orlando hotel should we stay at?,Which Orlando hotel should we stay at?,False,21,9,0.014925373134328358,,,False,"We should not schedule every minute of the Universal day. Theme parks can become tiring, especially when the weather is hot. The group should take breaks for food and drinks and make sure everyone is comfortable. Mum's birthday is the reason for the trip, so we should make sure the theme park schedule is enjoyable for her rather than focusing entirely on the biggest rides. If some people want to spend several hours on more intense rides, other members of the family could have a more relaxed activity planned at the same time.

Shopping is another possible Orlando activity. There are several large outlet shopping centres where the group could spend a few hours looking for clothes, shoes, gifts, and other items. Shopping should probably be scheduled for an afternoon or evening rather than replacing one of the major attractions. We should also remember that anything bought in Orlando will need to fit into our luggage for the remainder of the trip, particularly because we will have to transport our bags to the cruise.

Food will be an important part of the Orlando experience. We should try a mixture of American restaurants and local or international food rather than eating at the theme parks for every meal. One evening could be used for a nicer family dinner to begin the birthday celebrations. We should research restaurants in advance if we want a particular location or type of food because popular restaurants can become busy."
61,Which Orlando hotel should we stay at?,Which Orlando hotel should we stay at?,False,7,10,0.014705882352941176,,,False,"The final itinerary should contain a day-by-day schedule with flights, accommodation, Orlando activities, transport, cruise information, port stops, excursions, birthday plans, and important contact information. However, it should not be so rigid that there is no room for spontaneous activities. The trip is ultimately a family celebration, so there should be plenty of time to relax, take photographs, enjoy meals together, and celebrate Mum's 60th birthday."
62,What is the name of the cruise port?,What is the name of the cruise port?,False,22,1,0.03225806451612903,4,0.32856225967407227,False,"At the end of the Orlando stay, we need to travel to the cruise port. The exact port and departure time will determine when we need to leave the hotel. We should build in plenty of extra time because traffic around Orlando and the cruise port could cause delays. If we have rented a car, we need to arrange its return before boarding the ship. If we use a transfer service, the booking should be confirmed a few days beforehand. We should also make sure that all luggage is labelled correctly and that everyone has their cruise documents easily accessible.

The Orlando itinerary should therefore balance major attractions with rest. A possible structure would be arrival and relaxation on the first day, Disney on the second day, Universal on the third day, and shopping or a relaxed activity before travelling to the cruise port. However, this should remain flexible depending on flight times, ticket prices, weather, and how everyone feels. The goal is to arrive at the cruise feeling excited rather than exhausted."
62,What is the name of the cruise port?,What is the name of the cruise port?,False,26,2,0.032018442622950824,3,0.3395433723926544,False,"The cruise will stop at destinations in Mexico and the Bahamas. We want to have a different type of experience at each destination instead of simply visiting the same type of beach every time. In Mexico, we are interested in local culture, food, sightseeing, and possibly a guided excursion. In the Bahamas, the preference is for a more relaxed beach-focused day, although people may also want to snorkel, swim, shop, or explore the local area. We need to check the exact port times before booking anything because cruise ships have strict departure times. If we book an independent excursion, we need to make sure there is plenty of time to return to the ship.

There are a large number of practical details that need to be organised before the holiday. Flights need to be booked, accommodation in Orlando needs to be confirmed, and transport from the airport to the hotel and then from Orlando to the cruise port needs to be arranged. We also need to confirm the cruise booking, check passport requirements, purchase appropriate travel insurance, and make sure everyone has access to the booking information. It would be useful to create a shared itinerary containing flights, hotel information, cruise details, excursions, restaurant bookings, and important telephone numbers."
62,What is the name of the cruise port?,What is the name of the cruise port?,False,13,3,0.031746031746031744,,,False,"The cruise stops in Mexico and the Bahamas are an important part of the trip because they give the family opportunities to experience places outside the cruise ship. We want each destination to feel different and would prefer to have a rough plan before travelling. At the same time, we do not want every hour to be scheduled because part of the appeal of a cruise is being able to relax and decide what to do once we arrive.

The Mexico stop should focus more on sightseeing, culture, food, and experiencing the local area. The exact activities will depend on which Mexican port the cruise visits. One option would be to book an organised excursion through the cruise company. This could involve visiting historical sites, exploring the town, taking a guided tour, or visiting a beach resort. An organised excursion would make transport easier and would reduce the risk of having problems getting back to the ship before departure.

Another possibility in Mexico would be arranging an independent excursion. This could give us more flexibility and potentially cost less than a cruise-organised tour. However, we would need to research the transport carefully and make sure the excursion does not take us too far from the port. We should also check the cancellation policy in case the ship arrives late or weather affects the excursion."
62,What is the name of the cruise port?,What is the name of the cruise port?,False,23,4,0.031009615384615385,2,0.3398062586784363,False,"The main plan is to celebrate Mum’s 60th birthday with a special family holiday combining a few days in Orlando with a Caribbean cruise. The idea is to make the entire trip feel like one large birthday celebration rather than treating the cruise and Orlando as two completely separate holidays. We will fly from the UK to Orlando, spend several days exploring the city and visiting some of the major tourist attractions, and then travel to the cruise port to board the ship. After boarding, we will spend several days enjoying the facilities on the cruise ship and visiting different destinations in Mexico and the Bahamas. Once the cruise is finished, we will return to Orlando or travel directly to the airport depending on the cruise schedule and our flight arrangements."
62,What is the name of the cruise port?,What is the name of the cruise port?,False,16,5,0.030090497737556562,,,False,"Weather could significantly affect both destinations. If heavy rain or storms are expected, outdoor excursions may need to be cancelled or replaced. We should avoid paying for non-refundable activities too far in advance unless the cancellation terms are reasonable. If a beach day is cancelled, the family can spend more time on the ship or choose a shorter indoor activity near the port.

For each port, we should create a simple plan containing the arrival time, all-aboard time, main activity, meeting point, transport arrangements, expected cost, and backup activity. This will make it easier for everyone to understand what is happening without requiring one person to organise everything on the day.

The overall aim is for the Mexico and Bahamas stops to complement the cruise rather than becoming stressful. Mexico can provide more opportunities for culture, food, and sightseeing, while the Bahamas can focus more on beaches and relaxation. Both destinations should give us plenty of opportunities to take photographs and create memories for Mum's birthday trip."
62,What is the name of the cruise port?,What is the name of the cruise port?,False,4,6,0.03007688828584351,5,0.300776869058609,False,"Transport needs to be planned for the entire holiday. The first journey will be from the airport to the Orlando hotel. We then need transport to Disney, Universal, restaurants, shopping areas, and eventually the cruise port. A rental car could provide flexibility but would introduce costs for the rental itself, fuel, parking, and insurance. Ride-sharing could be simpler for individual journeys, but multiple long journeys could become expensive. We should compare the estimated total cost of each option.

The cruise price should be broken down carefully. Some food and entertainment will probably be included, while speciality restaurants, premium drinks, certain activities, internet packages, excursions, and other services may cost extra. We should identify which optional costs are likely to apply to our family. A daily spending allowance for the cruise could help prevent unexpected expenses.

Excursions in Mexico and the Bahamas should have their own budget. Before booking, we should compare cruise excursions with independent tours and consider what is included in each price. An excursion advertised at a low price might exclude transportation, food, equipment, or entrance fees. We should calculate the full cost for the entire family before deciding."
62,What is the name of the cruise port?,What is the name of the cruise port?,False,8,7,0.03007688828584351,1,0.42291030287742615,False,"The cruise is the central part of the birthday holiday and will provide the main setting for the family celebration. After spending several days in Orlando, we will travel to the cruise port and board the ship. Before leaving Orlando, everyone should make sure they have their cruise documents, passports, medication if required, luggage, and any other important items. We should check the cruise company's boarding instructions carefully because there will be a specific arrival window and security process.

Once on board, everyone should take some time to explore the ship. The ship will probably have several restaurants, swimming pools, lounges, entertainment venues, shops, fitness facilities, and other activities. It would be useful to identify the main areas on the first day so that everyone knows where things are. We should also check the daily activity schedule because there may be events that require advance booking. Some activities will probably be included in the cruise fare, while others may have an additional cost."
62,What is the name of the cruise port?,What is the name of the cruise port?,False,15,8,0.01639344262295082,,,False,"Shopping could also be included in the Bahamas itinerary. Depending on the port, there may be markets and shops selling souvenirs, clothing, jewellery, food, and other items. We should decide in advance whether shopping is a major priority or simply something we will do if there is time. It would be sensible to leave enough room in the budget for souvenirs because family members may want to buy gifts.

We should compare cruise-organised excursions with independent excursions before making a decision. Cruise excursions are often more expensive, but they may provide more structured transport and reassurance about returning to the ship. Independent excursions can provide greater flexibility, but the responsibility for getting back to the ship falls on us. The decision should therefore consider not only price but also the length of the excursion, distance from the port, cancellation policies, and the needs of the family.

Safety and comfort should be considered for every excursion. Everyone should carry the essentials but avoid taking unnecessary valuables ashore. We should have a meeting point near the port in case members of the group become separated. Everyone should also know the ship's name and departure time. It would be useful for everyone to have a copy or screenshot of the day's schedule."
62,What is the name of the cruise port?,What is the name of the cruise port?,False,18,9,0.014705882352941176,,,False,"We plan to spend approximately three or four days in Orlando before boarding the cruise. The exact number of days will depend on flight prices, the cruise departure time, and how much time we want to spend at the theme parks. The main purpose of the Orlando section is to experience some of the city's famous attractions while still allowing everyone enough time to recover from the international flight. We do not want the first day to be overloaded with activities because everyone may be tired after travelling from the UK.

On arrival in Orlando, the first priority will be getting from the airport to the hotel. We need to compare the cost and convenience of a rental car, hotel shuttle, taxi, and ride-sharing services. If we rent a car, we need to consider parking costs at the hotel and theme parks as well as fuel and insurance. If we do not rent a car, we should check how easy it will be to get to the different attractions from our hotel. Ideally, the hotel should be reasonably central for the activities we plan to do and should have good transport options."
62,What is the name of the cruise port?,What is the name of the cruise port?,False,25,10,0.014492753623188406,,,False,"The cruise will be the centrepiece of the holiday. We want to spend plenty of time enjoying the ship rather than treating it simply as transportation between destinations. There should be several restaurants, swimming pools, entertainment venues, bars, live shows, and organised activities available. Some family members may want to spend time by the pool, while others may prefer to attend shows, use the gym, explore the ship, or participate in organised activities. We should look at the cruise schedule before travelling and identify activities that need to be booked in advance. It would also be useful to identify restaurants or experiences that have additional charges so that we can decide what is worth paying for.

Mum's 60th birthday needs to be the main focus of the trip. We want to arrange at least one proper birthday celebration, ideally on the cruise because the ship will provide a memorable setting. A special dinner with the whole family would be one possibility, followed by a birthday cake and drinks. We could also arrange decorations in the cabin or dining area and organise a surprise if the cruise company offers a birthday package. Another possibility would be to arrange a special excursion on or around her birthday, depending on where the ship is located that day. We should find out the exact birthday date in relation to the cruise itinerary before making any reservations."
